timestamp,station,pm25,pm10,so2,no2,co,o3,data_source,is_simulated
2019-01-01 00:00:00+08:00,前门,49.0,67.0,14.0,72.0,1.3,7.0,Quotsoft/Beijing-monitoring-archive,False
2019-01-01 00:00:00+08:00,天坛,54.0,55.0,11.0,73.0,1.8,5.0,Quotsoft/Beijing-monitoring-archive,False
2019-01-01 00:00:00+08:00,永定门内,56.0,69.0,18.0,53.0,1.2,6.0,Quotsoft/Beijing-monitoring-archive,False
2019-01-01 01:00:00+08:00,前门,46.0,57.0,11.0,74.0,1.3,6.0,Quotsoft/Beijing-monitoring-archive,False
2019-01-01 01:00:00+08:00,天坛,48.0,56.0,9.0,72.0,1.8,5.0,Quotsoft/Beijing-monitoring-archive,False
2019-01-01 01:00:00+08:00,永定门内,54.0,69.0,16.0,52.0,1.1,6.0,Quotsoft/Beijing-monitoring-archive,False
2019-01-01 02:00:00+08:00,前门,47.0,64.0,9.0,76.0,1.2,3.0,Quotsoft/Beijing-monitoring-archive,False
2019-01-01 02:00:00+08:00,天坛,47.0,52.0,8.0,70.0,1.7,5.0,Quotsoft/Beijing-monitoring-archive,False
2019-01-01 02:00:00+08:00,永定门内,55.0,62.0,9.0,46.0,1.0,5.0,Quotsoft/Beijing-monitoring-archive,False
2019-01-01 03:00:00+08:00,前门,38.0,62.0,8.0,79.0,1.0,2.0,Quotsoft/Beijing-monitoring-archive,False
2019-01-01 03:00:00+08:00,天坛,50.0,59.0,8.0,72.0,1.6,5.0,Quotsoft/Beijing-monitoring-archive,False
2019-01-01 03:00:00+08:00,永定门内,52.0,64.0,8.0,50.0,0.9,5.0,Quotsoft/Beijing-monitoring-archive,False
2019-01-01 04:00:00+08:00,前门,47.0,56.0,8.0,80.0,1.3,,Quotsoft/Beijing-monitoring-archive,False
2019-01-01 04:00:00+08:00,天坛,47.0,56.0,8.0,74.0,1.5,5.0,Quotsoft/Beijing-monitoring-archive,False
2019-01-01 04:00:00+08:00,永定门内,48.0,57.0,7.0,51.0,0.9,,Quotsoft/Beijing-monitoring-archive,False
2019-01-01 05:00:00+08:00,前门,53.0,59.0,9.0,91.0,1.3,29.0,Quotsoft/Beijing-monitoring-archive,False
2019-01-01 05:00:00+08:00,天坛,46.0,59.0,7.0,74.0,1.4,5.0,Quotsoft/Beijing-monitoring-archive,False
2019-01-01 05:00:00+08:00,永定门内,50.0,57.0,7.0,50.0,0.9,1.0,Quotsoft/Beijing-monitoring-archive,False
2019-01-01 06:00:00+08:00,前门,48.0,69.0,8.0,87.0,1.2,31.0,Quotsoft/Beijing-monitoring-archive,False
2019-01-01 06:00:00+08:00,天坛,39.0,65.0,7.0,72.0,1.4,5.0,Quotsoft/Beijing-monitoring-archive,False
2019-01-01 06:00:00+08:00,永定门内,48.0,60.0,7.0,50.0,0.9,1.0,Quotsoft/Beijing-monitoring-archive,False
2019-01-01 07:00:00+08:00,前门,55.0,63.0,7.0,77.0,1.1,35.0,Quotsoft/Beijing-monitoring-archive,False
2019-01-01 07:00:00+08:00,天坛,43.0,64.0,7.0,68.0,1.4,5.0,Quotsoft/Beijing-monitoring-archive,False
2019-01-01 07:00:00+08:00,永定门内,54.0,63.0,8.0,58.0,1.0,1.0,Quotsoft/Beijing-monitoring-archive,False
2019-01-01 08:00:00+08:00,前门,55.0,64.0,7.0,74.0,1.2,38.0,Quotsoft/Beijing-monitoring-archive,False
2019-01-01 08:00:00+08:00,天坛,52.0,78.0,13.0,71.0,1.6,6.0,Quotsoft/Beijing-monitoring-archive,False
2019-01-01 08:00:00+08:00,永定门内,54.0,64.0,8.0,54.0,1.1,1.0,Quotsoft/Beijing-monitoring-archive,False
2019-01-01 09:00:00+08:00,前门,56.0,74.0,9.0,68.0,1.3,26.0,Quotsoft/Beijing-monitoring-archive,False
2019-01-01 09:00:00+08:00,天坛,55.0,86.0,20.0,66.0,1.7,8.0,Quotsoft/Beijing-monitoring-archive,False
2019-01-01 09:00:00+08:00,永定门内,55.0,72.0,13.0,44.0,1.1,3.0,Quotsoft/Beijing-monitoring-archive,False
2019-01-01 10:00:00+08:00,前门,52.0,,13.0,56.0,1.2,12.0,Quotsoft/Beijing-monitoring-archive,False
2019-01-01 10:00:00+08:00,天坛,51.0,72.0,22.0,51.0,1.6,14.0,Quotsoft/Beijing-monitoring-archive,False
2019-01-01 10:00:00+08:00,永定门内,51.0,58.0,18.0,30.0,1.0,10.0,Quotsoft/Beijing-monitoring-archive,False
2019-01-01 11:00:00+08:00,前门,38.0,,13.0,39.0,1.0,25.0,Quotsoft/Beijing-monitoring-archive,False
2019-01-01 11:00:00+08:00,天坛,38.0,71.0,20.0,36.0,1.3,26.0,Quotsoft/Beijing-monitoring-archive,False
2019-01-01 11:00:00+08:00,永定门内,39.0,48.0,18.0,23.0,0.8,22.0,Quotsoft/Beijing-monitoring-archive,False
2019-01-01 12:00:00+08:00,前门,24.0,,10.0,25.0,0.7,38.0,Quotsoft/Beijing-monitoring-archive,False
2019-01-01 12:00:00+08:00,天坛,23.0,57.0,16.0,20.0,0.9,44.0,Quotsoft/Beijing-monitoring-archive,False
2019-01-01 12:00:00+08:00,永定门内,27.0,39.0,16.0,12.0,0.6,38.0,Quotsoft/Beijing-monitoring-archive,False
2019-01-01 13:00:00+08:00,前门,15.0,18.0,8.0,20.0,0.6,45.0,Quotsoft/Beijing-monitoring-archive,False
2019-01-01 13:00:00+08:00,天坛,22.0,40.0,14.0,18.0,0.8,51.0,Quotsoft/Beijing-monitoring-archive,False
2019-01-01 13:00:00+08:00,永定门内,21.0,27.0,11.0,7.0,0.3,47.0,Quotsoft/Beijing-monitoring-archive,False
2019-01-01 14:00:00+08:00,前门,24.0,,7.0,20.0,0.6,48.0,Quotsoft/Beijing-monitoring-archive,False
2019-01-01 14:00:00+08:00,天坛,20.0,34.0,12.0,19.0,0.7,57.0,Quotsoft/Beijing-monitoring-archive,False
2019-01-01 14:00:00+08:00,永定门内,21.0,27.0,12.0,7.0,0.3,52.0,Quotsoft/Beijing-monitoring-archive,False
2019-01-01 15:00:00+08:00,前门,21.0,28.0,7.0,19.0,0.5,48.0,Quotsoft/Beijing-monitoring-archive,False
2019-01-01 15:00:00+08:00,天坛,17.0,35.0,11.0,22.0,0.7,56.0,Quotsoft/Beijing-monitoring-archive,False
2019-01-01 15:00:00+08:00,永定门内,18.0,32.0,12.0,8.0,0.3,54.0,Quotsoft/Beijing-monitoring-archive,False
2019-01-01 16:00:00+08:00,前门,13.0,25.0,6.0,21.0,0.5,47.0,Quotsoft/Beijing-monitoring-archive,False
2019-01-01 16:00:00+08:00,天坛,20.0,34.0,11.0,21.0,0.6,59.0,Quotsoft/Beijing-monitoring-archive,False
2019-01-01 16:00:00+08:00,永定门内,19.0,27.0,11.0,10.0,0.2,51.0,Quotsoft/Beijing-monitoring-archive,False
2019-01-01 17:00:00+08:00,前门,16.0,28.0,6.0,25.0,0.5,42.0,Quotsoft/Beijing-monitoring-archive,False
2019-01-01 17:00:00+08:00,天坛,17.0,,11.0,25.0,0.7,55.0,Quotsoft/Beijing-monitoring-archive,False
2019-01-01 17:00:00+08:00,永定门内,16.0,27.0,11.0,13.0,0.2,47.0,Quotsoft/Beijing-monitoring-archive,False
2019-01-01 18:00:00+08:00,前门,14.0,27.0,6.0,31.0,0.5,36.0,Quotsoft/Beijing-monitoring-archive,False
2019-01-01 18:00:00+08:00,天坛,14.0,34.0,11.0,36.0,0.7,43.0,Quotsoft/Beijing-monitoring-archive,False
2019-01-01 18:00:00+08:00,永定门内,25.0,36.0,11.0,30.0,0.3,23.0,Quotsoft/Beijing-monitoring-archive,False
2019-01-01 19:00:00+08:00,前门,81.0,,6.0,45.0,0.6,20.0,Quotsoft/Beijing-monitoring-archive,False
2019-01-01 19:00:00+08:00,天坛,19.0,36.0,10.0,50.0,0.8,27.0,Quotsoft/Beijing-monitoring-archive,False
2019-01-01 19:00:00+08:00,永定门内,22.0,33.0,11.0,35.0,0.3,21.0,Quotsoft/Beijing-monitoring-archive,False
2019-01-01 20:00:00+08:00,前门,28.0,,7.0,39.0,0.6,26.0,Quotsoft/Beijing-monitoring-archive,False
2019-01-01 20:00:00+08:00,天坛,23.0,36.0,13.0,47.0,0.9,32.0,Quotsoft/Beijing-monitoring-archive,False
2019-01-01 20:00:00+08:00,永定门内,23.0,32.0,11.0,34.0,0.4,19.0,Quotsoft/Beijing-monitoring-archive,False
2019-01-01 21:00:00+08:00,前门,25.0,25.0,8.0,44.0,0.6,21.0,Quotsoft/Beijing-monitoring-archive,False
2019-01-01 21:00:00+08:00,天坛,21.0,33.0,13.0,51.0,0.9,27.0,Quotsoft/Beijing-monitoring-archive,False
2019-01-01 21:00:00+08:00,永定门内,21.0,24.0,13.0,26.0,0.3,27.0,Quotsoft/Beijing-monitoring-archive,False
2019-01-01 22:00:00+08:00,前门,19.0,27.0,7.0,49.0,0.7,16.0,Quotsoft/Beijing-monitoring-archive,False
2019-01-01 22:00:00+08:00,天坛,17.0,34.0,12.0,54.0,0.9,21.0,Quotsoft/Beijing-monitoring-archive,False
2019-01-01 22:00:00+08:00,永定门内,20.0,27.0,10.0,34.0,0.3,15.0,Quotsoft/Beijing-monitoring-archive,False
2019-01-01 23:00:00+08:00,前门,18.0,26.0,7.0,51.0,0.7,14.0,Quotsoft/Beijing-monitoring-archive,False
2019-01-01 23:00:00+08:00,天坛,19.0,30.0,11.0,53.0,0.9,19.0,Quotsoft/Beijing-monitoring-archive,False
2019-01-01 23:00:00+08:00,永定门内,23.0,32.0,11.0,41.0,0.5,6.0,Quotsoft/Beijing-monitoring-archive,False
2019-01-02 00:00:00+08:00,前门,22.0,27.0,6.0,57.0,0.7,10.0,Quotsoft/Beijing-monitoring-archive,False
2019-01-02 00:00:00+08:00,天坛,17.0,31.0,9.0,53.0,0.9,17.0,Quotsoft/Beijing-monitoring-archive,False
2019-01-02 00:00:00+08:00,永定门内,20.0,27.0,9.0,42.0,0.5,4.0,Quotsoft/Beijing-monitoring-archive,False
2019-01-02 01:00:00+08:00,前门,19.0,28.0,6.0,59.0,0.8,9.0,Quotsoft/Beijing-monitoring-archive,False
2019-01-02 01:00:00+08:00,天坛,19.0,30.0,9.0,56.0,0.9,12.0,Quotsoft/Beijing-monitoring-archive,False
2019-01-02 01:00:00+08:00,永定门内,19.0,29.0,5.0,46.0,0.5,2.0,Quotsoft/Beijing-monitoring-archive,False
2019-01-02 02:00:00+08:00,前门,20.0,21.0,6.0,47.0,0.7,19.0,Quotsoft/Beijing-monitoring-archive,False
2019-01-02 02:00:00+08:00,天坛,17.0,32.0,9.0,54.0,0.9,14.0,Quotsoft/Beijing-monitoring-archive,False
2019-01-02 02:00:00+08:00,永定门内,22.0,24.0,3.0,43.0,0.5,7.0,Quotsoft/Beijing-monitoring-archive,False
2019-01-02 03:00:00+08:00,前门,18.0,22.0,6.0,38.0,0.6,27.0,Quotsoft/Beijing-monitoring-archive,False
2019-01-02 03:00:00+08:00,天坛,17.0,27.0,7.0,47.0,0.9,16.0,Quotsoft/Beijing-monitoring-archive,False
2019-01-02 03:00:00+08:00,永定门内,19.0,22.0,3.0,33.0,0.4,13.0,Quotsoft/Beijing-monitoring-archive,False
2019-01-02 04:00:00+08:00,前门,11.0,22.0,6.0,46.0,0.6,21.0,Quotsoft/Beijing-monitoring-archive,False
2019-01-02 04:00:00+08:00,天坛,17.0,23.0,8.0,44.0,0.9,18.0,Quotsoft/Beijing-monitoring-archive,False
2019-01-02 04:00:00+08:00,永定门内,18.0,19.0,3.0,37.0,0.4,8.0,Quotsoft/Beijing-monitoring-archive,False
2019-01-02 05:00:00+08:00,前门,15.0,,5.0,46.0,0.6,22.0,Quotsoft/Beijing-monitoring-archive,False
2019-01-02 05:00:00+08:00,天坛,16.0,22.0,8.0,43.0,0.9,20.0,Quotsoft/Beijing-monitoring-archive,False
2019-01-02 05:00:00+08:00,永定门内,19.0,,3.0,35.0,0.4,9.0,Quotsoft/Beijing-monitoring-archive,False
2019-01-02 06:00:00+08:00,前门,10.0,11.0,4.0,38.0,0.5,30.0,Quotsoft/Beijing-monitoring-archive,False
2019-01-02 06:00:00+08:00,天坛,9.0,17.0,6.0,47.0,0.8,17.0,Quotsoft/Beijing-monitoring-archive,False
2019-01-02 06:00:00+08:00,永定门内,12.0,12.0,3.0,30.0,0.3,17.0,Quotsoft/Beijing-monitoring-archive,False
2019-01-02 07:00:00+08:00,前门,14.0,,4.0,44.0,0.5,26.0,Quotsoft/Beijing-monitoring-archive,False
2019-01-02 07:00:00+08:00,天坛,11.0,23.0,6.0,48.0,0.8,16.0,Quotsoft/Beijing-monitoring-archive,False
2019-01-02 07:00:00+08:00,永定门内,10.0,14.0,3.0,37.0,0.3,10.0,Quotsoft/Beijing-monitoring-archive,False
2019-01-02 08:00:00+08:00,前门,13.0,19.0,3.0,53.0,0.5,19.0,Quotsoft/Beijing-monitoring-archive,False
2019-01-02 08:00:00+08:00,天坛,9.0,29.0,6.0,61.0,0.9,8.0,Quotsoft/Beijing-monitoring-archive,False
2019-01-02 08:00:00+08:00,永定门内,11.0,21.0,3.0,39.0,0.5,7.0,Quotsoft/Beijing-monitoring-archive,False
2019-01-02 09:00:00+08:00,前门,12.0,19.0,4.0,53.0,0.6,20.0,Quotsoft/Beijing-monitoring-archive,False
2019-01-02 09:00:00+08:00,天坛,8.0,38.0,7.0,58.0,1.0,12.0,Quotsoft/Beijing-monitoring-archive,False
2019-01-02 09:00:00+08:00,永定门内,14.0,25.0,3.0,42.0,0.5,9.0,Quotsoft/Beijing-monitoring-archive,False
2019-01-02 10:00:00+08:00,前门,9.0,24.0,6.0,47.0,0.9,27.0,Quotsoft/Beijing-monitoring-archive,False
2019-01-02 10:00:00+08:00,天坛,18.0,29.0,12.0,42.0,1.0,33.0,Quotsoft/Beijing-monitoring-archive,False
2019-01-02 10:00:00+08:00,永定门内,18.0,28.0,1.0,32.0,0.6,21.0,Quotsoft/Beijing-monitoring-archive,False
2019-01-02 11:00:00+08:00,前门,18.0,19.0,8.0,42.0,0.8,31.0,Quotsoft/Beijing-monitoring-archive,False
2019-01-02 11:00:00+08:00,天坛,24.0,35.0,13.0,44.0,1.2,32.0,Quotsoft/Beijing-monitoring-archive,False
2019-01-02 11:00:00+08:00,永定门内,23.0,32.0,8.0,31.0,0.7,23.0,Quotsoft/Beijing-monitoring-archive,False
2019-01-02 12:00:00+08:00,前门,29.0,,12.0,36.0,0.8,36.0,Quotsoft/Beijing-monitoring-archive,False
2019-01-02 12:00:00+08:00,天坛,28.0,37.0,16.0,42.0,1.1,36.0,Quotsoft/Beijing-monitoring-archive,False
2019-01-02 12:00:00+08:00,永定门内,28.0,33.0,10.0,25.0,0.7,31.0,Quotsoft/Beijing-monitoring-archive,False
2019-01-02 13:00:00+08:00,前门,76.0,,12.0,44.0,0.9,31.0,Quotsoft/Beijing-monitoring-archive,False
2019-01-02 13:00:00+08:00,天坛,38.0,44.0,17.0,47.0,1.3,35.0,Quotsoft/Beijing-monitoring-archive,False
2019-01-02 13:00:00+08:00,永定门内,35.0,42.0,10.0,33.0,0.7,26.0,Quotsoft/Beijing-monitoring-archive,False
2019-01-02 14:00:00+08:00,前门,47.0,54.0,12.0,57.0,1.0,21.0,Quotsoft/Beijing-monitoring-archive,False
2019-01-02 14:00:00+08:00,天坛,49.0,58.0,18.0,55.0,1.3,30.0,Quotsoft/Beijing-monitoring-archive,False
2019-01-02 14:00:00+08:00,永定门内,47.0,54.0,12.0,37.0,0.7,22.0,Quotsoft/Beijing-monitoring-archive,False
2019-01-02 15:00:00+08:00,前门,49.0,66.0,13.0,58.0,1.0,17.0,Quotsoft/Beijing-monitoring-archive,False
2019-01-02 15:00:00+08:00,天坛,56.0,73.0,19.0,61.0,1.2,27.0,Quotsoft/Beijing-monitoring-archive,False
2019-01-02 15:00:00+08:00,永定门内,48.0,85.0,21.0,,0.5,20.0,Quotsoft/Beijing-monitoring-archive,False
2019-01-02 16:00:00+08:00,前门,56.0,88.0,13.0,73.0,1.0,7.0,Quotsoft/Beijing-monitoring-archive,False
2019-01-02 16:00:00+08:00,天坛,56.0,92.0,19.0,79.0,1.4,14.0,Quotsoft/Beijing-monitoring-archive,False
2019-01-02 16:00:00+08:00,永定门内,61.0,90.0,22.0,,0.6,9.0,Quotsoft/Beijing-monitoring-archive,False
2019-01-02 17:00:00+08:00,前门,68.0,95.0,13.0,79.0,1.1,1.0,Quotsoft/Beijing-monitoring-archive,False
2019-01-02 17:00:00+08:00,天坛,71.0,77.0,19.0,82.0,1.4,10.0,Quotsoft/Beijing-monitoring-archive,False
2019-01-02 17:00:00+08:00,永定门内,71.0,96.0,22.0,,0.8,4.0,Quotsoft/Beijing-monitoring-archive,False
2019-01-02 18:00:00+08:00,前门,81.0,104.0,14.0,85.0,1.4,2.0,Quotsoft/Beijing-monitoring-archive,False
2019-01-02 18:00:00+08:00,天坛,71.0,98.0,15.0,85.0,1.4,5.0,Quotsoft/Beijing-monitoring-archive,False
2019-01-02 18:00:00+08:00,永定门内,79.0,99.0,21.0,,1.0,1.0,Quotsoft/Beijing-monitoring-archive,False
2019-01-02 19:00:00+08:00,前门,99.0,115.0,15.0,92.0,1.5,2.0,Quotsoft/Beijing-monitoring-archive,False
2019-01-02 19:00:00+08:00,天坛,78.0,98.0,14.0,87.0,1.6,5.0,Quotsoft/Beijing-monitoring-archive,False
2019-01-02 19:00:00+08:00,永定门内,112.0,135.0,21.0,,1.3,1.0,Quotsoft/Beijing-monitoring-archive,False
2019-01-02 20:00:00+08:00,前门,141.0,157.0,19.0,99.0,1.8,2.0,Quotsoft/Beijing-monitoring-archive,False
2019-01-02 20:00:00+08:00,天坛,104.0,111.0,13.0,88.0,1.8,5.0,Quotsoft/Beijing-monitoring-archive,False
2019-01-02 20:00:00+08:00,永定门内,138.0,160.0,23.0,1.0,1.6,1.0,Quotsoft/Beijing-monitoring-archive,False
2019-01-02 21:00:00+08:00,前门,192.0,200.0,23.0,108.0,2.3,2.0,Quotsoft/Beijing-monitoring-archive,False
2019-01-02 21:00:00+08:00,天坛,151.0,157.0,14.0,100.0,2.5,6.0,Quotsoft/Beijing-monitoring-archive,False
2019-01-02 21:00:00+08:00,永定门内,187.0,191.0,28.0,2.0,2.0,1.0,Quotsoft/Beijing-monitoring-archive,False
2019-01-02 22:00:00+08:00,前门,212.0,,22.0,111.0,2.5,2.0,Quotsoft/Beijing-monitoring-archive,False
2019-01-02 22:00:00+08:00,天坛,195.0,199.0,17.0,110.0,3.1,6.0,Quotsoft/Beijing-monitoring-archive,False
2019-01-02 22:00:00+08:00,永定门内,205.0,,29.0,2.0,2.2,1.0,Quotsoft/Beijing-monitoring-archive,False
2019-01-02 23:00:00+08:00,前门,210.0,,22.0,111.0,2.6,2.0,Quotsoft/Beijing-monitoring-archive,False
2019-01-02 23:00:00+08:00,天坛,211.0,212.0,16.0,109.0,3.3,6.0,Quotsoft/Beijing-monitoring-archive,False
2019-01-02 23:00:00+08:00,永定门内,213.0,,27.0,2.0,2.4,1.0,Quotsoft/Beijing-monitoring-archive,False
2019-01-03 00:00:00+08:00,前门,219.0,,28.0,113.0,2.7,2.0,Quotsoft/Beijing-monitoring-archive,False
2019-01-03 00:00:00+08:00,天坛,218.0,219.0,19.0,105.0,3.5,6.0,Quotsoft/Beijing-monitoring-archive,False
2019-01-03 00:00:00+08:00,永定门内,223.0,,32.0,1.0,2.5,1.0,Quotsoft/Beijing-monitoring-archive,False
2019-01-03 01:00:00+08:00,前门,224.0,,33.0,117.0,2.8,2.0,Quotsoft/Beijing-monitoring-archive,False
2019-01-03 01:00:00+08:00,天坛,229.0,,23.0,103.0,3.5,6.0,Quotsoft/Beijing-monitoring-archive,False
2019-01-03 01:00:00+08:00,永定门内,235.0,,48.0,2.0,2.4,1.0,Quotsoft/Beijing-monitoring-archive,False
2019-01-03 02:00:00+08:00,前门,234.0,,21.0,121.0,2.8,,Quotsoft/Beijing-monitoring-archive,False
2019-01-03 02:00:00+08:00,天坛,,,,,,,Quotsoft/Beijing-monitoring-archive,False
2019-01-03 02:00:00+08:00,永定门内,237.0,,26.0,2.0,2.3,1.0,Quotsoft/Beijing-monitoring-archive,False
2019-01-03 03:00:00+08:00,前门,234.0,,20.0,122.0,2.6,,Quotsoft/Beijing-monitoring-archive,False
2019-01-03 03:00:00+08:00,天坛,226.0,,15.0,107.0,3.6,6.0,Quotsoft/Beijing-monitoring-archive,False
2019-01-03 03:00:00+08:00,永定门内,232.0,,24.0,2.0,2.3,1.0,Quotsoft/Beijing-monitoring-archive,False
2019-01-03 04:00:00+08:00,前门,228.0,,19.0,127.0,2.6,,Quotsoft/Beijing-monitoring-archive,False
2019-01-03 04:00:00+08:00,天坛,227.0,,12.0,104.0,3.5,6.0,Quotsoft/Beijing-monitoring-archive,False
2019-01-03 04:00:00+08:00,永定门内,220.0,,14.0,2.0,2.4,,Quotsoft/Beijing-monitoring-archive,False
2019-01-03 05:00:00+08:00,前门,174.0,,15.0,123.0,2.3,16.0,Quotsoft/Beijing-monitoring-archive,False
2019-01-03 05:00:00+08:00,天坛,217.0,,10.0,106.0,3.4,6.0,Quotsoft/Beijing-monitoring-archive,False
2019-01-03 05:00:00+08:00,永定门内,211.0,,11.0,2.0,2.3,2.0,Quotsoft/Beijing-monitoring-archive,False
2019-01-03 06:00:00+08:00,前门,96.0,,12.0,119.0,2.1,15.0,Quotsoft/Beijing-monitoring-archive,False
2019-01-03 06:00:00+08:00,天坛,,,,,,,Quotsoft/Beijing-monitoring-archive,False
2019-01-03 06:00:00+08:00,永定门内,130.0,,13.0,2.0,2.0,2.0,Quotsoft/Beijing-monitoring-archive,False
2019-01-03 07:00:00+08:00,前门,72.0,,10.0,111.0,2.0,17.0,Quotsoft/Beijing-monitoring-archive,False
2019-01-03 07:00:00+08:00,天坛,70.0,82.0,18.0,88.0,2.4,6.0,Quotsoft/Beijing-monitoring-archive,False
2019-01-03 07:00:00+08:00,永定门内,75.0,,13.0,2.0,1.7,2.0,Quotsoft/Beijing-monitoring-archive,False
2019-01-03 08:00:00+08:00,前门,59.0,60.0,9.0,102.0,1.7,20.0,Quotsoft/Beijing-monitoring-archive,False
2019-01-03 08:00:00+08:00,天坛,67.0,77.0,10.0,77.0,2.3,5.0,Quotsoft/Beijing-monitoring-archive,False
2019-01-03 08:00:00+08:00,永定门内,66.0,67.0,13.0,2.0,1.7,2.0,Quotsoft/Beijing-monitoring-archive,False
2019-01-03 09:00:00+08:00,前门,64.0,69.0,12.0,91.0,1.5,26.0,Quotsoft/Beijing-monitoring-archive,False
2019-01-03 09:00:00+08:00,天坛,69.0,99.0,12.0,72.0,2.1,6.0,Quotsoft/Beijing-monitoring-archive,False
2019-01-03 09:00:00+08:00,永定门内,67.0,72.0,16.0,2.0,1.3,2.0,Quotsoft/Beijing-monitoring-archive,False
2019-01-03 10:00:00+08:00,前门,66.0,,15.0,91.0,1.6,28.0,Quotsoft/Beijing-monitoring-archive,False
2019-01-03 10:00:00+08:00,天坛,76.0,94.0,25.0,82.0,2.2,8.0,Quotsoft/Beijing-monitoring-archive,False
2019-01-03 10:00:00+08:00,永定门内,71.0,77.0,19.0,2.0,1.5,2.0,Quotsoft/Beijing-monitoring-archive,False
2019-01-03 11:00:00+08:00,前门,75.0,,16.0,84.0,1.5,34.0,Quotsoft/Beijing-monitoring-archive,False
2019-01-03 11:00:00+08:00,天坛,96.0,115.0,27.0,83.0,2.2,11.0,Quotsoft/Beijing-monitoring-archive,False
2019-01-03 11:00:00+08:00,永定门内,80.0,83.0,22.0,2.0,1.4,2.0,Quotsoft/Beijing-monitoring-archive,False
2019-01-03 12:00:00+08:00,前门,101.0,,19.0,88.0,1.7,34.0,Quotsoft/Beijing-monitoring-archive,False
2019-01-03 12:00:00+08:00,天坛,108.0,118.0,28.0,87.0,2.3,13.0,Quotsoft/Beijing-monitoring-archive,False
2019-01-03 12:00:00+08:00,永定门内,99.0,102.0,24.0,2.0,1.5,4.0,Quotsoft/Beijing-monitoring-archive,False
2019-01-03 13:00:00+08:00,前门,124.0,,24.0,96.0,2.0,33.0,Quotsoft/Beijing-monitoring-archive,False
2019-01-03 13:00:00+08:00,天坛,133.0,139.0,33.0,93.0,2.5,15.0,Quotsoft/Beijing-monitoring-archive,False
2019-01-03 13:00:00+08:00,永定门内,116.0,124.0,29.0,,1.7,,Quotsoft/Beijing-monitoring-archive,False
2019-01-03 14:00:00+08:00,前门,145.0,,26.0,93.0,1.9,38.0,Quotsoft/Beijing-monitoring-archive,False
2019-01-03 14:00:00+08:00,天坛,138.0,141.0,34.0,95.0,2.6,14.0,Quotsoft/Beijing-monitoring-archive,False
2019-01-03 14:00:00+08:00,永定门内,136.0,138.0,34.0,,1.5,,Quotsoft/Beijing-monitoring-archive,False
2019-01-03 15:00:00+08:00,前门,145.0,,25.0,95.0,1.9,36.0,Quotsoft/Beijing-monitoring-archive,False
2019-01-03 15:00:00+08:00,天坛,141.0,,,,,,Quotsoft/Beijing-monitoring-archive,False
2019-01-03 15:00:00+08:00,永定门内,136.0,,33.0,,1.5,6.0,Quotsoft/Beijing-monitoring-archive,False
2019-01-03 16:00:00+08:00,前门,153.0,,25.0,101.0,2.0,33.0,Quotsoft/Beijing-monitoring-archive,False
2019-01-03 16:00:00+08:00,天坛,131.0,,,,,,Quotsoft/Beijing-monitoring-archive,False
2019-01-03 16:00:00+08:00,永定门内,146.0,,31.0,,1.7,2.0,Quotsoft/Beijing-monitoring-archive,False
2019-01-03 17:00:00+08:00,前门,165.0,,22.0,107.0,2.1,27.0,Quotsoft/Beijing-monitoring-archive,False
2019-01-03 17:00:00+08:00,天坛,141.0,147.0,21.0,99.0,2.2,7.0,Quotsoft/Beijing-monitoring-archive,False
2019-01-03 17:00:00+08:00,永定门内,156.0,,27.0,103.0,2.0,2.0,Quotsoft/Beijing-monitoring-archive,False
2019-01-03 18:00:00+08:00,前门,156.0,,18.0,110.0,2.1,24.0,Quotsoft/Beijing-monitoring-archive,False
2019-01-03 18:00:00+08:00,天坛,139.0,143.0,17.0,96.0,2.2,5.0,Quotsoft/Beijing-monitoring-archive,False
2019-01-03 18:00:00+08:00,永定门内,155.0,,22.0,103.0,2.2,2.0,Quotsoft/Beijing-monitoring-archive,False
2019-01-03 19:00:00+08:00,前门,147.0,,16.0,112.0,2.2,23.0,Quotsoft/Beijing-monitoring-archive,False
2019-01-03 19:00:00+08:00,天坛,142.0,,15.0,95.0,2.3,5.0,Quotsoft/Beijing-monitoring-archive,False
2019-01-03 19:00:00+08:00,永定门内,148.0,,18.0,100.0,2.3,2.0,Quotsoft/Beijing-monitoring-archive,False
2019-01-03 20:00:00+08:00,前门,123.0,135.0,16.0,119.0,2.2,19.0,Quotsoft/Beijing-monitoring-archive,False
2019-01-03 20:00:00+08:00,天坛,133.0,133.0,13.0,93.0,2.2,5.0,Quotsoft/Beijing-monitoring-archive,False
2019-01-03 20:00:00+08:00,永定门内,115.0,139.0,16.0,,2.0,2.0,Quotsoft/Beijing-monitoring-archive,False
2019-01-03 21:00:00+08:00,前门,119.0,126.0,15.0,124.0,2.1,16.0,Quotsoft/Beijing-monitoring-archive,False
2019-01-03 21:00:00+08:00,天坛,120.0,123.0,11.0,93.0,2.2,5.0,Quotsoft/Beijing-monitoring-archive,False
2019-01-03 21:00:00+08:00,永定门内,113.0,137.0,14.0,105.0,2.1,2.0,Quotsoft/Beijing-monitoring-archive,False
2019-01-03 22:00:00+08:00,前门,114.0,128.0,14.0,133.0,2.2,14.0,Quotsoft/Beijing-monitoring-archive,False
2019-01-03 22:00:00+08:00,天坛,116.0,123.0,11.0,92.0,2.2,5.0,Quotsoft/Beijing-monitoring-archive,False
2019-01-03 22:00:00+08:00,永定门内,117.0,136.0,11.0,104.0,2.4,2.0,Quotsoft/Beijing-monitoring-archive,False
2019-01-03 23:00:00+08:00,前门,134.0,,13.0,136.0,2.3,14.0,Quotsoft/Beijing-monitoring-archive,False
2019-01-03 23:00:00+08:00,天坛,111.0,124.0,10.0,94.0,2.3,5.0,Quotsoft/Beijing-monitoring-archive,False
2019-01-03 23:00:00+08:00,永定门内,119.0,137.0,10.0,103.0,2.4,2.0,Quotsoft/Beijing-monitoring-archive,False
2019-01-04 00:00:00+08:00,前门,143.0,,14.0,129.0,2.2,16.0,Quotsoft/Beijing-monitoring-archive,False
2019-01-04 00:00:00+08:00,天坛,120.0,129.0,13.0,98.0,2.4,5.0,Quotsoft/Beijing-monitoring-archive,False
2019-01-04 00:00:00+08:00,永定门内,135.0,,14.0,94.0,2.1,2.0,Quotsoft/Beijing-monitoring-archive,False
2019-01-04 01:00:00+08:00,前门,90.0,,13.0,97.0,1.5,29.0,Quotsoft/Beijing-monitoring-archive,False
2019-01-04 01:00:00+08:00,天坛,96.0,,19.0,82.0,1.6,10.0,Quotsoft/Beijing-monitoring-archive,False
2019-01-04 01:00:00+08:00,永定门内,96.0,,19.0,75.0,1.3,1.0,Quotsoft/Beijing-monitoring-archive,False
2019-01-04 02:00:00+08:00,前门,32.0,,8.0,56.0,0.9,54.0,Quotsoft/Beijing-monitoring-archive,False
2019-01-04 02:00:00+08:00,天坛,29.0,51.0,13.0,35.0,0.7,39.0,Quotsoft/Beijing-monitoring-archive,False
2019-01-04 02:00:00+08:00,永定门内,36.0,,14.0,34.0,0.6,26.0,Quotsoft/Beijing-monitoring-archive,False
2019-01-04 03:00:00+08:00,前门,23.0,,7.0,43.0,0.7,62.0,Quotsoft/Beijing-monitoring-archive,False
2019-01-04 03:00:00+08:00,天坛,17.0,59.0,11.0,31.0,0.5,43.0,Quotsoft/Beijing-monitoring-archive,False
2019-01-04 03:00:00+08:00,永定门内,26.0,35.0,11.0,26.0,0.5,32.0,Quotsoft/Beijing-monitoring-archive,False
2019-01-04 04:00:00+08:00,前门,10.0,,5.0,33.0,0.6,71.0,Quotsoft/Beijing-monitoring-archive,False
2019-01-04 04:00:00+08:00,天坛,13.0,43.0,9.0,25.0,0.3,51.0,Quotsoft/Beijing-monitoring-archive,False
2019-01-04 04:00:00+08:00,永定门内,14.0,19.0,8.0,20.0,0.3,42.0,Quotsoft/Beijing-monitoring-archive,False
2019-01-04 05:00:00+08:00,前门,11.0,,3.0,25.0,0.5,79.0,Quotsoft/Beijing-monitoring-archive,False
2019-01-04 05:00:00+08:00,天坛,3.0,30.0,7.0,17.0,0.2,61.0,Quotsoft/Beijing-monitoring-archive,False
2019-01-04 05:00:00+08:00,永定门内,8.0,14.0,5.0,14.0,0.3,49.0,Quotsoft/Beijing-monitoring-archive,False
2019-01-04 06:00:00+08:00,前门,9.0,,3.0,25.0,0.5,80.0,Quotsoft/Beijing-monitoring-archive,False
2019-01-04 06:00:00+08:00,天坛,4.0,27.0,7.0,21.0,0.3,58.0,Quotsoft/Beijing-monitoring-archive,False
2019-01-04 06:00:00+08:00,永定门内,8.0,14.0,7.0,14.0,0.3,51.0,Quotsoft/Beijing-monitoring-archive,False
2019-01-04 07:00:00+08:00,前门,13.0,14.0,3.0,27.0,0.6,79.0,Quotsoft/Beijing-monitoring-archive,False
2019-01-04 07:00:00+08:00,天坛,3.0,42.0,7.0,23.0,0.3,57.0,Quotsoft/Beijing-monitoring-archive,False
2019-01-04 07:00:00+08:00,永定门内,9.0,29.0,6.0,25.0,0.3,43.0,Quotsoft/Beijing-monitoring-archive,False
2019-01-04 08:00:00+08:00,前门,3.0,32.0,3.0,26.0,0.4,81.0,Quotsoft/Beijing-monitoring-archive,False
2019-01-04 08:00:00+08:00,天坛,6.0,60.0,7.0,22.0,0.3,59.0,Quotsoft/Beijing-monitoring-archive,False
2019-01-04 08:00:00+08:00,永定门内,9.0,43.0,7.0,21.0,0.4,47.0,Quotsoft/Beijing-monitoring-archive,False
2019-01-04 09:00:00+08:00,前门,11.0,39.0,3.0,26.0,0.4,80.0,Quotsoft/Beijing-monitoring-archive,False
2019-01-04 09:00:00+08:00,天坛,11.0,85.0,7.0,22.0,0.3,57.0,Quotsoft/Beijing-monitoring-archive,False
2019-01-04 09:00:00+08:00,永定门内,12.0,48.0,6.0,22.0,0.3,46.0,Quotsoft/Beijing-monitoring-archive,False
2019-01-04 10:00:00+08:00,前门,8.0,27.0,3.0,24.0,0.5,65.0,Quotsoft/Beijing-monitoring-archive,False
2019-01-04 10:00:00+08:00,天坛,9.0,72.0,7.0,20.0,0.3,60.0,Quotsoft/Beijing-monitoring-archive,False
2019-01-04 10:00:00+08:00,永定门内,7.0,50.0,6.0,23.0,0.3,47.0,Quotsoft/Beijing-monitoring-archive,False
2019-01-04 11:00:00+08:00,前门,10.0,25.0,3.0,19.0,0.4,,Quotsoft/Beijing-monitoring-archive,False
2019-01-04 11:00:00+08:00,天坛,9.0,84.0,6.0,15.0,0.2,67.0,Quotsoft/Beijing-monitoring-archive,False
2019-01-04 11:00:00+08:00,永定门内,9.0,68.0,5.0,11.0,0.3,58.0,Quotsoft/Beijing-monitoring-archive,False
2019-01-04 12:00:00+08:00,前门,,,3.0,20.0,0.4,,Quotsoft/Beijing-monitoring-archive,False
2019-01-04 12:00:00+08:00,天坛,7.0,58.0,6.0,15.0,0.2,70.0,Quotsoft/Beijing-monitoring-archive,False
2019-01-04 12:00:00+08:00,永定门内,9.0,43.0,6.0,12.0,0.3,61.0,Quotsoft/Beijing-monitoring-archive,False
2019-01-04 13:00:00+08:00,前门,,,3.0,17.0,0.3,,Quotsoft/Beijing-monitoring-archive,False
2019-01-04 13:00:00+08:00,天坛,6.0,34.0,6.0,14.0,0.2,71.0,Quotsoft/Beijing-monitoring-archive,False
2019-01-04 13:00:00+08:00,永定门内,9.0,22.0,7.0,11.0,0.3,63.0,Quotsoft/Beijing-monitoring-archive,False
2019-01-04 14:00:00+08:00,前门,2.0,,3.0,14.0,0.3,50.0,Quotsoft/Beijing-monitoring-archive,False
2019-01-04 14:00:00+08:00,天坛,4.0,11.0,6.0,15.0,0.2,72.0,Quotsoft/Beijing-monitoring-archive,False
2019-01-04 14:00:00+08:00,永定门内,7.0,18.0,7.0,,0.3,62.0,Quotsoft/Beijing-monitoring-archive,False
2019-01-04 15:00:00+08:00,前门,13.0,,3.0,14.0,0.3,54.0,Quotsoft/Beijing-monitoring-archive,False
2019-01-04 15:00:00+08:00,天坛,3.0,11.0,6.0,15.0,0.2,73.0,Quotsoft/Beijing-monitoring-archive,False
2019-01-04 15:00:00+08:00,永定门内,5.0,26.0,7.0,10.0,0.3,63.0,Quotsoft/Beijing-monitoring-archive,False
2019-01-04 16:00:00+08:00,前门,2.0,9.0,3.0,16.0,0.5,51.0,Quotsoft/Beijing-monitoring-archive,False
2019-01-04 16:00:00+08:00,天坛,6.0,24.0,7.0,19.0,0.2,69.0,Quotsoft/Beijing-monitoring-archive,False
2019-01-04 16:00:00+08:00,永定门内,4.0,20.0,6.0,15.0,0.3,60.0,Quotsoft/Beijing-monitoring-archive,False
2019-01-04 17:00:00+08:00,前门,7.0,10.0,3.0,22.0,0.5,44.0,Quotsoft/Beijing-monitoring-archive,False
2019-01-04 17:00:00+08:00,天坛,12.0,26.0,7.0,27.0,0.3,60.0,Quotsoft/Beijing-monitoring-archive,False
2019-01-04 17:00:00+08:00,永定门内,6.0,25.0,7.0,21.0,0.4,51.0,Quotsoft/Beijing-monitoring-archive,False
2019-01-04 18:00:00+08:00,前门,10.0,18.0,4.0,30.0,0.5,35.0,Quotsoft/Beijing-monitoring-archive,False
2019-01-04 18:00:00+08:00,天坛,8.0,43.0,7.0,42.0,0.4,45.0,Quotsoft/Beijing-monitoring-archive,False
2019-01-04 18:00:00+08:00,永定门内,11.0,28.0,8.0,35.0,0.5,38.0,Quotsoft/Beijing-monitoring-archive,False
2019-01-04 19:00:00+08:00,前门,9.0,20.0,4.0,31.0,0.5,34.0,Quotsoft/Beijing-monitoring-archive,False
2019-01-04 19:00:00+08:00,天坛,11.0,41.0,9.0,44.0,0.5,42.0,Quotsoft/Beijing-monitoring-archive,False
2019-01-04 19:00:00+08:00,永定门内,13.0,29.0,7.0,39.0,0.5,30.0,Quotsoft/Beijing-monitoring-archive,False
2019-01-04 20:00:00+08:00,前门,13.0,18.0,4.0,39.0,0.5,26.0,Quotsoft/Beijing-monitoring-archive,False
2019-01-04 20:00:00+08:00,天坛,10.0,33.0,9.0,47.0,0.5,37.0,Quotsoft/Beijing-monitoring-archive,False
2019-01-04 20:00:00+08:00,永定门内,11.0,27.0,9.0,44.0,0.5,24.0,Quotsoft/Beijing-monitoring-archive,False
2019-01-04 21:00:00+08:00,前门,20.0,,6.0,39.0,0.6,25.0,Quotsoft/Beijing-monitoring-archive,False
2019-01-04 21:00:00+08:00,天坛,17.0,41.0,10.0,55.0,0.6,29.0,Quotsoft/Beijing-monitoring-archive,False
2019-01-04 21:00:00+08:00,永定门内,18.0,26.0,10.0,55.0,0.6,14.0,Quotsoft/Beijing-monitoring-archive,False
2019-01-04 22:00:00+08:00,前门,20.0,22.0,6.0,44.0,0.7,20.0,Quotsoft/Beijing-monitoring-archive,False
2019-01-04 22:00:00+08:00,天坛,14.0,38.0,11.0,50.0,0.6,33.0,Quotsoft/Beijing-monitoring-archive,False
2019-01-04 22:00:00+08:00,永定门内,18.0,27.0,10.0,59.0,0.7,11.0,Quotsoft/Beijing-monitoring-archive,False
2019-01-04 23:00:00+08:00,前门,20.0,,4.0,29.0,0.5,36.0,Quotsoft/Beijing-monitoring-archive,False
2019-01-04 23:00:00+08:00,天坛,9.0,27.0,8.0,35.0,0.3,47.0,Quotsoft/Beijing-monitoring-archive,False
2019-01-04 23:00:00+08:00,永定门内,11.0,18.0,9.0,41.0,0.5,28.0,Quotsoft/Beijing-monitoring-archive,False
2019-01-05 00:00:00+08:00,前门,12.0,15.0,4.0,32.0,0.5,32.0,Quotsoft/Beijing-monitoring-archive,False
2019-01-05 00:00:00+08:00,天坛,7.0,25.0,9.0,35.0,0.4,44.0,Quotsoft/Beijing-monitoring-archive,False
2019-01-05 00:00:00+08:00,永定门内,11.0,24.0,8.0,40.0,0.5,24.0,Quotsoft/Beijing-monitoring-archive,False
2019-01-05 01:00:00+08:00,前门,13.0,16.0,5.0,34.0,0.5,28.0,Quotsoft/Beijing-monitoring-archive,False
2019-01-05 01:00:00+08:00,天坛,9.0,22.0,9.0,38.0,0.4,41.0,Quotsoft/Beijing-monitoring-archive,False
2019-01-05 01:00:00+08:00,永定门内,12.0,16.0,8.0,30.0,0.4,31.0,Quotsoft/Beijing-monitoring-archive,False
2019-01-05 02:00:00+08:00,前门,18.0,18.0,5.0,32.0,0.4,29.0,Quotsoft/Beijing-monitoring-archive,False
2019-01-05 02:00:00+08:00,天坛,11.0,27.0,9.0,33.0,0.4,45.0,Quotsoft/Beijing-monitoring-archive,False
2019-01-05 02:00:00+08:00,永定门内,11.0,18.0,7.0,28.0,0.4,28.0,Quotsoft/Beijing-monitoring-archive,False
2019-01-05 03:00:00+08:00,前门,19.0,,5.0,26.0,0.5,33.0,Quotsoft/Beijing-monitoring-archive,False
2019-01-05 03:00:00+08:00,天坛,8.0,23.0,10.0,28.0,0.4,49.0,Quotsoft/Beijing-monitoring-archive,False
2019-01-05 03:00:00+08:00,永定门内,10.0,15.0,6.0,22.0,0.4,34.0,Quotsoft/Beijing-monitoring-archive,False
2019-01-05 04:00:00+08:00,前门,17.0,,5.0,30.0,0.5,,Quotsoft/Beijing-monitoring-archive,False
2019-01-05 04:00:00+08:00,天坛,10.0,20.0,9.0,30.0,0.3,47.0,Quotsoft/Beijing-monitoring-archive,False
2019-01-05 04:00:00+08:00,永定门内,7.0,12.0,7.0,24.0,0.4,,Quotsoft/Beijing-monitoring-archive,False
2019-01-05 05:00:00+08:00,前门,21.0,,6.0,26.0,0.4,32.0,Quotsoft/Beijing-monitoring-archive,False
2019-01-05 05:00:00+08:00,天坛,11.0,20.0,10.0,28.0,0.4,48.0,Quotsoft/Beijing-monitoring-archive,False
2019-01-05 05:00:00+08:00,永定门内,12.0,14.0,9.0,21.0,0.4,35.0,Quotsoft/Beijing-monitoring-archive,False
2019-01-05 06:00:00+08:00,前门,17.0,,7.0,30.0,0.6,30.0,Quotsoft/Beijing-monitoring-archive,False
2019-01-05 06:00:00+08:00,天坛,10.0,21.0,11.0,29.0,0.5,47.0,Quotsoft/Beijing-monitoring-archive,False
2019-01-05 06:00:00+08:00,永定门内,12.0,18.0,10.0,26.0,0.5,32.0,Quotsoft/Beijing-monitoring-archive,False
2019-01-05 07:00:00+08:00,前门,14.0,21.0,7.0,31.0,0.7,29.0,Quotsoft/Beijing-monitoring-archive,False
2019-01-05 07:00:00+08:00,天坛,8.0,26.0,10.0,34.0,0.5,42.0,Quotsoft/Beijing-monitoring-archive,False
2019-01-05 07:00:00+08:00,永定门内,12.0,18.0,10.0,33.0,0.5,28.0,Quotsoft/Beijing-monitoring-archive,False
2019-01-05 08:00:00+08:00,前门,23.0,,4.0,31.0,0.5,30.0,Quotsoft/Beijing-monitoring-archive,False
2019-01-05 08:00:00+08:00,天坛,6.0,19.0,6.0,37.0,0.4,40.0,Quotsoft/Beijing-monitoring-archive,False
2019-01-05 08:00:00+08:00,永定门内,12.0,16.0,7.0,37.0,0.4,25.0,Quotsoft/Beijing-monitoring-archive,False
2019-01-05 09:00:00+08:00,前门,12.0,15.0,2.0,34.0,0.5,32.0,Quotsoft/Beijing-monitoring-archive,False
2019-01-05 09:00:00+08:00,天坛,8.0,24.0,5.0,38.0,0.4,42.0,Quotsoft/Beijing-monitoring-archive,False
2019-01-05 09:00:00+08:00,永定门内,8.0,15.0,5.0,37.0,0.4,30.0,Quotsoft/Beijing-monitoring-archive,False
2019-01-05 10:00:00+08:00,前门,2.0,16.0,3.0,29.0,0.5,34.0,Quotsoft/Beijing-monitoring-archive,False
2019-01-05 10:00:00+08:00,天坛,5.0,29.0,6.0,33.0,0.4,48.0,Quotsoft/Beijing-monitoring-archive,False
2019-01-05 10:00:00+08:00,永定门内,4.0,19.0,5.0,31.0,0.4,38.0,Quotsoft/Beijing-monitoring-archive,False
2019-01-05 11:00:00+08:00,前门,8.0,15.0,3.0,25.0,,39.0,Quotsoft/Beijing-monitoring-archive,False
2019-01-05 11:00:00+08:00,天坛,4.0,25.0,6.0,25.0,0.3,57.0,Quotsoft/Beijing-monitoring-archive,False
2019-01-05 11:00:00+08:00,永定门内,11.0,12.0,4.0,21.0,0.4,46.0,Quotsoft/Beijing-monitoring-archive,False
2019-01-05 12:00:00+08:00,前门,15.0,,3.0,27.0,0.4,40.0,Quotsoft/Beijing-monitoring-archive,False
2019-01-05 12:00:00+08:00,天坛,9.0,14.0,6.0,23.0,0.3,60.0,Quotsoft/Beijing-monitoring-archive,False
2019-01-05 12:00:00+08:00,永定门内,4.0,14.0,5.0,18.0,0.4,48.0,Quotsoft/Beijing-monitoring-archive,False
2019-01-05 13:00:00+08:00,前门,7.0,14.0,4.0,25.0,0.4,42.0,Quotsoft/Beijing-monitoring-archive,False
2019-01-05 13:00:00+08:00,天坛,17.0,,7.0,24.0,0.4,60.0,Quotsoft/Beijing-monitoring-archive,False
2019-01-05 13:00:00+08:00,永定门内,11.0,13.0,6.0,21.0,0.4,47.0,Quotsoft/Beijing-monitoring-archive,False
2019-01-05 14:00:00+08:00,前门,11.0,12.0,5.0,32.0,0.5,40.0,Quotsoft/Beijing-monitoring-archive,False
2019-01-05 14:00:00+08:00,天坛,13.0,15.0,7.0,27.0,0.4,57.0,Quotsoft/Beijing-monitoring-archive,False
2019-01-05 14:00:00+08:00,永定门内,10.0,14.0,7.0,22.0,0.4,45.0,Quotsoft/Beijing-monitoring-archive,False
2019-01-05 15:00:00+08:00,前门,15.0,19.0,5.0,30.0,0.5,37.0,Quotsoft/Beijing-monitoring-archive,False
2019-01-05 15:00:00+08:00,天坛,8.0,10.0,8.0,31.0,0.4,55.0,Quotsoft/Beijing-monitoring-archive,False
2019-01-05 15:00:00+08:00,永定门内,10.0,21.0,8.0,26.0,0.5,42.0,Quotsoft/Beijing-monitoring-archive,False
2019-01-05 16:00:00+08:00,前门,12.0,20.0,5.0,32.0,0.5,36.0,Quotsoft/Beijing-monitoring-archive,False
2019-01-05 16:00:00+08:00,天坛,10.0,22.0,8.0,32.0,0.4,54.0,Quotsoft/Beijing-monitoring-archive,False
2019-01-05 16:00:00+08:00,永定门内,19.0,27.0,9.0,30.0,0.5,38.0,Quotsoft/Beijing-monitoring-archive,False
2019-01-05 17:00:00+08:00,前门,14.0,27.0,6.0,46.0,0.6,24.0,Quotsoft/Beijing-monitoring-archive,False
2019-01-05 17:00:00+08:00,天坛,16.0,30.0,8.0,36.0,0.5,47.0,Quotsoft/Beijing-monitoring-archive,False
2019-01-05 17:00:00+08:00,永定门内,23.0,38.0,9.0,47.0,0.5,21.0,Quotsoft/Beijing-monitoring-archive,False
2019-01-05 18:00:00+08:00,前门,25.0,43.0,6.0,63.0,0.7,10.0,Quotsoft/Beijing-monitoring-archive,False
2019-01-05 18:00:00+08:00,天坛,120.0,,7.0,43.0,0.5,34.0,Quotsoft/Beijing-monitoring-archive,False
2019-01-05 18:00:00+08:00,永定门内,24.0,47.0,6.0,71.0,0.7,1.0,Quotsoft/Beijing-monitoring-archive,False
2019-01-05 19:00:00+08:00,前门,33.0,43.0,6.0,70.0,0.8,4.0,Quotsoft/Beijing-monitoring-archive,False
2019-01-05 19:00:00+08:00,天坛,21.0,34.0,7.0,65.0,0.6,15.0,Quotsoft/Beijing-monitoring-archive,False
2019-01-05 19:00:00+08:00,永定门内,23.0,51.0,7.0,77.0,0.7,2.0,Quotsoft/Beijing-monitoring-archive,False
2019-01-05 20:00:00+08:00,前门,22.0,44.0,5.0,70.0,0.7,3.0,Quotsoft/Beijing-monitoring-archive,False
2019-01-05 20:00:00+08:00,天坛,20.0,49.0,6.0,75.0,0.6,6.0,Quotsoft/Beijing-monitoring-archive,False
2019-01-05 20:00:00+08:00,永定门内,21.0,46.0,7.0,75.0,0.7,2.0,Quotsoft/Beijing-monitoring-archive,False
2019-01-05 21:00:00+08:00,前门,23.0,39.0,5.0,70.0,0.7,3.0,Quotsoft/Beijing-monitoring-archive,False
2019-01-05 21:00:00+08:00,天坛,18.0,39.0,6.0,68.0,0.6,6.0,Quotsoft/Beijing-monitoring-archive,False
2019-01-05 21:00:00+08:00,永定门内,18.0,49.0,7.0,77.0,0.7,2.0,Quotsoft/Beijing-monitoring-archive,False
2019-01-05 22:00:00+08:00,前门,24.0,45.0,5.0,72.0,0.8,3.0,Quotsoft/Beijing-monitoring-archive,False
2019-01-05 22:00:00+08:00,天坛,13.0,36.0,6.0,73.0,0.6,5.0,Quotsoft/Beijing-monitoring-archive,False
2019-01-05 22:00:00+08:00,永定门内,24.0,54.0,7.0,79.0,0.8,2.0,Quotsoft/Beijing-monitoring-archive,False
2019-01-05 23:00:00+08:00,前门,37.0,63.0,6.0,72.0,0.8,3.0,Quotsoft/Beijing-monitoring-archive,False
2019-01-05 23:00:00+08:00,天坛,17.0,45.0,6.0,73.0,0.7,5.0,Quotsoft/Beijing-monitoring-archive,False
2019-01-05 23:00:00+08:00,永定门内,35.0,72.0,8.0,78.0,0.7,2.0,Quotsoft/Beijing-monitoring-archive,False
2019-01-06 00:00:00+08:00,前门,40.0,63.0,7.0,72.0,0.8,3.0,Quotsoft/Beijing-monitoring-archive,False
2019-01-06 00:00:00+08:00,天坛,52.0,57.0,8.0,79.0,0.8,6.0,Quotsoft/Beijing-monitoring-archive,False
2019-01-06 00:00:00+08:00,永定门内,57.0,95.0,10.0,78.0,0.9,2.0,Quotsoft/Beijing-monitoring-archive,False
2019-01-06 01:00:00+08:00,前门,59.0,78.0,9.0,74.0,0.9,3.0,Quotsoft/Beijing-monitoring-archive,False
2019-01-06 01:00:00+08:00,天坛,65.0,81.0,9.0,77.0,1.0,6.0,Quotsoft/Beijing-monitoring-archive,False
2019-01-06 01:00:00+08:00,永定门内,66.0,91.0,11.0,76.0,1.0,2.0,Quotsoft/Beijing-monitoring-archive,False
2019-01-06 02:00:00+08:00,前门,67.0,82.0,10.0,73.0,0.9,3.0,Quotsoft/Beijing-monitoring-archive,False
2019-01-06 02:00:00+08:00,天坛,102.0,,8.0,74.0,1.1,6.0,Quotsoft/Beijing-monitoring-archive,False
2019-01-06 02:00:00+08:00,永定门内,72.0,102.0,10.0,81.0,1.2,2.0,Quotsoft/Beijing-monitoring-archive,False
2019-01-06 03:00:00+08:00,前门,75.0,85.0,11.0,78.0,1.1,3.0,Quotsoft/Beijing-monitoring-archive,False
2019-01-06 03:00:00+08:00,天坛,132.0,,8.0,75.0,1.3,6.0,Quotsoft/Beijing-monitoring-archive,False
2019-01-06 03:00:00+08:00,永定门内,67.0,93.0,7.0,71.0,1.1,2.0,Quotsoft/Beijing-monitoring-archive,False
2019-01-06 04:00:00+08:00,前门,84.0,,12.0,77.0,1.1,3.0,Quotsoft/Beijing-monitoring-archive,False
2019-01-06 04:00:00+08:00,天坛,63.0,86.0,8.0,74.0,1.3,6.0,Quotsoft/Beijing-monitoring-archive,False
2019-01-06 04:00:00+08:00,永定门内,70.0,81.0,6.0,71.0,1.1,2.0,Quotsoft/Beijing-monitoring-archive,False
2019-01-06 05:00:00+08:00,前门,53.0,66.0,15.0,77.0,1.3,3.0,Quotsoft/Beijing-monitoring-archive,False
2019-01-06 05:00:00+08:00,天坛,66.0,87.0,8.0,76.0,1.4,6.0,Quotsoft/Beijing-monitoring-archive,False
2019-01-06 05:00:00+08:00,永定门内,60.0,100.0,7.0,79.0,1.2,2.0,Quotsoft/Beijing-monitoring-archive,False
2019-01-06 06:00:00+08:00,前门,49.0,58.0,14.0,78.0,1.4,3.0,Quotsoft/Beijing-monitoring-archive,False
2019-01-06 06:00:00+08:00,天坛,46.0,73.0,9.0,81.0,1.6,5.0,Quotsoft/Beijing-monitoring-archive,False
2019-01-06 06:00:00+08:00,永定门内,42.0,73.0,9.0,81.0,1.3,2.0,Quotsoft/Beijing-monitoring-archive,False
2019-01-06 07:00:00+08:00,前门,47.0,,11.0,69.0,1.3,3.0,Quotsoft/Beijing-monitoring-archive,False
2019-01-06 07:00:00+08:00,天坛,37.0,75.0,10.0,82.0,1.6,5.0,Quotsoft/Beijing-monitoring-archive,False
2019-01-06 07:00:00+08:00,永定门内,38.0,56.0,11.0,75.0,1.3,2.0,Quotsoft/Beijing-monitoring-archive,False
2019-01-06 08:00:00+08:00,前门,40.0,43.0,11.0,66.0,1.3,3.0,Quotsoft/Beijing-monitoring-archive,False
2019-01-06 08:00:00+08:00,天坛,34.0,100.0,8.0,70.0,1.6,5.0,Quotsoft/Beijing-monitoring-archive,False
2019-01-06 08:00:00+08:00,永定门内,42.0,60.0,11.0,72.0,1.5,2.0,Quotsoft/Beijing-monitoring-archive,False
2019-01-06 09:00:00+08:00,前门,39.0,,10.0,65.0,1.2,3.0,Quotsoft/Beijing-monitoring-archive,False
2019-01-06 09:00:00+08:00,天坛,42.0,82.0,8.0,66.0,1.7,6.0,Quotsoft/Beijing-monitoring-archive,False
2019-01-06 09:00:00+08:00,永定门内,37.0,58.0,10.0,69.0,1.4,2.0,Quotsoft/Beijing-monitoring-archive,False
2019-01-06 10:00:00+08:00,前门,39.0,50.0,9.0,63.0,1.3,4.0,Quotsoft/Beijing-monitoring-archive,False
2019-01-06 10:00:00+08:00,天坛,40.0,74.0,11.0,70.0,1.6,7.0,Quotsoft/Beijing-monitoring-archive,False
2019-01-06 10:00:00+08:00,永定门内,42.0,65.0,10.0,68.0,1.3,2.0,Quotsoft/Beijing-monitoring-archive,False
2019-01-06 11:00:00+08:00,前门,40.0,50.0,13.0,64.0,1.3,5.0,Quotsoft/Beijing-monitoring-archive,False
2019-01-06 11:00:00+08:00,天坛,49.0,79.0,15.0,81.0,1.7,8.0,Quotsoft/Beijing-monitoring-archive,False
2019-01-06 11:00:00+08:00,永定门内,45.0,73.0,11.0,72.0,1.4,2.0,Quotsoft/Beijing-monitoring-archive,False
2019-01-06 12:00:00+08:00,前门,50.0,65.0,17.0,69.0,1.3,6.0,Quotsoft/Beijing-monitoring-archive,False
2019-01-06 12:00:00+08:00,天坛,63.0,97.0,21.0,85.0,1.7,11.0,Quotsoft/Beijing-monitoring-archive,False
2019-01-06 12:00:00+08:00,永定门内,51.0,78.0,17.0,75.0,1.4,2.0,Quotsoft/Beijing-monitoring-archive,False
2019-01-06 13:00:00+08:00,前门,69.0,76.0,17.0,76.0,1.4,6.0,Quotsoft/Beijing-monitoring-archive,False
2019-01-06 13:00:00+08:00,天坛,77.0,105.0,22.0,97.0,1.8,10.0,Quotsoft/Beijing-monitoring-archive,False
2019-01-06 13:00:00+08:00,永定门内,84.0,111.0,22.0,89.0,1.5,1.0,Quotsoft/Beijing-monitoring-archive,False
2019-01-06 14:00:00+08:00,前门,77.0,100.0,20.0,84.0,1.4,8.0,Quotsoft/Beijing-monitoring-archive,False
2019-01-06 14:00:00+08:00,天坛,104.0,134.0,28.0,98.0,1.7,13.0,Quotsoft/Beijing-monitoring-archive,False
2019-01-06 14:00:00+08:00,永定门内,97.0,119.0,26.0,85.0,1.3,4.0,Quotsoft/Beijing-monitoring-archive,False
2019-01-06 15:00:00+08:00,前门,89.0,106.0,20.0,74.0,1.3,15.0,Quotsoft/Beijing-monitoring-archive,False
2019-01-06 15:00:00+08:00,天坛,98.0,118.0,27.0,77.0,1.3,25.0,Quotsoft/Beijing-monitoring-archive,False
2019-01-06 15:00:00+08:00,永定门内,97.0,103.0,25.0,70.0,1.1,14.0,Quotsoft/Beijing-monitoring-archive,False
2019-01-06 16:00:00+08:00,前门,95.0,99.0,18.0,71.0,1.2,15.0,Quotsoft/Beijing-monitoring-archive,False
2019-01-06 16:00:00+08:00,天坛,85.0,97.0,23.0,72.0,1.1,26.0,Quotsoft/Beijing-monitoring-archive,False
2019-01-06 16:00:00+08:00,永定门内,83.0,99.0,21.0,66.0,0.9,15.0,Quotsoft/Beijing-monitoring-archive,False
2019-01-06 17:00:00+08:00,前门,86.0,100.0,16.0,78.0,1.2,9.0,Quotsoft/Beijing-monitoring-archive,False
2019-01-06 17:00:00+08:00,天坛,80.0,109.0,18.0,71.0,1.0,23.0,Quotsoft/Beijing-monitoring-archive,False
2019-01-06 17:00:00+08:00,永定门内,83.0,95.0,19.0,68.0,0.9,11.0,Quotsoft/Beijing-monitoring-archive,False
2019-01-06 18:00:00+08:00,前门,95.0,106.0,15.0,82.0,1.3,6.0,Quotsoft/Beijing-monitoring-archive,False
2019-01-06 18:00:00+08:00,天坛,78.0,105.0,15.0,76.0,1.1,17.0,Quotsoft/Beijing-monitoring-archive,False
2019-01-06 18:00:00+08:00,永定门内,88.0,107.0,19.0,80.0,1.1,1.0,Quotsoft/Beijing-monitoring-archive,False
2019-01-06 19:00:00+08:00,前门,106.0,112.0,15.0,87.0,1.4,4.0,Quotsoft/Beijing-monitoring-archive,False
2019-01-06 19:00:00+08:00,天坛,95.0,105.0,15.0,89.0,1.2,8.0,Quotsoft/Beijing-monitoring-archive,False
2019-01-06 19:00:00+08:00,永定门内,101.0,116.0,21.0,87.0,1.2,2.0,Quotsoft/Beijing-monitoring-archive,False
2019-01-06 20:00:00+08:00,前门,119.0,120.0,16.0,90.0,1.6,4.0,Quotsoft/Beijing-monitoring-archive,False
2019-01-06 20:00:00+08:00,天坛,101.0,113.0,15.0,89.0,1.3,6.0,Quotsoft/Beijing-monitoring-archive,False
2019-01-06 20:00:00+08:00,永定门内,108.0,137.0,20.0,94.0,1.5,2.0,Quotsoft/Beijing-monitoring-archive,False
2019-01-06 21:00:00+08:00,前门,110.0,117.0,15.0,91.0,1.6,3.0,Quotsoft/Beijing-monitoring-archive,False
2019-01-06 21:00:00+08:00,天坛,98.0,117.0,14.0,87.0,1.5,6.0,Quotsoft/Beijing-monitoring-archive,False
2019-01-06 21:00:00+08:00,永定门内,111.0,141.0,16.0,92.0,1.7,2.0,Quotsoft/Beijing-monitoring-archive,False
2019-01-06 22:00:00+08:00,前门,103.0,110.0,14.0,90.0,1.7,3.0,Quotsoft/Beijing-monitoring-archive,False
2019-01-06 22:00:00+08:00,天坛,106.0,118.0,11.0,91.0,1.7,6.0,Quotsoft/Beijing-monitoring-archive,False
2019-01-06 22:00:00+08:00,永定门内,108.0,134.0,13.0,93.0,1.8,2.0,Quotsoft/Beijing-monitoring-archive,False
2019-01-06 23:00:00+08:00,前门,101.0,108.0,29.0,87.0,2.1,3.0,Quotsoft/Beijing-monitoring-archive,False
2019-01-06 23:00:00+08:00,天坛,97.0,124.0,11.0,90.0,2.2,6.0,Quotsoft/Beijing-monitoring-archive,False
2019-01-06 23:00:00+08:00,永定门内,96.0,118.0,28.0,89.0,2.0,2.0,Quotsoft/Beijing-monitoring-archive,False
2019-01-07 00:00:00+08:00,前门,106.0,110.0,27.0,86.0,2.1,3.0,Quotsoft/Beijing-monitoring-archive,False
2019-01-07 00:00:00+08:00,天坛,95.0,119.0,18.0,90.0,2.6,6.0,Quotsoft/Beijing-monitoring-archive,False
2019-01-07 00:00:00+08:00,永定门内,101.0,116.0,31.0,86.0,2.1,2.0,Quotsoft/Beijing-monitoring-archive,False
2019-01-07 01:00:00+08:00,前门,93.0,97.0,17.0,84.0,1.7,3.0,Quotsoft/Beijing-monitoring-archive,False
2019-01-07 01:00:00+08:00,天坛,125.0,,15.0,89.0,2.5,6.0,Quotsoft/Beijing-monitoring-archive,False
2019-01-07 01:00:00+08:00,永定门内,95.0,107.0,19.0,79.0,1.7,2.0,Quotsoft/Beijing-monitoring-archive,False
2019-01-07 02:00:00+08:00,前门,87.0,87.0,12.0,81.0,1.5,2.0,Quotsoft/Beijing-monitoring-archive,False
2019-01-07 02:00:00+08:00,天坛,107.0,,11.0,83.0,2.1,5.0,Quotsoft/Beijing-monitoring-archive,False
2019-01-07 02:00:00+08:00,永定门内,88.0,99.0,11.0,72.0,1.4,2.0,Quotsoft/Beijing-monitoring-archive,False
2019-01-07 03:00:00+08:00,前门,80.0,,12.0,81.0,1.4,2.0,Quotsoft/Beijing-monitoring-archive,False
2019-01-07 03:00:00+08:00,天坛,95.0,,11.0,82.0,1.7,5.0,Quotsoft/Beijing-monitoring-archive,False
2019-01-07 03:00:00+08:00,永定门内,79.0,84.0,10.0,72.0,1.2,2.0,Quotsoft/Beijing-monitoring-archive,False
2019-01-07 04:00:00+08:00,前门,94.0,,12.0,81.0,1.5,,Quotsoft/Beijing-monitoring-archive,False
2019-01-07 04:00:00+08:00,天坛,202.0,,12.0,79.0,1.7,5.0,Quotsoft/Beijing-monitoring-archive,False
2019-01-07 04:00:00+08:00,永定门内,84.0,91.0,8.0,72.0,1.4,,Quotsoft/Beijing-monitoring-archive,False
2019-01-07 05:00:00+08:00,前门,77.0,,13.0,74.0,1.5,4.0,Quotsoft/Beijing-monitoring-archive,False
2019-01-07 05:00:00+08:00,天坛,140.0,,13.0,79.0,1.7,5.0,Quotsoft/Beijing-monitoring-archive,False
2019-01-07 05:00:00+08:00,永定门内,80.0,82.0,11.0,45.0,1.4,2.0,Quotsoft/Beijing-monitoring-archive,False
2019-01-07 06:00:00+08:00,前门,78.0,,16.0,78.0,1.7,4.0,Quotsoft/Beijing-monitoring-archive,False
2019-01-07 06:00:00+08:00,天坛,67.0,,16.0,76.0,1.3,7.0,Quotsoft/Beijing-monitoring-archive,False
2019-01-07 06:00:00+08:00,永定门内,62.0,64.0,14.0,44.0,1.3,2.0,Quotsoft/Beijing-monitoring-archive,False
2019-01-07 07:00:00+08:00,前门,49.0,,11.0,65.0,1.2,6.0,Quotsoft/Beijing-monitoring-archive,False
2019-01-07 07:00:00+08:00,天坛,35.0,,14.0,56.0,0.9,21.0,Quotsoft/Beijing-monitoring-archive,False
2019-01-07 07:00:00+08:00,永定门内,42.0,,13.0,34.0,0.8,2.0,Quotsoft/Beijing-monitoring-archive,False
2019-01-07 08:00:00+08:00,前门,41.0,,10.0,66.0,1.1,6.0,Quotsoft/Beijing-monitoring-archive,False
2019-01-07 08:00:00+08:00,天坛,27.0,33.0,14.0,65.0,1.0,15.0,Quotsoft/Beijing-monitoring-archive,False
2019-01-07 08:00:00+08:00,永定门内,34.0,40.0,12.0,39.0,1.0,2.0,Quotsoft/Beijing-monitoring-archive,False
2019-01-07 09:00:00+08:00,前门,25.0,34.0,10.0,54.0,0.9,14.0,Quotsoft/Beijing-monitoring-archive,False
2019-01-07 09:00:00+08:00,天坛,19.0,58.0,13.0,54.0,0.8,26.0,Quotsoft/Beijing-monitoring-archive,False
2019-01-07 09:00:00+08:00,永定门内,22.0,36.0,13.0,29.0,0.8,8.0,Quotsoft/Beijing-monitoring-archive,False
2019-01-07 10:00:00+08:00,前门,10.0,32.0,8.0,40.0,0.8,27.0,Quotsoft/Beijing-monitoring-archive,False
2019-01-07 10:00:00+08:00,天坛,12.0,52.0,10.0,40.0,0.6,39.0,Quotsoft/Beijing-monitoring-archive,False
2019-01-07 10:00:00+08:00,永定门内,15.0,33.0,9.0,12.0,0.6,24.0,Quotsoft/Beijing-monitoring-archive,False
2019-01-07 11:00:00+08:00,前门,3.0,25.0,5.0,28.0,0.6,39.0,Quotsoft/Beijing-monitoring-archive,False
2019-01-07 11:00:00+08:00,天坛,14.0,38.0,7.0,28.0,0.4,51.0,Quotsoft/Beijing-monitoring-archive,False
2019-01-07 11:00:00+08:00,永定门内,8.0,30.0,6.0,,0.4,,Quotsoft/Beijing-monitoring-archive,False
2019-01-07 12:00:00+08:00,前门,4.0,17.0,5.0,25.0,0.5,43.0,Quotsoft/Beijing-monitoring-archive,False
2019-01-07 12:00:00+08:00,天坛,5.0,27.0,7.0,22.0,0.4,59.0,Quotsoft/Beijing-monitoring-archive,False
2019-01-07 12:00:00+08:00,永定门内,10.0,21.0,5.0,16.0,0.3,47.0,Quotsoft/Beijing-monitoring-archive,False
2019-01-07 13:00:00+08:00,前门,5.0,19.0,4.0,21.0,0.4,48.0,Quotsoft/Beijing-monitoring-archive,False
2019-01-07 13:00:00+08:00,天坛,8.0,26.0,7.0,18.0,0.3,64.0,Quotsoft/Beijing-monitoring-archive,False
2019-01-07 13:00:00+08:00,永定门内,5.0,18.0,6.0,15.0,0.3,52.0,Quotsoft/Beijing-monitoring-archive,False
2019-01-07 14:00:00+08:00,前门,8.0,20.0,4.0,22.0,0.4,47.0,Quotsoft/Beijing-monitoring-archive,False
2019-01-07 14:00:00+08:00,天坛,10.0,29.0,7.0,20.0,0.3,62.0,Quotsoft/Beijing-monitoring-archive,False
2019-01-07 14:00:00+08:00,永定门内,7.0,24.0,6.0,17.0,0.3,50.0,Quotsoft/Beijing-monitoring-archive,False
2019-01-07 15:00:00+08:00,前门,1.0,16.0,5.0,21.0,0.4,47.0,Quotsoft/Beijing-monitoring-archive,False
2019-01-07 15:00:00+08:00,天坛,13.0,,7.0,22.0,0.3,62.0,Quotsoft/Beijing-monitoring-archive,False
2019-01-07 15:00:00+08:00,永定门内,12.0,30.0,5.0,18.0,0.3,49.0,Quotsoft/Beijing-monitoring-archive,False
2019-01-07 16:00:00+08:00,前门,9.0,23.0,4.0,23.0,0.5,45.0,Quotsoft/Beijing-monitoring-archive,False
2019-01-07 16:00:00+08:00,天坛,72.0,,7.0,24.0,0.3,61.0,Quotsoft/Beijing-monitoring-archive,False
2019-01-07 16:00:00+08:00,永定门内,9.0,26.0,6.0,22.0,0.3,45.0,Quotsoft/Beijing-monitoring-archive,False
2019-01-07 17:00:00+08:00,前门,1.0,22.0,5.0,27.0,0.7,40.0,Quotsoft/Beijing-monitoring-archive,False
2019-01-07 17:00:00+08:00,天坛,8.0,33.0,8.0,28.0,0.4,56.0,Quotsoft/Beijing-monitoring-archive,False
2019-01-07 17:00:00+08:00,永定门内,11.0,28.0,5.0,25.0,0.4,42.0,Quotsoft/Beijing-monitoring-archive,False
2019-01-07 18:00:00+08:00,前门,11.0,28.0,6.0,34.0,0.5,33.0,Quotsoft/Beijing-monitoring-archive,False
2019-01-07 18:00:00+08:00,天坛,12.0,40.0,10.0,36.0,0.5,49.0,Quotsoft/Beijing-monitoring-archive,False
2019-01-07 18:00:00+08:00,永定门内,14.0,34.0,7.0,32.0,0.5,32.0,Quotsoft/Beijing-monitoring-archive,False
2019-01-07 19:00:00+08:00,前门,12.0,29.0,6.0,34.0,0.6,31.0,Quotsoft/Beijing-monitoring-archive,False
2019-01-07 19:00:00+08:00,天坛,17.0,47.0,11.0,44.0,0.5,40.0,Quotsoft/Beijing-monitoring-archive,False
2019-01-07 19:00:00+08:00,永定门内,15.0,33.0,8.0,41.0,0.5,23.0,Quotsoft/Beijing-monitoring-archive,False
2019-01-07 20:00:00+08:00,前门,19.0,30.0,6.0,45.0,0.6,20.0,Quotsoft/Beijing-monitoring-archive,False
2019-01-07 20:00:00+08:00,天坛,16.0,54.0,11.0,53.0,0.6,30.0,Quotsoft/Beijing-monitoring-archive,False
2019-01-07 20:00:00+08:00,永定门内,16.0,35.0,8.0,50.0,0.6,13.0,Quotsoft/Beijing-monitoring-archive,False
2019-01-07 21:00:00+08:00,前门,14.0,26.0,6.0,42.0,0.6,23.0,Quotsoft/Beijing-monitoring-archive,False
2019-01-07 21:00:00+08:00,天坛,14.0,34.0,10.0,49.0,0.5,34.0,Quotsoft/Beijing-monitoring-archive,False
2019-01-07 21:00:00+08:00,永定门内,13.0,28.0,8.0,48.0,0.5,16.0,Quotsoft/Beijing-monitoring-archive,False
2019-01-07 22:00:00+08:00,前门,14.0,20.0,5.0,41.0,0.5,23.0,Quotsoft/Beijing-monitoring-archive,False
2019-01-07 22:00:00+08:00,天坛,10.0,34.0,8.0,35.0,0.4,46.0,Quotsoft/Beijing-monitoring-archive,False
2019-01-07 22:00:00+08:00,永定门内,12.0,24.0,7.0,43.0,0.5,17.0,Quotsoft/Beijing-monitoring-archive,False
2019-01-07 23:00:00+08:00,前门,8.0,19.0,5.0,34.0,0.5,30.0,Quotsoft/Beijing-monitoring-archive,False
2019-01-07 23:00:00+08:00,天坛,6.0,34.0,6.0,35.0,0.4,38.0,Quotsoft/Beijing-monitoring-archive,False
2019-01-07 23:00:00+08:00,永定门内,14.0,23.0,6.0,41.0,0.5,18.0,Quotsoft/Beijing-monitoring-archive,False
2019-01-08 00:00:00+08:00,前门,8.0,18.0,5.0,34.0,0.5,29.0,Quotsoft/Beijing-monitoring-archive,False
2019-01-08 00:00:00+08:00,天坛,7.0,22.0,8.0,36.0,0.4,39.0,Quotsoft/Beijing-monitoring-archive,False
2019-01-08 00:00:00+08:00,永定门内,12.0,19.0,5.0,44.0,0.5,15.0,Quotsoft/Beijing-monitoring-archive,False
2019-01-08 01:00:00+08:00,前门,9.0,16.0,4.0,24.0,0.3,40.0,Quotsoft/Beijing-monitoring-archive,False
2019-01-08 01:00:00+08:00,天坛,9.0,19.0,7.0,26.0,0.3,52.0,Quotsoft/Beijing-monitoring-archive,False
2019-01-08 01:00:00+08:00,永定门内,4.0,16.0,5.0,24.0,0.3,35.0,Quotsoft/Beijing-monitoring-archive,False
2019-01-08 02:00:00+08:00,前门,8.0,20.0,4.0,22.0,0.4,41.0,Quotsoft/Beijing-monitoring-archive,False
2019-01-08 02:00:00+08:00,天坛,5.0,25.0,7.0,23.0,0.3,56.0,Quotsoft/Beijing-monitoring-archive,False
2019-01-08 02:00:00+08:00,永定门内,9.0,16.0,4.0,19.0,0.3,39.0,Quotsoft/Beijing-monitoring-archive,False
2019-01-08 03:00:00+08:00,前门,2.0,18.0,4.0,20.0,0.4,42.0,Quotsoft/Beijing-monitoring-archive,False
2019-01-08 03:00:00+08:00,天坛,8.0,28.0,8.0,19.0,0.3,59.0,Quotsoft/Beijing-monitoring-archive,False
2019-01-08 03:00:00+08:00,永定门内,7.0,17.0,5.0,18.0,0.3,41.0,Quotsoft/Beijing-monitoring-archive,False
2019-01-08 04:00:00+08:00,前门,1.0,16.0,4.0,17.0,0.4,44.0,Quotsoft/Beijing-monitoring-archive,False
2019-01-08 04:00:00+08:00,天坛,5.0,22.0,9.0,18.0,0.3,59.0,Quotsoft/Beijing-monitoring-archive,False
2019-01-08 04:00:00+08:00,永定门内,8.0,17.0,6.0,14.0,0.3,45.0,Quotsoft/Beijing-monitoring-archive,False
2019-01-08 05:00:00+08:00,前门,13.0,21.0,4.0,17.0,0.4,41.0,Quotsoft/Beijing-monitoring-archive,False
2019-01-08 05:00:00+08:00,天坛,8.0,29.0,9.0,19.0,0.3,56.0,Quotsoft/Beijing-monitoring-archive,False
2019-01-08 05:00:00+08:00,永定门内,8.0,19.0,6.0,15.0,0.3,41.0,Quotsoft/Beijing-monitoring-archive,False
2019-01-08 06:00:00+08:00,前门,5.0,26.0,4.0,16.0,0.4,42.0,Quotsoft/Beijing-monitoring-archive,False
2019-01-08 06:00:00+08:00,天坛,5.0,42.0,9.0,18.0,0.3,57.0,Quotsoft/Beijing-monitoring-archive,False
2019-01-08 06:00:00+08:00,永定门内,8.0,24.0,5.0,13.0,0.3,43.0,Quotsoft/Beijing-monitoring-archive,False
2019-01-08 07:00:00+08:00,前门,10.0,22.0,5.0,19.0,0.4,39.0,Quotsoft/Beijing-monitoring-archive,False
2019-01-08 07:00:00+08:00,天坛,4.0,39.0,10.0,25.0,0.4,50.0,Quotsoft/Beijing-monitoring-archive,False
2019-01-08 07:00:00+08:00,永定门内,8.0,27.0,6.0,19.0,0.4,39.0,Quotsoft/Beijing-monitoring-archive,False
2019-01-08 08:00:00+08:00,前门,20.0,23.0,5.0,23.0,0.5,36.0,Quotsoft/Beijing-monitoring-archive,False
2019-01-08 08:00:00+08:00,天坛,5.0,30.0,10.0,33.0,0.5,44.0,Quotsoft/Beijing-monitoring-archive,False
2019-01-08 08:00:00+08:00,永定门内,11.0,25.0,5.0,32.0,0.5,30.0,Quotsoft/Beijing-monitoring-archive,False
2019-01-08 09:00:00+08:00,前门,9.0,25.0,5.0,32.0,0.5,32.0,Quotsoft/Beijing-monitoring-archive,False
2019-01-08 09:00:00+08:00,天坛,7.0,42.0,9.0,32.0,0.5,47.0,Quotsoft/Beijing-monitoring-archive,False
2019-01-08 09:00:00+08:00,永定门内,12.0,25.0,6.0,30.0,0.5,31.0,Quotsoft/Beijing-monitoring-archive,False
2019-01-08 10:00:00+08:00,前门,18.0,23.0,5.0,24.0,0.5,38.0,Quotsoft/Beijing-monitoring-archive,False
2019-01-08 10:00:00+08:00,天坛,7.0,29.0,10.0,26.0,0.5,53.0,Quotsoft/Beijing-monitoring-archive,False
2019-01-08 10:00:00+08:00,永定门内,8.0,22.0,6.0,21.0,0.4,41.0,Quotsoft/Beijing-monitoring-archive,False
2019-01-08 11:00:00+08:00,前门,7.0,13.0,4.0,18.0,0.4,47.0,Quotsoft/Beijing-monitoring-archive,False
2019-01-08 11:00:00+08:00,天坛,9.0,33.0,9.0,20.0,0.4,62.0,Quotsoft/Beijing-monitoring-archive,False
2019-01-08 11:00:00+08:00,永定门内,4.0,13.0,4.0,15.0,0.3,50.0,Quotsoft/Beijing-monitoring-archive,False
2019-01-08 12:00:00+08:00,前门,,12.0,3.0,15.0,0.4,51.0,Quotsoft/Beijing-monitoring-archive,False
2019-01-08 12:00:00+08:00,天坛,2.0,27.0,7.0,18.0,0.3,66.0,Quotsoft/Beijing-monitoring-archive,False
2019-01-08 12:00:00+08:00,永定门内,11.0,12.0,4.0,11.0,0.3,54.0,Quotsoft/Beijing-monitoring-archive,False
2019-01-08 13:00:00+08:00,前门,5.0,7.0,3.0,14.0,0.3,53.0,Quotsoft/Beijing-monitoring-archive,False
2019-01-08 13:00:00+08:00,天坛,6.0,12.0,7.0,16.0,0.2,70.0,Quotsoft/Beijing-monitoring-archive,False
2019-01-08 13:00:00+08:00,永定门内,4.0,9.0,3.0,11.0,0.3,55.0,Quotsoft/Beijing-monitoring-archive,False
2019-01-08 14:00:00+08:00,前门,23.0,,3.0,13.0,0.3,55.0,Quotsoft/Beijing-monitoring-archive,False
2019-01-08 14:00:00+08:00,天坛,5.0,,6.0,16.0,0.2,71.0,Quotsoft/Beijing-monitoring-archive,False
2019-01-08 14:00:00+08:00,永定门内,8.0,10.0,3.0,9.0,0.3,57.0,Quotsoft/Beijing-monitoring-archive,False
2019-01-08 15:00:00+08:00,前门,7.0,11.0,3.0,15.0,0.3,54.0,Quotsoft/Beijing-monitoring-archive,False
2019-01-08 15:00:00+08:00,天坛,2.0,8.0,6.0,15.0,0.2,73.0,Quotsoft/Beijing-monitoring-archive,False
2019-01-08 15:00:00+08:00,永定门内,6.0,13.0,4.0,7.0,0.2,60.0,Quotsoft/Beijing-monitoring-archive,False
2019-01-08 16:00:00+08:00,前门,6.0,11.0,3.0,16.0,0.3,53.0,Quotsoft/Beijing-monitoring-archive,False
2019-01-08 16:00:00+08:00,天坛,5.0,18.0,6.0,18.0,0.2,70.0,Quotsoft/Beijing-monitoring-archive,False
2019-01-08 16:00:00+08:00,永定门内,4.0,14.0,4.0,9.0,0.3,58.0,Quotsoft/Beijing-monitoring-archive,False
2019-01-08 17:00:00+08:00,前门,5.0,14.0,3.0,24.0,0.4,44.0,Quotsoft/Beijing-monitoring-archive,False
2019-01-08 17:00:00+08:00,天坛,2.0,24.0,7.0,30.0,0.3,59.0,Quotsoft/Beijing-monitoring-archive,False
2019-01-08 17:00:00+08:00,永定门内,9.0,20.0,3.0,18.0,0.3,47.0,Quotsoft/Beijing-monitoring-archive,False
2019-01-08 18:00:00+08:00,前门,14.0,27.0,3.0,42.0,0.6,24.0,Quotsoft/Beijing-monitoring-archive,False
2019-01-08 18:00:00+08:00,天坛,8.0,39.0,7.0,39.0,0.4,45.0,Quotsoft/Beijing-monitoring-archive,False
2019-01-08 18:00:00+08:00,永定门内,12.0,33.0,5.0,41.0,0.5,22.0,Quotsoft/Beijing-monitoring-archive,False
2019-01-08 19:00:00+08:00,前门,21.0,26.0,4.0,45.0,0.5,21.0,Quotsoft/Beijing-monitoring-archive,False
2019-01-08 19:00:00+08:00,天坛,9.0,36.0,7.0,51.0,0.5,28.0,Quotsoft/Beijing-monitoring-archive,False
2019-01-08 19:00:00+08:00,永定门内,20.0,39.0,4.0,59.0,0.7,5.0,Quotsoft/Beijing-monitoring-archive,False
2019-01-08 20:00:00+08:00,前门,20.0,28.0,4.0,57.0,0.6,12.0,Quotsoft/Beijing-monitoring-archive,False
2019-01-08 20:00:00+08:00,天坛,5.0,34.0,7.0,58.0,0.5,19.0,Quotsoft/Beijing-monitoring-archive,False
2019-01-08 20:00:00+08:00,永定门内,19.0,38.0,4.0,62.0,0.7,2.0,Quotsoft/Beijing-monitoring-archive,False
2019-01-08 21:00:00+08:00,前门,22.0,30.0,4.0,67.0,0.7,7.0,Quotsoft/Beijing-monitoring-archive,False
2019-01-08 21:00:00+08:00,天坛,13.0,30.0,7.0,62.0,0.5,14.0,Quotsoft/Beijing-monitoring-archive,False
2019-01-08 21:00:00+08:00,永定门内,16.0,30.0,4.0,58.0,0.5,4.0,Quotsoft/Beijing-monitoring-archive,False
2019-01-08 22:00:00+08:00,前门,30.0,35.0,4.0,68.0,0.7,8.0,Quotsoft/Beijing-monitoring-archive,False
2019-01-08 22:00:00+08:00,天坛,12.0,38.0,6.0,54.0,0.5,18.0,Quotsoft/Beijing-monitoring-archive,False
2019-01-08 22:00:00+08:00,永定门内,16.0,41.0,3.0,63.0,0.5,2.0,Quotsoft/Beijing-monitoring-archive,False
2019-01-08 23:00:00+08:00,前门,14.0,40.0,4.0,59.0,0.7,10.0,Quotsoft/Beijing-monitoring-archive,False
2019-01-08 23:00:00+08:00,天坛,17.0,39.0,6.0,55.0,0.5,13.0,Quotsoft/Beijing-monitoring-archive,False
2019-01-08 23:00:00+08:00,永定门内,16.0,41.0,4.0,64.0,0.5,2.0,Quotsoft/Beijing-monitoring-archive,False
2019-01-09 00:00:00+08:00,前门,34.0,37.0,4.0,59.0,0.6,9.0,Quotsoft/Beijing-monitoring-archive,False
2019-01-09 00:00:00+08:00,天坛,18.0,74.0,6.0,58.0,0.6,11.0,Quotsoft/Beijing-monitoring-archive,False
2019-01-09 00:00:00+08:00,永定门内,26.0,51.0,4.0,61.0,0.6,2.0,Quotsoft/Beijing-monitoring-archive,False
2019-01-09 01:00:00+08:00,前门,26.0,45.0,6.0,62.0,0.7,5.0,Quotsoft/Beijing-monitoring-archive,False
2019-01-09 01:00:00+08:00,天坛,,,,,,,Quotsoft/Beijing-monitoring-archive,False
2019-01-09 01:00:00+08:00,永定门内,33.0,70.0,6.0,63.0,0.7,2.0,Quotsoft/Beijing-monitoring-archive,False
2019-01-09 02:00:00+08:00,前门,42.0,54.0,8.0,63.0,0.8,4.0,Quotsoft/Beijing-monitoring-archive,False
2019-01-09 02:00:00+08:00,天坛,23.0,41.0,6.0,60.0,0.6,6.0,Quotsoft/Beijing-monitoring-archive,False
2019-01-09 02:00:00+08:00,永定门内,42.0,66.0,7.0,57.0,0.7,2.0,Quotsoft/Beijing-monitoring-archive,False
2019-01-09 03:00:00+08:00,前门,40.0,44.0,10.0,65.0,0.9,3.0,Quotsoft/Beijing-monitoring-archive,False
2019-01-09 03:00:00+08:00,天坛,26.0,49.0,6.0,60.0,0.7,5.0,Quotsoft/Beijing-monitoring-archive,False
2019-01-09 03:00:00+08:00,永定门内,40.0,63.0,7.0,61.0,0.8,2.0,Quotsoft/Beijing-monitoring-archive,False
2019-01-09 04:00:00+08:00,前门,26.0,,8.0,60.0,0.8,,Quotsoft/Beijing-monitoring-archive,False
2019-01-09 04:00:00+08:00,天坛,,,,,,,Quotsoft/Beijing-monitoring-archive,False
2019-01-09 04:00:00+08:00,永定门内,34.0,38.0,11.0,63.0,0.9,,Quotsoft/Beijing-monitoring-archive,False
2019-01-09 05:00:00+08:00,前门,23.0,27.0,7.0,63.0,0.8,3.0,Quotsoft/Beijing-monitoring-archive,False
2019-01-09 05:00:00+08:00,天坛,25.0,35.0,7.0,66.0,1.0,5.0,Quotsoft/Beijing-monitoring-archive,False
2019-01-09 05:00:00+08:00,永定门内,32.0,36.0,9.0,67.0,0.8,2.0,Quotsoft/Beijing-monitoring-archive,False
2019-01-09 06:00:00+08:00,前门,21.0,23.0,5.0,61.0,0.8,3.0,Quotsoft/Beijing-monitoring-archive,False
2019-01-09 06:00:00+08:00,天坛,13.0,38.0,7.0,67.0,1.0,5.0,Quotsoft/Beijing-monitoring-archive,False
2019-01-09 06:00:00+08:00,永定门内,23.0,26.0,6.0,66.0,0.7,2.0,Quotsoft/Beijing-monitoring-archive,False
2019-01-09 07:00:00+08:00,前门,19.0,,4.0,55.0,0.6,6.0,Quotsoft/Beijing-monitoring-archive,False
2019-01-09 07:00:00+08:00,天坛,16.0,41.0,7.0,67.0,0.9,5.0,Quotsoft/Beijing-monitoring-archive,False
2019-01-09 07:00:00+08:00,永定门内,19.0,,7.0,62.0,0.6,2.0,Quotsoft/Beijing-monitoring-archive,False
2019-01-09 08:00:00+08:00,前门,17.0,,4.0,55.0,0.6,6.0,Quotsoft/Beijing-monitoring-archive,False
2019-01-09 08:00:00+08:00,天坛,9.0,28.0,6.0,64.0,0.8,6.0,Quotsoft/Beijing-monitoring-archive,False
2019-01-09 08:00:00+08:00,永定门内,9.0,20.0,6.0,62.0,0.7,2.0,Quotsoft/Beijing-monitoring-archive,False
2019-01-09 09:00:00+08:00,前门,18.0,32.0,4.0,57.0,0.7,7.0,Quotsoft/Beijing-monitoring-archive,False
2019-01-09 09:00:00+08:00,天坛,10.0,39.0,6.0,57.0,0.8,11.0,Quotsoft/Beijing-monitoring-archive,False
2019-01-09 09:00:00+08:00,永定门内,16.0,37.0,6.0,63.0,0.9,2.0,Quotsoft/Beijing-monitoring-archive,False
2019-01-09 10:00:00+08:00,前门,21.0,35.0,6.0,54.0,0.8,11.0,Quotsoft/Beijing-monitoring-archive,False
2019-01-09 10:00:00+08:00,天坛,59.0,,8.0,56.0,0.8,20.0,Quotsoft/Beijing-monitoring-archive,False
2019-01-09 10:00:00+08:00,永定门内,14.0,25.0,8.0,56.0,0.7,6.0,Quotsoft/Beijing-monitoring-archive,False
2019-01-09 11:00:00+08:00,前门,13.0,28.0,9.0,47.0,0.8,16.0,Quotsoft/Beijing-monitoring-archive,False
2019-01-09 11:00:00+08:00,天坛,,,,,,,Quotsoft/Beijing-monitoring-archive,False
2019-01-09 11:00:00+08:00,永定门内,21.0,33.0,10.0,53.0,0.8,10.0,Quotsoft/Beijing-monitoring-archive,False
2019-01-09 12:00:00+08:00,前门,37.0,44.0,11.0,54.0,0.9,16.0,Quotsoft/Beijing-monitoring-archive,False
2019-01-09 12:00:00+08:00,天坛,75.0,,14.0,65.0,1.1,21.0,Quotsoft/Beijing-monitoring-archive,False
2019-01-09 12:00:00+08:00,永定门内,31.0,55.0,11.0,62.0,0.9,8.0,Quotsoft/Beijing-monitoring-archive,False
2019-01-09 13:00:00+08:00,前门,53.0,74.0,14.0,66.0,1.1,14.0,Quotsoft/Beijing-monitoring-archive,False
2019-01-09 13:00:00+08:00,天坛,66.0,86.0,19.0,78.0,1.3,19.0,Quotsoft/Beijing-monitoring-archive,False
2019-01-09 13:00:00+08:00,永定门内,64.0,91.0,18.0,73.0,1.1,8.0,Quotsoft/Beijing-monitoring-archive,False
2019-01-09 14:00:00+08:00,前门,67.0,92.0,15.0,59.0,1.1,21.0,Quotsoft/Beijing-monitoring-archive,False
2019-01-09 14:00:00+08:00,天坛,71.0,103.0,20.0,60.0,1.1,33.0,Quotsoft/Beijing-monitoring-archive,False
2019-01-09 14:00:00+08:00,永定门内,71.0,96.0,17.0,59.0,0.9,21.0,Quotsoft/Beijing-monitoring-archive,False
2019-01-09 15:00:00+08:00,前门,86.0,98.0,15.0,57.0,1.1,27.0,Quotsoft/Beijing-monitoring-archive,False
2019-01-09 15:00:00+08:00,天坛,84.0,115.0,21.0,59.0,1.2,40.0,Quotsoft/Beijing-monitoring-archive,False
2019-01-09 15:00:00+08:00,永定门内,85.0,112.0,19.0,56.0,1.0,28.0,Quotsoft/Beijing-monitoring-archive,False
2019-01-09 16:00:00+08:00,前门,88.0,107.0,15.0,60.0,1.2,25.0,Quotsoft/Beijing-monitoring-archive,False
2019-01-09 16:00:00+08:00,天坛,80.0,112.0,20.0,60.0,1.2,40.0,Quotsoft/Beijing-monitoring-archive,False
2019-01-09 16:00:00+08:00,永定门内,82.0,116.0,18.0,59.0,1.0,24.0,Quotsoft/Beijing-monitoring-archive,False
2019-01-09 17:00:00+08:00,前门,71.0,96.0,13.0,53.0,1.0,31.0,Quotsoft/Beijing-monitoring-archive,False
2019-01-09 17:00:00+08:00,天坛,61.0,117.0,17.0,48.0,0.9,48.0,Quotsoft/Beijing-monitoring-archive,False
2019-01-09 17:00:00+08:00,永定门内,61.0,98.0,17.0,48.0,0.8,34.0,Quotsoft/Beijing-monitoring-archive,False
2019-01-09 18:00:00+08:00,前门,78.0,92.0,12.0,57.0,1.0,25.0,Quotsoft/Beijing-monitoring-archive,False
2019-01-09 18:00:00+08:00,天坛,62.0,101.0,16.0,52.0,0.9,40.0,Quotsoft/Beijing-monitoring-archive,False
2019-01-09 18:00:00+08:00,永定门内,65.0,99.0,16.0,55.0,0.8,24.0,Quotsoft/Beijing-monitoring-archive,False
2019-01-09 19:00:00+08:00,前门,80.0,95.0,13.0,60.0,1.1,21.0,Quotsoft/Beijing-monitoring-archive,False
2019-01-09 19:00:00+08:00,天坛,67.0,109.0,18.0,57.0,1.0,34.0,Quotsoft/Beijing-monitoring-archive,False
2019-01-09 19:00:00+08:00,永定门内,71.0,98.0,18.0,59.0,0.9,18.0,Quotsoft/Beijing-monitoring-archive,False
2019-01-09 20:00:00+08:00,前门,84.0,90.0,14.0,60.0,1.1,17.0,Quotsoft/Beijing-monitoring-archive,False
2019-01-09 20:00:00+08:00,天坛,72.0,94.0,18.0,62.0,1.0,25.0,Quotsoft/Beijing-monitoring-archive,False
2019-01-09 20:00:00+08:00,永定门内,73.0,92.0,18.0,63.0,0.9,9.0,Quotsoft/Beijing-monitoring-archive,False
2019-01-09 21:00:00+08:00,前门,87.0,93.0,14.0,67.0,1.1,9.0,Quotsoft/Beijing-monitoring-archive,False
2019-01-09 21:00:00+08:00,天坛,74.0,99.0,17.0,70.0,1.0,15.0,Quotsoft/Beijing-monitoring-archive,False
2019-01-09 21:00:00+08:00,永定门内,76.0,100.0,19.0,69.0,0.9,1.0,Quotsoft/Beijing-monitoring-archive,False
2019-01-09 22:00:00+08:00,前门,90.0,99.0,15.0,70.0,1.2,5.0,Quotsoft/Beijing-monitoring-archive,False
2019-01-09 22:00:00+08:00,天坛,,,,,,,Quotsoft/Beijing-monitoring-archive,False
2019-01-09 22:00:00+08:00,永定门内,87.0,108.0,21.0,73.0,1.0,2.0,Quotsoft/Beijing-monitoring-archive,False
2019-01-09 23:00:00+08:00,前门,95.0,105.0,17.0,71.0,1.2,4.0,Quotsoft/Beijing-monitoring-archive,False
2019-01-09 23:00:00+08:00,天坛,80.0,108.0,17.0,79.0,1.2,6.0,Quotsoft/Beijing-monitoring-archive,False
2019-01-09 23:00:00+08:00,永定门内,88.0,113.0,22.0,75.0,1.1,2.0,Quotsoft/Beijing-monitoring-archive,False
2019-01-10 00:00:00+08:00,前门,97.0,106.0,17.0,72.0,1.3,4.0,Quotsoft/Beijing-monitoring-archive,False
2019-01-10 00:00:00+08:00,天坛,92.0,112.0,16.0,79.0,1.3,6.0,Quotsoft/Beijing-monitoring-archive,False
2019-01-10 00:00:00+08:00,永定门内,94.0,117.0,22.0,75.0,1.2,2.0,Quotsoft/Beijing-monitoring-archive,False
2019-01-10 01:00:00+08:00,前门,98.0,102.0,16.0,75.0,1.4,4.0,Quotsoft/Beijing-monitoring-archive,False
2019-01-10 01:00:00+08:00,天坛,97.0,114.0,13.0,76.0,1.4,6.0,Quotsoft/Beijing-monitoring-archive,False
2019-01-10 01:00:00+08:00,永定门内,100.0,124.0,18.0,80.0,1.3,2.0,Quotsoft/Beijing-monitoring-archive,False
2019-01-10 02:00:00+08:00,前门,72.0,76.0,18.0,78.0,1.5,3.0,Quotsoft/Beijing-monitoring-archive,False
2019-01-10 02:00:00+08:00,天坛,105.0,114.0,12.0,78.0,1.6,6.0,Quotsoft/Beijing-monitoring-archive,False
2019-01-10 02:00:00+08:00,永定门内,77.0,99.0,18.0,86.0,1.4,2.0,Quotsoft/Beijing-monitoring-archive,False
2019-01-10 03:00:00+08:00,前门,63.0,,14.0,71.0,1.3,3.0,Quotsoft/Beijing-monitoring-archive,False
2019-01-10 03:00:00+08:00,天坛,70.0,88.0,12.0,80.0,1.8,5.0,Quotsoft/Beijing-monitoring-archive,False
2019-01-10 03:00:00+08:00,永定门内,59.0,68.0,18.0,80.0,1.3,2.0,Quotsoft/Beijing-monitoring-archive,False
2019-01-10 04:00:00+08:00,前门,58.0,,13.0,69.0,1.2,3.0,Quotsoft/Beijing-monitoring-archive,False
2019-01-10 04:00:00+08:00,天坛,56.0,66.0,10.0,73.0,1.4,5.0,Quotsoft/Beijing-monitoring-archive,False
2019-01-10 04:00:00+08:00,永定门内,56.0,57.0,14.0,74.0,1.1,2.0,Quotsoft/Beijing-monitoring-archive,False
2019-01-10 05:00:00+08:00,前门,63.0,,16.0,70.0,1.4,3.0,Quotsoft/Beijing-monitoring-archive,False
2019-01-10 05:00:00+08:00,天坛,49.0,55.0,9.0,70.0,1.3,5.0,Quotsoft/Beijing-monitoring-archive,False
2019-01-10 05:00:00+08:00,永定门内,51.0,59.0,11.0,72.0,1.1,2.0,Quotsoft/Beijing-monitoring-archive,False
2019-01-10 06:00:00+08:00,前门,55.0,56.0,17.0,72.0,1.6,3.0,Quotsoft/Beijing-monitoring-archive,False
2019-01-10 06:00:00+08:00,天坛,48.0,53.0,9.0,69.0,1.4,5.0,Quotsoft/Beijing-monitoring-archive,False
2019-01-10 06:00:00+08:00,永定门内,55.0,74.0,11.0,77.0,1.3,2.0,Quotsoft/Beijing-monitoring-archive,False
2019-01-10 07:00:00+08:00,前门,58.0,60.0,12.0,70.0,1.5,3.0,Quotsoft/Beijing-monitoring-archive,False
2019-01-10 07:00:00+08:00,天坛,49.0,72.0,8.0,68.0,1.6,5.0,Quotsoft/Beijing-monitoring-archive,False
2019-01-10 07:00:00+08:00,永定门内,59.0,104.0,12.0,87.0,1.7,2.0,Quotsoft/Beijing-monitoring-archive,False
2019-01-10 08:00:00+08:00,前门,,,,,,,Quotsoft/Beijing-monitoring-archive,False
2019-01-10 08:00:00+08:00,天坛,50.0,83.0,8.0,68.0,1.7,5.0,Quotsoft/Beijing-monitoring-archive,False
2019-01-10 08:00:00+08:00,永定门内,75.0,119.0,10.0,97.0,2.5,2.0,Quotsoft/Beijing-monitoring-archive,False
2019-01-10 09:00:00+08:00,前门,64.0,66.0,12.0,71.0,1.5,4.0,Quotsoft/Beijing-monitoring-archive,False
2019-01-10 09:00:00+08:00,天坛,45.0,97.0,8.0,68.0,1.8,6.0,Quotsoft/Beijing-monitoring-archive,False
2019-01-10 09:00:00+08:00,永定门内,63.0,100.0,12.0,87.0,2.2,2.0,Quotsoft/Beijing-monitoring-archive,False
2019-01-10 10:00:00+08:00,前门,70.0,81.0,15.0,73.0,1.7,5.0,Quotsoft/Beijing-monitoring-archive,False
2019-01-10 10:00:00+08:00,天坛,56.0,96.0,13.0,76.0,2.0,8.0,Quotsoft/Beijing-monitoring-archive,False
2019-01-10 10:00:00+08:00,永定门内,69.0,106.0,17.0,86.0,1.8,2.0,Quotsoft/Beijing-monitoring-archive,False
2019-01-10 11:00:00+08:00,前门,80.0,94.0,17.0,86.0,2.0,6.0,Quotsoft/Beijing-monitoring-archive,False
2019-01-10 11:00:00+08:00,天坛,88.0,116.0,18.0,100.0,2.4,8.0,Quotsoft/Beijing-monitoring-archive,False
2019-01-10 11:00:00+08:00,永定门内,74.0,122.0,18.0,,1.8,2.0,Quotsoft/Beijing-monitoring-archive,False
2019-01-10 12:00:00+08:00,前门,90.0,108.0,20.0,90.0,2.1,7.0,Quotsoft/Beijing-monitoring-archive,False
2019-01-10 12:00:00+08:00,天坛,106.0,134.0,21.0,102.0,2.3,10.0,Quotsoft/Beijing-monitoring-archive,False
2019-01-10 12:00:00+08:00,永定门内,84.0,112.0,19.0,92.0,1.6,,Quotsoft/Beijing-monitoring-archive,False
2019-01-10 13:00:00+08:00,前门,109.0,,21.0,87.0,1.9,10.0,Quotsoft/Beijing-monitoring-archive,False
2019-01-10 13:00:00+08:00,天坛,101.0,121.0,25.0,99.0,2.1,14.0,Quotsoft/Beijing-monitoring-archive,False
2019-01-10 13:00:00+08:00,永定门内,80.0,111.0,22.0,88.0,1.6,6.0,Quotsoft/Beijing-monitoring-archive,False
2019-01-10 14:00:00+08:00,前门,101.0,102.0,23.0,88.0,1.8,12.0,Quotsoft/Beijing-monitoring-archive,False
2019-01-10 14:00:00+08:00,天坛,,30.0,26.0,99.0,2.1,,Quotsoft/Beijing-monitoring-archive,False
2019-01-10 14:00:00+08:00,永定门内,88.0,117.0,25.0,91.0,1.5,8.0,Quotsoft/Beijing-monitoring-archive,False
2019-01-10 15:00:00+08:00,前门,102.0,110.0,22.0,94.0,1.8,12.0,Quotsoft/Beijing-monitoring-archive,False
2019-01-10 15:00:00+08:00,天坛,,,,,,,Quotsoft/Beijing-monitoring-archive,False
2019-01-10 15:00:00+08:00,永定门内,97.0,119.0,26.0,93.0,1.5,10.0,Quotsoft/Beijing-monitoring-archive,False
2019-01-10 16:00:00+08:00,前门,101.0,108.0,20.0,93.0,1.6,13.0,Quotsoft/Beijing-monitoring-archive,False
2019-01-10 16:00:00+08:00,天坛,188.0,,22.0,,1.8,,Quotsoft/Beijing-monitoring-archive,False
2019-01-10 16:00:00+08:00,永定门内,96.0,118.0,23.0,89.0,1.3,12.0,Quotsoft/Beijing-monitoring-archive,False
2019-01-10 17:00:00+08:00,前门,100.0,115.0,18.0,94.0,1.6,8.0,Quotsoft/Beijing-monitoring-archive,False
2019-01-10 17:00:00+08:00,天坛,,124.0,17.0,113.0,1.7,7.0,Quotsoft/Beijing-monitoring-archive,False
2019-01-10 17:00:00+08:00,永定门内,96.0,125.0,19.0,96.0,1.3,3.0,Quotsoft/Beijing-monitoring-archive,False
2019-01-10 18:00:00+08:00,前门,110.0,122.0,16.0,95.0,1.7,5.0,Quotsoft/Beijing-monitoring-archive,False
2019-01-10 18:00:00+08:00,天坛,,119.0,16.0,110.0,1.6,4.0,Quotsoft/Beijing-monitoring-archive,False
2019-01-10 18:00:00+08:00,永定门内,105.0,129.0,19.0,94.0,1.4,2.0,Quotsoft/Beijing-monitoring-archive,False
2019-01-10 19:00:00+08:00,前门,133.0,137.0,17.0,100.0,1.9,4.0,Quotsoft/Beijing-monitoring-archive,False
2019-01-10 19:00:00+08:00,天坛,125.0,130.0,12.0,114.0,1.8,3.0,Quotsoft/Beijing-monitoring-archive,False
2019-01-10 19:00:00+08:00,永定门内,119.0,157.0,19.0,103.0,1.7,2.0,Quotsoft/Beijing-monitoring-archive,False
2019-01-10 20:00:00+08:00,前门,138.0,145.0,18.0,100.0,2.0,4.0,Quotsoft/Beijing-monitoring-archive,False
2019-01-10 20:00:00+08:00,天坛,215.0,,12.0,113.0,2.1,3.0,Quotsoft/Beijing-monitoring-archive,False
2019-01-10 20:00:00+08:00,永定门内,125.0,162.0,17.0,103.0,1.9,2.0,Quotsoft/Beijing-monitoring-archive,False
2019-01-10 21:00:00+08:00,前门,151.0,157.0,18.0,96.0,2.4,4.0,Quotsoft/Beijing-monitoring-archive,False
2019-01-10 21:00:00+08:00,天坛,,151.0,10.0,103.0,2.1,3.0,Quotsoft/Beijing-monitoring-archive,False
2019-01-10 21:00:00+08:00,永定门内,136.0,181.0,16.0,98.0,2.1,2.0,Quotsoft/Beijing-monitoring-archive,False
2019-01-10 22:00:00+08:00,前门,147.0,153.0,18.0,95.0,2.2,4.0,Quotsoft/Beijing-monitoring-archive,False
2019-01-10 22:00:00+08:00,天坛,,154.0,10.0,99.0,2.3,3.0,Quotsoft/Beijing-monitoring-archive,False
2019-01-10 22:00:00+08:00,永定门内,142.0,195.0,16.0,102.0,2.4,2.0,Quotsoft/Beijing-monitoring-archive,False
2019-01-10 23:00:00+08:00,前门,155.0,164.0,19.0,94.0,2.3,4.0,Quotsoft/Beijing-monitoring-archive,False
2019-01-10 23:00:00+08:00,天坛,142.0,169.0,15.0,107.0,2.6,3.0,Quotsoft/Beijing-monitoring-archive,False
2019-01-10 23:00:00+08:00,永定门内,156.0,187.0,25.0,98.0,2.0,2.0,Quotsoft/Beijing-monitoring-archive,False
2019-01-11 00:00:00+08:00,前门,178.0,180.0,20.0,97.0,2.4,4.0,Quotsoft/Beijing-monitoring-archive,False
2019-01-11 00:00:00+08:00,天坛,260.0,,15.0,110.0,2.8,3.0,Quotsoft/Beijing-monitoring-archive,False
2019-01-11 00:00:00+08:00,永定门内,196.0,230.0,26.0,105.0,2.4,2.0,Quotsoft/Beijing-monitoring-archive,False
2019-01-11 01:00:00+08:00,前门,213.0,,20.0,103.0,2.6,4.0,Quotsoft/Beijing-monitoring-archive,False
2019-01-11 01:00:00+08:00,天坛,305.0,,16.0,113.0,3.1,3.0,Quotsoft/Beijing-monitoring-archive,False
2019-01-11 01:00:00+08:00,永定门内,213.0,237.0,20.0,104.0,2.4,2.0,Quotsoft/Beijing-monitoring-archive,False
2019-01-11 02:00:00+08:00,前门,213.0,,16.0,104.0,2.6,3.0,Quotsoft/Beijing-monitoring-archive,False
2019-01-11 02:00:00+08:00,天坛,,213.0,16.0,111.0,3.3,3.0,Quotsoft/Beijing-monitoring-archive,False
2019-01-11 02:00:00+08:00,永定门内,204.0,221.0,13.0,96.0,2.3,2.0,Quotsoft/Beijing-monitoring-archive,False
2019-01-11 03:00:00+08:00,前门,123.0,,13.0,86.0,1.6,3.0,Quotsoft/Beijing-monitoring-archive,False
2019-01-11 03:00:00+08:00,天坛,150.0,214.0,16.0,114.0,3.2,3.0,Quotsoft/Beijing-monitoring-archive,False
2019-01-11 03:00:00+08:00,永定门内,145.0,,15.0,88.0,1.7,2.0,Quotsoft/Beijing-monitoring-archive,False
2019-01-11 04:00:00+08:00,前门,77.0,,11.0,79.0,1.4,,Quotsoft/Beijing-monitoring-archive,False
2019-01-11 04:00:00+08:00,天坛,142.0,,14.0,89.0,1.9,2.0,Quotsoft/Beijing-monitoring-archive,False
2019-01-11 04:00:00+08:00,永定门内,67.0,,15.0,68.0,1.1,,Quotsoft/Beijing-monitoring-archive,False
2019-01-11 05:00:00+08:00,前门,54.0,,9.0,66.0,1.2,4.0,Quotsoft/Beijing-monitoring-archive,False
2019-01-11 05:00:00+08:00,天坛,75.0,89.0,14.0,88.0,1.6,2.0,Quotsoft/Beijing-monitoring-archive,False
2019-01-11 05:00:00+08:00,永定门内,57.0,,14.0,68.0,1.0,2.0,Quotsoft/Beijing-monitoring-archive,False
2019-01-11 06:00:00+08:00,前门,51.0,,10.0,66.0,1.2,4.0,Quotsoft/Beijing-monitoring-archive,False
2019-01-11 06:00:00+08:00,天坛,64.0,,11.0,76.0,1.4,2.0,Quotsoft/Beijing-monitoring-archive,False
2019-01-11 06:00:00+08:00,永定门内,48.0,53.0,12.0,66.0,1.1,2.0,Quotsoft/Beijing-monitoring-archive,False
2019-01-11 07:00:00+08:00,前门,52.0,,9.0,67.0,1.2,4.0,Quotsoft/Beijing-monitoring-archive,False
2019-01-11 07:00:00+08:00,天坛,54.0,,10.0,73.0,1.2,2.0,Quotsoft/Beijing-monitoring-archive,False
2019-01-11 07:00:00+08:00,永定门内,56.0,67.0,10.0,74.0,1.4,2.0,Quotsoft/Beijing-monitoring-archive,False
2019-01-11 08:00:00+08:00,前门,47.0,62.0,11.0,73.0,1.5,4.0,Quotsoft/Beijing-monitoring-archive,False
2019-01-11 08:00:00+08:00,天坛,54.0,58.0,9.0,70.0,1.2,2.0,Quotsoft/Beijing-monitoring-archive,False
2019-01-11 08:00:00+08:00,永定门内,93.0,132.0,11.0,90.0,2.2,2.0,Quotsoft/Beijing-monitoring-archive,False
2019-01-11 09:00:00+08:00,前门,83.0,102.0,14.0,79.0,1.8,5.0,Quotsoft/Beijing-monitoring-archive,False
2019-01-11 09:00:00+08:00,天坛,95.0,127.0,14.0,91.0,2.5,3.0,Quotsoft/Beijing-monitoring-archive,False
2019-01-11 09:00:00+08:00,永定门内,137.0,193.0,15.0,106.0,2.7,2.0,Quotsoft/Beijing-monitoring-archive,False
2019-01-11 10:00:00+08:00,前门,59.0,60.0,12.0,63.0,1.4,10.0,Quotsoft/Beijing-monitoring-archive,False
2019-01-11 10:00:00+08:00,天坛,98.0,132.0,17.0,87.0,2.2,6.0,Quotsoft/Beijing-monitoring-archive,False
2019-01-11 10:00:00+08:00,永定门内,109.0,131.0,18.0,92.0,2.1,2.0,Quotsoft/Beijing-monitoring-archive,False
2019-01-11 11:00:00+08:00,前门,62.0,,12.0,61.0,1.3,13.0,Quotsoft/Beijing-monitoring-archive,False
2019-01-11 11:00:00+08:00,天坛,63.0,69.0,17.0,78.0,1.7,11.0,Quotsoft/Beijing-monitoring-archive,False
2019-01-11 11:00:00+08:00,永定门内,57.0,65.0,16.0,62.0,1.2,8.0,Quotsoft/Beijing-monitoring-archive,False
2019-01-11 12:00:00+08:00,前门,84.0,,18.0,60.0,1.4,20.0,Quotsoft/Beijing-monitoring-archive,False
2019-01-11 12:00:00+08:00,天坛,,,,,,,Quotsoft/Beijing-monitoring-archive,False
2019-01-11 12:00:00+08:00,永定门内,83.0,92.0,23.0,62.0,1.4,15.0,Quotsoft/Beijing-monitoring-archive,False
2019-01-11 13:00:00+08:00,前门,74.0,,13.0,54.0,1.2,26.0,Quotsoft/Beijing-monitoring-archive,False
2019-01-11 13:00:00+08:00,天坛,61.0,113.0,,,,32.0,Quotsoft/Beijing-monitoring-archive,False
2019-01-11 13:00:00+08:00,永定门内,73.0,74.0,19.0,53.0,1.1,24.0,Quotsoft/Beijing-monitoring-archive,False
2019-01-11 14:00:00+08:00,前门,82.0,,13.0,62.0,1.3,21.0,Quotsoft/Beijing-monitoring-archive,False
2019-01-11 14:00:00+08:00,天坛,60.0,82.0,,,1.5,30.0,Quotsoft/Beijing-monitoring-archive,False
2019-01-11 14:00:00+08:00,永定门内,67.0,77.0,18.0,61.0,1.1,20.0,Quotsoft/Beijing-monitoring-archive,False
2019-01-11 15:00:00+08:00,前门,81.0,,13.0,68.0,1.3,19.0,Quotsoft/Beijing-monitoring-archive,False
2019-01-11 15:00:00+08:00,天坛,67.0,79.0,,,1.5,26.0,Quotsoft/Beijing-monitoring-archive,False
2019-01-11 15:00:00+08:00,永定门内,74.0,88.0,18.0,,1.2,16.0,Quotsoft/Beijing-monitoring-archive,False
2019-01-11 16:00:00+08:00,前门,72.0,77.0,15.0,79.0,1.5,13.0,Quotsoft/Beijing-monitoring-archive,False
2019-01-11 16:00:00+08:00,天坛,77.0,,14.0,87.0,,14.0,Quotsoft/Beijing-monitoring-archive,False
2019-01-11 16:00:00+08:00,永定门内,73.0,93.0,18.0,85.0,1.5,7.0,Quotsoft/Beijing-monitoring-archive,False
2019-01-11 17:00:00+08:00,前门,74.0,80.0,14.0,89.0,1.6,6.0,Quotsoft/Beijing-monitoring-archive,False
2019-01-11 17:00:00+08:00,天坛,78.0,110.0,12.0,94.0,1.4,6.0,Quotsoft/Beijing-monitoring-archive,False
2019-01-11 17:00:00+08:00,永定门内,79.0,105.0,17.0,100.0,1.5,2.0,Quotsoft/Beijing-monitoring-archive,False
2019-01-11 18:00:00+08:00,前门,77.0,85.0,14.0,94.0,1.6,4.0,Quotsoft/Beijing-monitoring-archive,False
2019-01-11 18:00:00+08:00,天坛,70.0,,7.0,89.0,1.3,2.0,Quotsoft/Beijing-monitoring-archive,False
2019-01-11 18:00:00+08:00,永定门内,80.0,135.0,16.0,107.0,1.9,2.0,Quotsoft/Beijing-monitoring-archive,False
2019-01-11 19:00:00+08:00,前门,78.0,87.0,14.0,94.0,1.7,4.0,Quotsoft/Beijing-monitoring-archive,False
2019-01-11 19:00:00+08:00,天坛,71.0,83.0,6.0,86.0,1.3,,Quotsoft/Beijing-monitoring-archive,False
2019-01-11 19:00:00+08:00,永定门内,79.0,141.0,14.0,112.0,2.0,2.0,Quotsoft/Beijing-monitoring-archive,False
2019-01-11 20:00:00+08:00,前门,100.0,113.0,15.0,98.0,2.1,5.0,Quotsoft/Beijing-monitoring-archive,False
2019-01-11 20:00:00+08:00,天坛,81.0,94.0,7.0,,1.5,,Quotsoft/Beijing-monitoring-archive,False
2019-01-11 20:00:00+08:00,永定门内,131.0,176.0,18.0,117.0,2.2,2.0,Quotsoft/Beijing-monitoring-archive,False
2019-01-11 21:00:00+08:00,前门,185.0,206.0,19.0,110.0,2.9,5.0,Quotsoft/Beijing-monitoring-archive,False
2019-01-11 21:00:00+08:00,天坛,161.0,164.0,8.0,104.0,2.0,3.0,Quotsoft/Beijing-monitoring-archive,False
2019-01-11 21:00:00+08:00,永定门内,244.0,267.0,19.0,130.0,2.7,2.0,Quotsoft/Beijing-monitoring-archive,False
2019-01-11 22:00:00+08:00,前门,289.0,294.0,17.0,120.0,3.4,5.0,Quotsoft/Beijing-monitoring-archive,False
2019-01-11 22:00:00+08:00,天坛,219.0,222.0,7.0,108.0,2.4,3.0,Quotsoft/Beijing-monitoring-archive,False
2019-01-11 22:00:00+08:00,永定门内,273.0,288.0,12.0,135.0,3.3,2.0,Quotsoft/Beijing-monitoring-archive,False
2019-01-11 23:00:00+08:00,前门,332.0,,15.0,122.0,3.7,5.0,Quotsoft/Beijing-monitoring-archive,False
2019-01-11 23:00:00+08:00,天坛,285.0,,6.0,113.0,2.9,3.0,Quotsoft/Beijing-monitoring-archive,False
2019-01-11 23:00:00+08:00,永定门内,297.0,312.0,9.0,136.0,3.6,2.0,Quotsoft/Beijing-monitoring-archive,False
2019-01-12 00:00:00+08:00,前门,341.0,,14.0,125.0,3.8,4.0,Quotsoft/Beijing-monitoring-archive,False
2019-01-12 00:00:00+08:00,天坛,312.0,,6.0,107.0,3.0,3.0,Quotsoft/Beijing-monitoring-archive,False
2019-01-12 00:00:00+08:00,永定门内,331.0,338.0,8.0,131.0,3.7,2.0,Quotsoft/Beijing-monitoring-archive,False
2019-01-12 01:00:00+08:00,前门,326.0,,14.0,122.0,3.8,4.0,Quotsoft/Beijing-monitoring-archive,False
2019-01-12 01:00:00+08:00,天坛,345.0,,6.0,112.0,3.3,3.0,Quotsoft/Beijing-monitoring-archive,False
2019-01-12 01:00:00+08:00,永定门内,335.0,,7.0,126.0,3.7,2.0,Quotsoft/Beijing-monitoring-archive,False
2019-01-12 02:00:00+08:00,前门,286.0,,16.0,124.0,3.8,4.0,Quotsoft/Beijing-monitoring-archive,False
2019-01-12 02:00:00+08:00,天坛,349.0,,6.0,104.0,3.3,3.0,Quotsoft/Beijing-monitoring-archive,False
2019-01-12 02:00:00+08:00,永定门内,315.0,,6.0,118.0,3.6,2.0,Quotsoft/Beijing-monitoring-archive,False
2019-01-12 03:00:00+08:00,前门,319.0,,13.0,124.0,3.8,4.0,Quotsoft/Beijing-monitoring-archive,False
2019-01-12 03:00:00+08:00,天坛,334.0,,6.0,103.0,3.3,3.0,Quotsoft/Beijing-monitoring-archive,False
2019-01-12 03:00:00+08:00,永定门内,324.0,,7.0,118.0,3.6,2.0,Quotsoft/Beijing-monitoring-archive,False
2019-01-12 04:00:00+08:00,前门,232.0,,15.0,106.0,3.5,4.0,Quotsoft/Beijing-monitoring-archive,False
2019-01-12 04:00:00+08:00,天坛,346.0,,6.0,106.0,3.3,3.0,Quotsoft/Beijing-monitoring-archive,False
2019-01-12 04:00:00+08:00,永定门内,350.0,,7.0,113.0,3.7,2.0,Quotsoft/Beijing-monitoring-archive,False
2019-01-12 05:00:00+08:00,前门,173.0,,15.0,109.0,3.3,4.0,Quotsoft/Beijing-monitoring-archive,False
2019-01-12 05:00:00+08:00,天坛,362.0,,6.0,96.0,3.5,3.0,Quotsoft/Beijing-monitoring-archive,False
2019-01-12 05:00:00+08:00,永定门内,360.0,,6.0,108.0,3.8,2.0,Quotsoft/Beijing-monitoring-archive,False
2019-01-12 06:00:00+08:00,前门,175.0,,14.0,116.0,3.4,4.0,Quotsoft/Beijing-monitoring-archive,False
2019-01-12 06:00:00+08:00,天坛,277.0,,7.0,108.0,3.2,3.0,Quotsoft/Beijing-monitoring-archive,False
2019-01-12 06:00:00+08:00,永定门内,231.0,,7.0,120.0,3.2,2.0,Quotsoft/Beijing-monitoring-archive,False
2019-01-12 07:00:00+08:00,前门,158.0,,13.0,106.0,3.1,4.0,Quotsoft/Beijing-monitoring-archive,False
2019-01-12 07:00:00+08:00,天坛,204.0,,6.0,107.0,2.9,2.0,Quotsoft/Beijing-monitoring-archive,False
2019-01-12 07:00:00+08:00,永定门内,188.0,,6.0,115.0,3.1,2.0,Quotsoft/Beijing-monitoring-archive,False
2019-01-12 08:00:00+08:00,前门,114.0,,10.0,84.0,2.4,4.0,Quotsoft/Beijing-monitoring-archive,False
2019-01-12 08:00:00+08:00,天坛,172.0,,5.0,98.0,2.6,2.0,Quotsoft/Beijing-monitoring-archive,False
2019-01-12 08:00:00+08:00,永定门内,126.0,,7.0,90.0,2.3,2.0,Quotsoft/Beijing-monitoring-archive,False
2019-01-12 09:00:00+08:00,前门,111.0,,11.0,79.0,2.1,4.0,Quotsoft/Beijing-monitoring-archive,False
2019-01-12 09:00:00+08:00,天坛,127.0,,4.0,82.0,2.0,3.0,Quotsoft/Beijing-monitoring-archive,False
2019-01-12 09:00:00+08:00,永定门内,119.0,,9.0,82.0,1.9,2.0,Quotsoft/Beijing-monitoring-archive,False
2019-01-12 10:00:00+08:00,前门,92.0,,12.0,74.0,2.0,5.0,Quotsoft/Beijing-monitoring-archive,False
2019-01-12 10:00:00+08:00,天坛,123.0,127.0,5.0,77.0,1.8,4.0,Quotsoft/Beijing-monitoring-archive,False
2019-01-12 10:00:00+08:00,永定门内,113.0,,10.0,81.0,1.9,2.0,Quotsoft/Beijing-monitoring-archive,False
2019-01-12 11:00:00+08:00,前门,105.0,,14.0,71.0,2.0,8.0,Quotsoft/Beijing-monitoring-archive,False
2019-01-12 11:00:00+08:00,天坛,122.0,127.0,11.0,83.0,1.8,7.0,Quotsoft/Beijing-monitoring-archive,False
2019-01-12 11:00:00+08:00,永定门内,114.0,,17.0,82.0,1.9,3.0,Quotsoft/Beijing-monitoring-archive,False
2019-01-12 12:00:00+08:00,前门,117.0,,17.0,73.0,1.9,10.0,Quotsoft/Beijing-monitoring-archive,False
2019-01-12 12:00:00+08:00,天坛,114.0,,15.0,77.0,1.6,13.0,Quotsoft/Beijing-monitoring-archive,False
2019-01-12 12:00:00+08:00,永定门内,106.0,,21.0,71.0,1.7,10.0,Quotsoft/Beijing-monitoring-archive,False
2019-01-12 13:00:00+08:00,前门,120.0,,19.0,77.0,2.1,12.0,Quotsoft/Beijing-monitoring-archive,False
2019-01-12 13:00:00+08:00,天坛,126.0,,18.0,84.0,1.8,14.0,Quotsoft/Beijing-monitoring-archive,False
2019-01-12 13:00:00+08:00,永定门内,113.0,,23.0,76.0,1.7,11.0,Quotsoft/Beijing-monitoring-archive,False
2019-01-12 14:00:00+08:00,前门,134.0,,20.0,90.0,2.2,13.0,Quotsoft/Beijing-monitoring-archive,False
2019-01-12 14:00:00+08:00,天坛,145.0,,18.0,106.0,2.1,11.0,Quotsoft/Beijing-monitoring-archive,False
2019-01-12 14:00:00+08:00,永定门内,136.0,148.0,23.0,101.0,2.1,8.0,Quotsoft/Beijing-monitoring-archive,False
2019-01-12 15:00:00+08:00,前门,183.0,,20.0,122.0,2.7,7.0,Quotsoft/Beijing-monitoring-archive,False
2019-01-12 15:00:00+08:00,天坛,186.0,205.0,17.0,136.0,2.5,6.0,Quotsoft/Beijing-monitoring-archive,False
2019-01-12 15:00:00+08:00,永定门内,205.0,239.0,21.0,144.0,2.7,1.0,Quotsoft/Beijing-monitoring-archive,False
2019-01-12 16:00:00+08:00,前门,220.0,,20.0,135.0,2.8,6.0,Quotsoft/Beijing-monitoring-archive,False
2019-01-12 16:00:00+08:00,天坛,241.0,260.0,17.0,148.0,2.6,5.0,Quotsoft/Beijing-monitoring-archive,False
2019-01-12 16:00:00+08:00,永定门内,235.0,246.0,21.0,149.0,2.7,1.0,Quotsoft/Beijing-monitoring-archive,False
2019-01-12 17:00:00+08:00,前门,282.0,,17.0,141.0,3.1,5.0,Quotsoft/Beijing-monitoring-archive,False
2019-01-12 17:00:00+08:00,天坛,311.0,,12.0,147.0,2.8,3.0,Quotsoft/Beijing-monitoring-archive,False
2019-01-12 17:00:00+08:00,永定门内,316.0,328.0,18.0,153.0,3.1,2.0,Quotsoft/Beijing-monitoring-archive,False
2019-01-12 18:00:00+08:00,前门,415.0,,13.0,143.0,3.7,5.0,Quotsoft/Beijing-monitoring-archive,False
2019-01-12 18:00:00+08:00,天坛,442.0,,7.0,148.0,3.3,3.0,Quotsoft/Beijing-monitoring-archive,False
2019-01-12 18:00:00+08:00,永定门内,472.0,495.0,11.0,154.0,3.9,2.0,Quotsoft/Beijing-monitoring-archive,False
2019-01-12 19:00:00+08:00,前门,500.0,,10.0,144.0,4.2,5.0,Quotsoft/Beijing-monitoring-archive,False
2019-01-12 19:00:00+08:00,天坛,549.0,,6.0,141.0,3.8,3.0,Quotsoft/Beijing-monitoring-archive,False
2019-01-12 19:00:00+08:00,永定门内,544.0,,8.0,148.0,4.3,2.0,Quotsoft/Beijing-monitoring-archive,False
2019-01-12 20:00:00+08:00,前门,545.0,,7.0,133.0,4.4,4.0,Quotsoft/Beijing-monitoring-archive,False
2019-01-12 20:00:00+08:00,天坛,583.0,,7.0,138.0,3.9,3.0,Quotsoft/Beijing-monitoring-archive,False
2019-01-12 20:00:00+08:00,永定门内,523.0,,7.0,132.0,4.0,2.0,Quotsoft/Beijing-monitoring-archive,False
2019-01-12 21:00:00+08:00,前门,534.0,,6.0,126.0,4.4,4.0,Quotsoft/Beijing-monitoring-archive,False
2019-01-12 21:00:00+08:00,天坛,561.0,,6.0,127.0,3.8,2.0,Quotsoft/Beijing-monitoring-archive,False
2019-01-12 21:00:00+08:00,永定门内,481.0,,5.0,119.0,3.8,2.0,Quotsoft/Beijing-monitoring-archive,False
2019-01-12 22:00:00+08:00,前门,507.0,,6.0,119.0,4.5,4.0,Quotsoft/Beijing-monitoring-archive,False
2019-01-12 22:00:00+08:00,天坛,513.0,,6.0,117.0,3.7,2.0,Quotsoft/Beijing-monitoring-archive,False
2019-01-12 22:00:00+08:00,永定门内,471.0,,6.0,115.0,3.9,2.0,Quotsoft/Beijing-monitoring-archive,False
2019-01-12 23:00:00+08:00,前门,489.0,,6.0,119.0,4.6,4.0,Quotsoft/Beijing-monitoring-archive,False
2019-01-12 23:00:00+08:00,天坛,510.0,,6.0,105.0,3.8,2.0,Quotsoft/Beijing-monitoring-archive,False
2019-01-12 23:00:00+08:00,永定门内,475.0,,6.0,110.0,4.2,2.0,Quotsoft/Beijing-monitoring-archive,False
2019-01-13 00:00:00+08:00,前门,499.0,,7.0,117.0,4.6,4.0,Quotsoft/Beijing-monitoring-archive,False
2019-01-13 00:00:00+08:00,天坛,517.0,,6.0,101.0,4.0,2.0,Quotsoft/Beijing-monitoring-archive,False
2019-01-13 00:00:00+08:00,永定门内,463.0,,6.0,103.0,4.4,2.0,Quotsoft/Beijing-monitoring-archive,False
2019-01-13 01:00:00+08:00,前门,491.0,,6.0,113.0,4.7,4.0,Quotsoft/Beijing-monitoring-archive,False
2019-01-13 01:00:00+08:00,天坛,506.0,,7.0,96.0,4.1,2.0,Quotsoft/Beijing-monitoring-archive,False
2019-01-13 01:00:00+08:00,永定门内,464.0,,6.0,96.0,4.2,2.0,Quotsoft/Beijing-monitoring-archive,False
2019-01-13 02:00:00+08:00,前门,476.0,,6.0,109.0,4.7,4.0,Quotsoft/Beijing-monitoring-archive,False
2019-01-13 02:00:00+08:00,天坛,503.0,,8.0,91.0,4.1,2.0,Quotsoft/Beijing-monitoring-archive,False
2019-01-13 02:00:00+08:00,永定门内,467.0,,3.0,86.0,4.1,2.0,Quotsoft/Beijing-monitoring-archive,False
2019-01-13 03:00:00+08:00,前门,477.0,,6.0,113.0,4.6,4.0,Quotsoft/Beijing-monitoring-archive,False
2019-01-13 03:00:00+08:00,天坛,502.0,,8.0,84.0,4.3,2.0,Quotsoft/Beijing-monitoring-archive,False
2019-01-13 03:00:00+08:00,永定门内,454.0,,4.0,88.0,4.2,2.0,Quotsoft/Beijing-monitoring-archive,False
2019-01-13 04:00:00+08:00,前门,472.0,,7.0,105.0,4.7,,Quotsoft/Beijing-monitoring-archive,False
2019-01-13 04:00:00+08:00,天坛,500.0,,8.0,73.0,4.3,2.0,Quotsoft/Beijing-monitoring-archive,False
2019-01-13 04:00:00+08:00,永定门内,442.0,,3.0,95.0,4.6,,Quotsoft/Beijing-monitoring-archive,False
2019-01-13 05:00:00+08:00,前门,441.0,,7.0,104.0,4.7,5.0,Quotsoft/Beijing-monitoring-archive,False
2019-01-13 05:00:00+08:00,天坛,487.0,,8.0,73.0,4.4,2.0,Quotsoft/Beijing-monitoring-archive,False
2019-01-13 05:00:00+08:00,永定门内,426.0,,4.0,86.0,4.8,2.0,Quotsoft/Beijing-monitoring-archive,False
2019-01-13 06:00:00+08:00,前门,396.0,,8.0,109.0,4.9,5.0,Quotsoft/Beijing-monitoring-archive,False
2019-01-13 06:00:00+08:00,天坛,460.0,,8.0,77.0,4.4,2.0,Quotsoft/Beijing-monitoring-archive,False
2019-01-13 06:00:00+08:00,永定门内,422.0,,4.0,84.0,5.1,2.0,Quotsoft/Beijing-monitoring-archive,False
2019-01-13 07:00:00+08:00,前门,200.0,,6.0,98.0,2.8,4.0,Quotsoft/Beijing-monitoring-archive,False
2019-01-13 07:00:00+08:00,天坛,407.0,,8.0,77.0,4.1,2.0,Quotsoft/Beijing-monitoring-archive,False
2019-01-13 07:00:00+08:00,永定门内,391.0,,5.0,86.0,4.9,2.0,Quotsoft/Beijing-monitoring-archive,False
2019-01-13 08:00:00+08:00,前门,61.0,,7.0,86.0,2.0,4.0,Quotsoft/Beijing-monitoring-archive,False
2019-01-13 08:00:00+08:00,天坛,315.0,,6.0,70.0,3.3,2.0,Quotsoft/Beijing-monitoring-archive,False
2019-01-13 08:00:00+08:00,永定门内,286.0,,5.0,103.0,4.2,2.0,Quotsoft/Beijing-monitoring-archive,False
2019-01-13 09:00:00+08:00,前门,35.0,,7.0,74.0,1.7,7.0,Quotsoft/Beijing-monitoring-archive,False
2019-01-13 09:00:00+08:00,天坛,158.0,160.0,4.0,81.0,1.8,4.0,Quotsoft/Beijing-monitoring-archive,False
2019-01-13 09:00:00+08:00,永定门内,123.0,,4.0,99.0,2.0,2.0,Quotsoft/Beijing-monitoring-archive,False
2019-01-13 10:00:00+08:00,前门,15.0,,7.0,49.0,1.3,25.0,Quotsoft/Beijing-monitoring-archive,False
2019-01-13 10:00:00+08:00,天坛,23.0,,6.0,40.0,0.6,32.0,Quotsoft/Beijing-monitoring-archive,False
2019-01-13 10:00:00+08:00,永定门内,30.0,,8.0,55.0,0.8,17.0,Quotsoft/Beijing-monitoring-archive,False
2019-01-13 11:00:00+08:00,前门,18.0,,5.0,40.0,1.1,35.0,Quotsoft/Beijing-monitoring-archive,False
2019-01-13 11:00:00+08:00,天坛,17.0,21.0,6.0,29.0,0.5,44.0,Quotsoft/Beijing-monitoring-archive,False
2019-01-13 11:00:00+08:00,永定门内,16.0,,7.0,29.0,0.4,37.0,Quotsoft/Beijing-monitoring-archive,False
2019-01-13 12:00:00+08:00,前门,19.0,,5.0,32.0,0.8,43.0,Quotsoft/Beijing-monitoring-archive,False
2019-01-13 12:00:00+08:00,天坛,15.0,,5.0,28.0,0.4,49.0,Quotsoft/Beijing-monitoring-archive,False
2019-01-13 12:00:00+08:00,永定门内,19.0,,4.0,26.0,0.4,42.0,Quotsoft/Beijing-monitoring-archive,False
2019-01-13 13:00:00+08:00,前门,16.0,,4.0,28.0,0.6,51.0,Quotsoft/Beijing-monitoring-archive,False
2019-01-13 13:00:00+08:00,天坛,10.0,,4.0,23.0,0.3,57.0,Quotsoft/Beijing-monitoring-archive,False
2019-01-13 13:00:00+08:00,永定门内,13.0,,4.0,17.0,0.3,55.0,Quotsoft/Beijing-monitoring-archive,False
2019-01-13 14:00:00+08:00,前门,21.0,,3.0,27.0,0.5,54.0,Quotsoft/Beijing-monitoring-archive,False
2019-01-13 14:00:00+08:00,天坛,12.0,,3.0,23.0,0.3,61.0,Quotsoft/Beijing-monitoring-archive,False
2019-01-13 14:00:00+08:00,永定门内,9.0,,5.0,16.0,0.3,59.0,Quotsoft/Beijing-monitoring-archive,False
2019-01-13 15:00:00+08:00,前门,9.0,,3.0,27.0,0.5,55.0,Quotsoft/Beijing-monitoring-archive,False
2019-01-13 15:00:00+08:00,天坛,11.0,,3.0,23.0,0.3,63.0,Quotsoft/Beijing-monitoring-archive,False
2019-01-13 15:00:00+08:00,永定门内,7.0,,3.0,17.0,0.2,61.0,Quotsoft/Beijing-monitoring-archive,False
2019-01-13 16:00:00+08:00,前门,13.0,,3.0,29.0,0.5,54.0,Quotsoft/Beijing-monitoring-archive,False
2019-01-13 16:00:00+08:00,天坛,11.0,,3.0,24.0,0.3,61.0,Quotsoft/Beijing-monitoring-archive,False
2019-01-13 16:00:00+08:00,永定门内,7.0,,4.0,21.0,0.3,57.0,Quotsoft/Beijing-monitoring-archive,False
2019-01-13 17:00:00+08:00,前门,2.0,,4.0,33.0,0.6,50.0,Quotsoft/Beijing-monitoring-archive,False
2019-01-13 17:00:00+08:00,天坛,10.0,,3.0,28.0,0.3,54.0,Quotsoft/Beijing-monitoring-archive,False
2019-01-13 17:00:00+08:00,永定门内,32.0,47.0,5.0,50.0,0.7,32.0,Quotsoft/Beijing-monitoring-archive,False
2019-01-13 18:00:00+08:00,前门,92.0,,5.0,77.0,1.4,22.0,Quotsoft/Beijing-monitoring-archive,False
2019-01-13 18:00:00+08:00,天坛,43.0,,3.0,54.0,0.8,32.0,Quotsoft/Beijing-monitoring-archive,False
2019-01-13 18:00:00+08:00,永定门内,126.0,,6.0,95.0,1.5,8.0,Quotsoft/Beijing-monitoring-archive,False
2019-01-13 19:00:00+08:00,前门,134.0,,5.0,98.0,1.7,8.0,Quotsoft/Beijing-monitoring-archive,False
2019-01-13 19:00:00+08:00,天坛,126.0,,3.0,88.0,1.3,17.0,Quotsoft/Beijing-monitoring-archive,False
2019-01-13 19:00:00+08:00,永定门内,122.0,,6.0,95.0,1.6,3.0,Quotsoft/Beijing-monitoring-archive,False
2019-01-13 20:00:00+08:00,前门,122.0,,5.0,94.0,1.8,8.0,Quotsoft/Beijing-monitoring-archive,False
2019-01-13 20:00:00+08:00,天坛,127.0,,2.0,92.0,1.3,7.0,Quotsoft/Beijing-monitoring-archive,False
2019-01-13 20:00:00+08:00,永定门内,129.0,,6.0,103.0,1.7,2.0,Quotsoft/Beijing-monitoring-archive,False
2019-01-13 21:00:00+08:00,前门,145.0,,5.0,101.0,1.9,5.0,Quotsoft/Beijing-monitoring-archive,False
2019-01-13 21:00:00+08:00,天坛,141.0,,2.0,105.0,1.5,3.0,Quotsoft/Beijing-monitoring-archive,False
2019-01-13 21:00:00+08:00,永定门内,153.0,160.0,5.0,112.0,1.9,2.0,Quotsoft/Beijing-monitoring-archive,False
2019-01-13 22:00:00+08:00,前门,172.0,,5.0,106.0,2.2,5.0,Quotsoft/Beijing-monitoring-archive,False
2019-01-13 22:00:00+08:00,天坛,162.0,,3.0,104.0,1.8,2.0,Quotsoft/Beijing-monitoring-archive,False
2019-01-13 22:00:00+08:00,永定门内,202.0,210.0,3.0,116.0,2.4,2.0,Quotsoft/Beijing-monitoring-archive,False
2019-01-13 23:00:00+08:00,前门,237.0,,4.0,109.0,2.7,5.0,Quotsoft/Beijing-monitoring-archive,False
2019-01-13 23:00:00+08:00,天坛,211.0,,3.0,111.0,2.3,3.0,Quotsoft/Beijing-monitoring-archive,False
2019-01-13 23:00:00+08:00,永定门内,234.0,,1.0,118.0,2.8,2.0,Quotsoft/Beijing-monitoring-archive,False
2019-01-14 00:00:00+08:00,前门,238.0,,4.0,110.0,2.9,5.0,Quotsoft/Beijing-monitoring-archive,False
2019-01-14 00:00:00+08:00,天坛,231.0,,3.0,104.0,2.5,2.0,Quotsoft/Beijing-monitoring-archive,False
2019-01-14 00:00:00+08:00,永定门内,250.0,,3.0,115.0,2.9,2.0,Quotsoft/Beijing-monitoring-archive,False
2019-01-14 01:00:00+08:00,前门,251.0,,5.0,109.0,3.0,5.0,Quotsoft/Beijing-monitoring-archive,False
2019-01-14 01:00:00+08:00,天坛,248.0,,3.0,101.0,2.7,2.0,Quotsoft/Beijing-monitoring-archive,False
2019-01-14 01:00:00+08:00,永定门内,267.0,,3.0,118.0,3.1,2.0,Quotsoft/Beijing-monitoring-archive,False
2019-01-14 02:00:00+08:00,前门,259.0,,5.0,109.0,3.3,5.0,Quotsoft/Beijing-monitoring-archive,False
2019-01-14 02:00:00+08:00,天坛,265.0,,3.0,99.0,2.9,2.0,Quotsoft/Beijing-monitoring-archive,False
2019-01-14 02:00:00+08:00,永定门内,270.0,,4.0,114.0,3.3,2.0,Quotsoft/Beijing-monitoring-archive,False
2019-01-14 03:00:00+08:00,前门,268.0,,5.0,109.0,3.5,5.0,Quotsoft/Beijing-monitoring-archive,False
2019-01-14 03:00:00+08:00,天坛,274.0,,3.0,96.0,3.0,2.0,Quotsoft/Beijing-monitoring-archive,False
2019-01-14 03:00:00+08:00,永定门内,268.0,,3.0,111.0,3.4,2.0,Quotsoft/Beijing-monitoring-archive,False
2019-01-14 04:00:00+08:00,前门,276.0,,6.0,110.0,3.5,5.0,Quotsoft/Beijing-monitoring-archive,False
2019-01-14 04:00:00+08:00,天坛,293.0,,4.0,99.0,3.1,2.0,Quotsoft/Beijing-monitoring-archive,False
2019-01-14 04:00:00+08:00,永定门内,277.0,,4.0,113.0,3.3,2.0,Quotsoft/Beijing-monitoring-archive,False
2019-01-14 05:00:00+08:00,前门,283.0,,6.0,110.0,3.5,5.0,Quotsoft/Beijing-monitoring-archive,False
2019-01-14 05:00:00+08:00,天坛,299.0,,5.0,96.0,3.1,2.0,Quotsoft/Beijing-monitoring-archive,False
2019-01-14 05:00:00+08:00,永定门内,281.0,,3.0,113.0,3.3,2.0,Quotsoft/Beijing-monitoring-archive,False
2019-01-14 06:00:00+08:00,前门,227.0,,8.0,108.0,3.4,5.0,Quotsoft/Beijing-monitoring-archive,False
2019-01-14 06:00:00+08:00,天坛,299.0,,6.0,97.0,3.2,2.0,Quotsoft/Beijing-monitoring-archive,False
2019-01-14 06:00:00+08:00,永定门内,272.0,,4.0,112.0,3.4,2.0,Quotsoft/Beijing-monitoring-archive,False
2019-01-14 07:00:00+08:00,前门,123.0,,8.0,102.0,2.8,5.0,Quotsoft/Beijing-monitoring-archive,False
2019-01-14 07:00:00+08:00,天坛,270.0,,6.0,90.0,3.1,2.0,Quotsoft/Beijing-monitoring-archive,False
2019-01-14 07:00:00+08:00,永定门内,151.0,,4.0,111.0,2.8,2.0,Quotsoft/Beijing-monitoring-archive,False
2019-01-14 08:00:00+08:00,前门,99.0,,6.0,89.0,2.2,4.0,Quotsoft/Beijing-monitoring-archive,False
2019-01-14 08:00:00+08:00,天坛,179.0,,6.0,90.0,2.7,2.0,Quotsoft/Beijing-monitoring-archive,False
2019-01-14 08:00:00+08:00,永定门内,131.0,,5.0,99.0,2.4,2.0,Quotsoft/Beijing-monitoring-archive,False
2019-01-14 09:00:00+08:00,前门,88.0,,7.0,82.0,2.1,5.0,Quotsoft/Beijing-monitoring-archive,False
2019-01-14 09:00:00+08:00,天坛,124.0,125.0,4.0,88.0,2.2,3.0,Quotsoft/Beijing-monitoring-archive,False
2019-01-14 09:00:00+08:00,永定门内,92.0,,3.0,86.0,2.1,,Quotsoft/Beijing-monitoring-archive,False
2019-01-14 10:00:00+08:00,前门,118.0,,10.0,87.0,2.3,6.0,Quotsoft/Beijing-monitoring-archive,False
2019-01-14 10:00:00+08:00,天坛,117.0,,7.0,92.0,2.1,4.0,Quotsoft/Beijing-monitoring-archive,False
2019-01-14 10:00:00+08:00,永定门内,134.0,145.0,5.0,93.0,2.3,,Quotsoft/Beijing-monitoring-archive,False
2019-01-14 11:00:00+08:00,前门,182.0,,12.0,100.0,2.8,8.0,Quotsoft/Beijing-monitoring-archive,False
2019-01-14 11:00:00+08:00,天坛,191.0,,10.0,107.0,2.4,7.0,Quotsoft/Beijing-monitoring-archive,False
2019-01-14 11:00:00+08:00,永定门内,186.0,,10.0,,2.4,2.0,Quotsoft/Beijing-monitoring-archive,False
2019-01-14 12:00:00+08:00,前门,188.0,,13.0,102.0,2.7,9.0,Quotsoft/Beijing-monitoring-archive,False
2019-01-14 12:00:00+08:00,天坛,197.0,,10.0,114.0,2.4,9.0,Quotsoft/Beijing-monitoring-archive,False
2019-01-14 12:00:00+08:00,永定门内,184.0,,12.0,117.0,2.4,5.0,Quotsoft/Beijing-monitoring-archive,False
2019-01-14 13:00:00+08:00,前门,183.0,,13.0,116.0,2.7,10.0,Quotsoft/Beijing-monitoring-archive,False
2019-01-14 13:00:00+08:00,天坛,221.0,,10.0,137.0,2.8,7.0,Quotsoft/Beijing-monitoring-archive,False
2019-01-14 13:00:00+08:00,永定门内,210.0,,12.0,141.0,2.7,4.0,Quotsoft/Beijing-monitoring-archive,False
2019-01-14 14:00:00+08:00,前门,201.0,,14.0,127.0,2.7,10.0,Quotsoft/Beijing-monitoring-archive,False
2019-01-14 14:00:00+08:00,天坛,236.0,,11.0,136.0,2.5,10.0,Quotsoft/Beijing-monitoring-archive,False
2019-01-14 14:00:00+08:00,永定门内,,,11.0,,2.2,,Quotsoft/Beijing-monitoring-archive,False
2019-01-14 15:00:00+08:00,前门,201.0,,14.0,128.0,2.6,13.0,Quotsoft/Beijing-monitoring-archive,False
2019-01-14 15:00:00+08:00,天坛,262.0,,12.0,142.0,2.5,10.0,Quotsoft/Beijing-monitoring-archive,False
2019-01-14 15:00:00+08:00,永定门内,,,,,,,Quotsoft/Beijing-monitoring-archive,False
2019-01-14 16:00:00+08:00,前门,223.0,,12.0,125.0,2.7,15.0,Quotsoft/Beijing-monitoring-archive,False
2019-01-14 16:00:00+08:00,天坛,266.0,,11.0,117.0,2.3,27.0,Quotsoft/Beijing-monitoring-archive,False
2019-01-14 16:00:00+08:00,永定门内,236.0,250.0,15.0,119.0,2.0,,Quotsoft/Beijing-monitoring-archive,False
2019-01-14 17:00:00+08:00,前门,247.0,,11.0,127.0,2.8,11.0,Quotsoft/Beijing-monitoring-archive,False
2019-01-14 17:00:00+08:00,天坛,285.0,,8.0,125.0,2.4,15.0,Quotsoft/Beijing-monitoring-archive,False
2019-01-14 17:00:00+08:00,永定门内,230.0,250.0,11.0,121.0,2.0,24.0,Quotsoft/Beijing-monitoring-archive,False
2019-01-14 18:00:00+08:00,前门,228.0,,8.0,127.0,2.5,7.0,Quotsoft/Beijing-monitoring-archive,False
2019-01-14 18:00:00+08:00,天坛,265.0,,5.0,126.0,2.3,10.0,Quotsoft/Beijing-monitoring-archive,False
2019-01-14 18:00:00+08:00,永定门内,240.0,253.0,9.0,133.0,2.2,7.0,Quotsoft/Beijing-monitoring-archive,False
2019-01-14 19:00:00+08:00,前门,78.0,,5.0,63.0,1.2,35.0,Quotsoft/Beijing-monitoring-archive,False
2019-01-14 19:00:00+08:00,天坛,116.0,148.0,3.0,60.0,0.9,37.0,Quotsoft/Beijing-monitoring-archive,False
2019-01-14 19:00:00+08:00,永定门内,115.0,140.0,7.0,76.0,1.1,35.0,Quotsoft/Beijing-monitoring-archive,False
2019-01-14 20:00:00+08:00,前门,13.0,35.0,2.0,37.0,0.7,47.0,Quotsoft/Beijing-monitoring-archive,False
2019-01-14 20:00:00+08:00,天坛,14.0,73.0,1.0,23.0,0.3,54.0,Quotsoft/Beijing-monitoring-archive,False
2019-01-14 20:00:00+08:00,永定门内,12.0,75.0,2.0,23.0,0.3,64.0,Quotsoft/Beijing-monitoring-archive,False
2019-01-14 21:00:00+08:00,前门,9.0,107.0,2.0,29.0,0.6,51.0,Quotsoft/Beijing-monitoring-archive,False
2019-01-14 21:00:00+08:00,天坛,13.0,208.0,1.0,17.0,0.2,58.0,Quotsoft/Beijing-monitoring-archive,False
2019-01-14 21:00:00+08:00,永定门内,11.0,154.0,1.0,18.0,0.2,68.0,Quotsoft/Beijing-monitoring-archive,False
2019-01-14 22:00:00+08:00,前门,16.0,78.0,1.0,25.0,0.5,52.0,Quotsoft/Beijing-monitoring-archive,False
2019-01-14 22:00:00+08:00,天坛,13.0,240.0,1.0,15.0,0.2,60.0,Quotsoft/Beijing-monitoring-archive,False
2019-01-14 22:00:00+08:00,永定门内,14.0,145.0,3.0,18.0,0.2,67.0,Quotsoft/Beijing-monitoring-archive,False
2019-01-14 23:00:00+08:00,前门,1.0,67.0,3.0,21.0,0.4,53.0,Quotsoft/Beijing-monitoring-archive,False
2019-01-14 23:00:00+08:00,天坛,8.0,164.0,1.0,12.0,0.1,62.0,Quotsoft/Beijing-monitoring-archive,False
2019-01-14 23:00:00+08:00,永定门内,10.0,145.0,1.0,16.0,0.1,70.0,Quotsoft/Beijing-monitoring-archive,False
2019-01-15 00:00:00+08:00,前门,11.0,82.0,3.0,17.0,0.3,54.0,Quotsoft/Beijing-monitoring-archive,False
2019-01-15 00:00:00+08:00,天坛,9.0,210.0,3.0,10.0,0.1,63.0,Quotsoft/Beijing-monitoring-archive,False
2019-01-15 00:00:00+08:00,永定门内,12.0,147.0,1.0,15.0,0.1,69.0,Quotsoft/Beijing-monitoring-archive,False
2019-01-15 01:00:00+08:00,前门,10.0,58.0,3.0,15.0,0.3,54.0,Quotsoft/Beijing-monitoring-archive,False
2019-01-15 01:00:00+08:00,天坛,8.0,175.0,3.0,9.0,0.1,64.0,Quotsoft/Beijing-monitoring-archive,False
2019-01-15 01:00:00+08:00,永定门内,7.0,96.0,3.0,14.0,0.1,70.0,Quotsoft/Beijing-monitoring-archive,False
2019-01-15 02:00:00+08:00,前门,9.0,34.0,2.0,13.0,0.3,53.0,Quotsoft/Beijing-monitoring-archive,False
2019-01-15 02:00:00+08:00,天坛,4.0,75.0,3.0,10.0,0.1,63.0,Quotsoft/Beijing-monitoring-archive,False
2019-01-15 02:00:00+08:00,永定门内,5.0,64.0,4.0,15.0,0.1,66.0,Quotsoft/Beijing-monitoring-archive,False
2019-01-15 03:00:00+08:00,前门,12.0,33.0,1.0,10.0,0.2,55.0,Quotsoft/Beijing-monitoring-archive,False
2019-01-15 03:00:00+08:00,天坛,7.0,71.0,3.0,9.0,0.1,64.0,Quotsoft/Beijing-monitoring-archive,False
2019-01-15 03:00:00+08:00,永定门内,3.0,54.0,3.0,16.0,0.2,68.0,Quotsoft/Beijing-monitoring-archive,False
2019-01-15 04:00:00+08:00,前门,16.0,72.0,2.0,9.0,0.2,,Quotsoft/Beijing-monitoring-archive,False
2019-01-15 04:00:00+08:00,天坛,2.0,125.0,3.0,7.0,0.1,65.0,Quotsoft/Beijing-monitoring-archive,False
2019-01-15 04:00:00+08:00,永定门内,6.0,106.0,4.0,14.0,0.2,,Quotsoft/Beijing-monitoring-archive,False
2019-01-15 05:00:00+08:00,前门,14.0,45.0,1.0,7.0,0.2,52.0,Quotsoft/Beijing-monitoring-archive,False
2019-01-15 05:00:00+08:00,天坛,2.0,137.0,3.0,7.0,0.2,65.0,Quotsoft/Beijing-monitoring-archive,False
2019-01-15 05:00:00+08:00,永定门内,2.0,80.0,4.0,3.0,0.2,60.0,Quotsoft/Beijing-monitoring-archive,False
2019-01-15 06:00:00+08:00,前门,9.0,19.0,1.0,8.0,0.2,53.0,Quotsoft/Beijing-monitoring-archive,False
2019-01-15 06:00:00+08:00,天坛,2.0,68.0,3.0,9.0,0.2,63.0,Quotsoft/Beijing-monitoring-archive,False
2019-01-15 06:00:00+08:00,永定门内,8.0,46.0,4.0,6.0,0.2,58.0,Quotsoft/Beijing-monitoring-archive,False
2019-01-15 07:00:00+08:00,前门,11.0,21.0,1.0,12.0,0.3,49.0,Quotsoft/Beijing-monitoring-archive,False
2019-01-15 07:00:00+08:00,天坛,5.0,62.0,1.0,15.0,0.2,57.0,Quotsoft/Beijing-monitoring-archive,False
2019-01-15 07:00:00+08:00,永定门内,6.0,41.0,4.0,11.0,0.2,52.0,Quotsoft/Beijing-monitoring-archive,False
2019-01-15 08:00:00+08:00,前门,17.0,25.0,2.0,16.0,0.3,42.0,Quotsoft/Beijing-monitoring-archive,False
2019-01-15 08:00:00+08:00,天坛,2.0,59.0,2.0,21.0,0.3,49.0,Quotsoft/Beijing-monitoring-archive,False
2019-01-15 08:00:00+08:00,永定门内,6.0,42.0,4.0,15.0,0.3,46.0,Quotsoft/Beijing-monitoring-archive,False
2019-01-15 09:00:00+08:00,前门,6.0,29.0,2.0,16.0,0.3,44.0,Quotsoft/Beijing-monitoring-archive,False
2019-01-15 09:00:00+08:00,天坛,7.0,61.0,2.0,17.0,0.3,53.0,Quotsoft/Beijing-monitoring-archive,False
2019-01-15 09:00:00+08:00,永定门内,,,,,,,Quotsoft/Beijing-monitoring-archive,False
2019-01-15 10:00:00+08:00,前门,15.0,37.0,3.0,13.0,0.3,46.0,Quotsoft/Beijing-monitoring-archive,False
2019-01-15 10:00:00+08:00,天坛,3.0,72.0,2.0,15.0,0.3,55.0,Quotsoft/Beijing-monitoring-archive,False
2019-01-15 10:00:00+08:00,永定门内,8.0,68.0,5.0,10.0,0.3,52.0,Quotsoft/Beijing-monitoring-archive,False
2019-01-15 11:00:00+08:00,前门,12.0,35.0,3.0,13.0,0.3,48.0,Quotsoft/Beijing-monitoring-archive,False
2019-01-15 11:00:00+08:00,天坛,5.0,63.0,2.0,15.0,0.3,57.0,Quotsoft/Beijing-monitoring-archive,False
2019-01-15 11:00:00+08:00,永定门内,7.0,57.0,6.0,12.0,0.3,,Quotsoft/Beijing-monitoring-archive,False
2019-01-15 12:00:00+08:00,前门,7.0,27.0,3.0,12.0,0.3,50.0,Quotsoft/Beijing-monitoring-archive,False
2019-01-15 12:00:00+08:00,天坛,11.0,40.0,2.0,13.0,0.3,60.0,Quotsoft/Beijing-monitoring-archive,False
2019-01-15 12:00:00+08:00,永定门内,4.0,55.0,5.0,9.0,0.3,50.0,Quotsoft/Beijing-monitoring-archive,False
2019-01-15 13:00:00+08:00,前门,15.0,17.0,3.0,12.0,0.3,52.0,Quotsoft/Beijing-monitoring-archive,False
2019-01-15 13:00:00+08:00,天坛,6.0,29.0,2.0,13.0,0.2,62.0,Quotsoft/Beijing-monitoring-archive,False
2019-01-15 13:00:00+08:00,永定门内,9.0,40.0,4.0,8.0,0.3,53.0,Quotsoft/Beijing-monitoring-archive,False
2019-01-15 14:00:00+08:00,前门,3.0,14.0,3.0,13.0,0.3,52.0,Quotsoft/Beijing-monitoring-archive,False
2019-01-15 14:00:00+08:00,天坛,,10.0,2.0,13.0,0.3,62.0,Quotsoft/Beijing-monitoring-archive,False
2019-01-15 14:00:00+08:00,永定门内,8.0,35.0,6.0,9.0,0.3,52.0,Quotsoft/Beijing-monitoring-archive,False
2019-01-15 15:00:00+08:00,前门,10.0,13.0,3.0,13.0,0.3,52.0,Quotsoft/Beijing-monitoring-archive,False
2019-01-15 15:00:00+08:00,天坛,5.0,,2.0,14.0,0.3,61.0,Quotsoft/Beijing-monitoring-archive,False
2019-01-15 15:00:00+08:00,永定门内,3.0,37.0,6.0,11.0,0.3,52.0,Quotsoft/Beijing-monitoring-archive,False
2019-01-15 16:00:00+08:00,前门,7.0,16.0,3.0,14.0,0.3,51.0,Quotsoft/Beijing-monitoring-archive,False
2019-01-15 16:00:00+08:00,天坛,12.0,21.0,2.0,16.0,0.3,59.0,Quotsoft/Beijing-monitoring-archive,False
2019-01-15 16:00:00+08:00,永定门内,5.0,39.0,4.0,13.0,0.3,,Quotsoft/Beijing-monitoring-archive,False
2019-01-15 17:00:00+08:00,前门,11.0,17.0,3.0,17.0,0.3,47.0,Quotsoft/Beijing-monitoring-archive,False
2019-01-15 17:00:00+08:00,天坛,6.0,32.0,2.0,21.0,0.3,54.0,Quotsoft/Beijing-monitoring-archive,False
2019-01-15 17:00:00+08:00,永定门内,7.0,44.0,6.0,24.0,0.4,,Quotsoft/Beijing-monitoring-archive,False
2019-01-15 18:00:00+08:00,前门,20.0,22.0,3.0,26.0,0.4,37.0,Quotsoft/Beijing-monitoring-archive,False
2019-01-15 18:00:00+08:00,天坛,11.0,46.0,2.0,38.0,0.3,37.0,Quotsoft/Beijing-monitoring-archive,False
2019-01-15 18:00:00+08:00,永定门内,8.0,40.0,4.0,27.0,0.4,,Quotsoft/Beijing-monitoring-archive,False
2019-01-15 19:00:00+08:00,前门,17.0,24.0,3.0,31.0,0.5,33.0,Quotsoft/Beijing-monitoring-archive,False
2019-01-15 19:00:00+08:00,天坛,8.0,31.0,1.0,33.0,0.3,35.0,Quotsoft/Beijing-monitoring-archive,False
2019-01-15 19:00:00+08:00,永定门内,12.0,36.0,3.0,25.0,0.4,,Quotsoft/Beijing-monitoring-archive,False
2019-01-15 20:00:00+08:00,前门,26.0,,3.0,32.0,0.4,33.0,Quotsoft/Beijing-monitoring-archive,False
2019-01-15 20:00:00+08:00,天坛,10.0,35.0,1.0,34.0,0.3,37.0,Quotsoft/Beijing-monitoring-archive,False
2019-01-15 20:00:00+08:00,永定门内,12.0,41.0,4.0,40.0,0.4,,Quotsoft/Beijing-monitoring-archive,False
2019-01-15 21:00:00+08:00,前门,25.0,29.0,3.0,44.0,0.5,23.0,Quotsoft/Beijing-monitoring-archive,False
2019-01-15 21:00:00+08:00,天坛,15.0,41.0,1.0,47.0,0.4,29.0,Quotsoft/Beijing-monitoring-archive,False
2019-01-15 21:00:00+08:00,永定门内,21.0,49.0,5.0,59.0,0.5,10.0,Quotsoft/Beijing-monitoring-archive,False
2019-01-15 22:00:00+08:00,前门,27.0,34.0,3.0,42.0,0.5,25.0,Quotsoft/Beijing-monitoring-archive,False
2019-01-15 22:00:00+08:00,天坛,17.0,43.0,2.0,56.0,0.4,19.0,Quotsoft/Beijing-monitoring-archive,False
2019-01-15 22:00:00+08:00,永定门内,21.0,57.0,5.0,63.0,0.5,6.0,Quotsoft/Beijing-monitoring-archive,False
2019-01-15 23:00:00+08:00,前门,30.0,38.0,6.0,45.0,0.5,21.0,Quotsoft/Beijing-monitoring-archive,False
2019-01-15 23:00:00+08:00,天坛,19.0,47.0,2.0,56.0,0.4,17.0,Quotsoft/Beijing-monitoring-archive,False
2019-01-15 23:00:00+08:00,永定门内,23.0,55.0,9.0,55.0,0.5,11.0,Quotsoft/Beijing-monitoring-archive,False
2019-01-16 00:00:00+08:00,前门,44.0,49.0,11.0,49.0,0.5,16.0,Quotsoft/Beijing-monitoring-archive,False
2019-01-16 00:00:00+08:00,天坛,31.0,52.0,13.0,46.0,0.5,25.0,Quotsoft/Beijing-monitoring-archive,False
2019-01-16 00:00:00+08:00,永定门内,31.0,67.0,22.0,45.0,0.5,15.0,Quotsoft/Beijing-monitoring-archive,False
2019-01-16 01:00:00+08:00,前门,48.0,55.0,13.0,56.0,0.6,9.0,Quotsoft/Beijing-monitoring-archive,False
2019-01-16 01:00:00+08:00,天坛,40.0,59.0,12.0,51.0,0.5,18.0,Quotsoft/Beijing-monitoring-archive,False
2019-01-16 01:00:00+08:00,永定门内,41.0,76.0,21.0,51.0,0.6,8.0,Quotsoft/Beijing-monitoring-archive,False
2019-01-16 02:00:00+08:00,前门,55.0,66.0,15.0,59.0,0.6,7.0,Quotsoft/Beijing-monitoring-archive,False
2019-01-16 02:00:00+08:00,天坛,46.0,71.0,13.0,56.0,0.6,12.0,Quotsoft/Beijing-monitoring-archive,False
2019-01-16 02:00:00+08:00,永定门内,49.0,88.0,22.0,59.0,0.7,2.0,Quotsoft/Beijing-monitoring-archive,False
2019-01-16 03:00:00+08:00,前门,69.0,,17.0,62.0,0.7,4.0,Quotsoft/Beijing-monitoring-archive,False
2019-01-16 03:00:00+08:00,天坛,53.0,76.0,13.0,63.0,0.7,6.0,Quotsoft/Beijing-monitoring-archive,False
2019-01-16 03:00:00+08:00,永定门内,53.0,89.0,22.0,65.0,0.8,2.0,Quotsoft/Beijing-monitoring-archive,False
2019-01-16 04:00:00+08:00,前门,67.0,74.0,17.0,63.0,0.8,4.0,Quotsoft/Beijing-monitoring-archive,False
2019-01-16 04:00:00+08:00,天坛,57.0,78.0,12.0,66.0,0.8,3.0,Quotsoft/Beijing-monitoring-archive,False
2019-01-16 04:00:00+08:00,永定门内,62.0,98.0,23.0,67.0,0.9,2.0,Quotsoft/Beijing-monitoring-archive,False
2019-01-16 05:00:00+08:00,前门,61.0,78.0,17.0,63.0,0.9,4.0,Quotsoft/Beijing-monitoring-archive,False
2019-01-16 05:00:00+08:00,天坛,65.0,77.0,11.0,65.0,0.8,3.0,Quotsoft/Beijing-monitoring-archive,False
2019-01-16 05:00:00+08:00,永定门内,60.0,98.0,18.0,66.0,1.0,2.0,Quotsoft/Beijing-monitoring-archive,False
2019-01-16 06:00:00+08:00,前门,67.0,81.0,17.0,64.0,1.0,3.0,Quotsoft/Beijing-monitoring-archive,False
2019-01-16 06:00:00+08:00,天坛,84.0,,10.0,62.0,0.9,3.0,Quotsoft/Beijing-monitoring-archive,False
2019-01-16 06:00:00+08:00,永定门内,64.0,102.0,14.0,66.0,1.1,2.0,Quotsoft/Beijing-monitoring-archive,False
2019-01-16 07:00:00+08:00,前门,65.0,65.0,12.0,65.0,1.1,3.0,Quotsoft/Beijing-monitoring-archive,False
2019-01-16 07:00:00+08:00,天坛,57.0,92.0,8.0,60.0,0.9,2.0,Quotsoft/Beijing-monitoring-archive,False
2019-01-16 07:00:00+08:00,永定门内,53.0,114.0,13.0,78.0,1.3,2.0,Quotsoft/Beijing-monitoring-archive,False
2019-01-16 08:00:00+08:00,前门,48.0,63.0,11.0,65.0,1.0,3.0,Quotsoft/Beijing-monitoring-archive,False
2019-01-16 08:00:00+08:00,天坛,47.0,123.0,7.0,60.0,0.9,3.0,Quotsoft/Beijing-monitoring-archive,False
2019-01-16 08:00:00+08:00,永定门内,48.0,93.0,14.0,74.0,1.4,2.0,Quotsoft/Beijing-monitoring-archive,False
2019-01-16 09:00:00+08:00,前门,46.0,59.0,11.0,64.0,1.1,5.0,Quotsoft/Beijing-monitoring-archive,False
2019-01-16 09:00:00+08:00,天坛,38.0,89.0,7.0,58.0,1.0,4.0,Quotsoft/Beijing-monitoring-archive,False
2019-01-16 09:00:00+08:00,永定门内,52.0,102.0,13.0,81.0,1.5,2.0,Quotsoft/Beijing-monitoring-archive,False
2019-01-16 10:00:00+08:00,前门,43.0,57.0,11.0,61.0,1.1,10.0,Quotsoft/Beijing-monitoring-archive,False
2019-01-16 10:00:00+08:00,天坛,43.0,86.0,10.0,65.0,1.0,9.0,Quotsoft/Beijing-monitoring-archive,False
2019-01-16 10:00:00+08:00,永定门内,46.0,89.0,17.0,71.0,1.3,5.0,Quotsoft/Beijing-monitoring-archive,False
2019-01-16 11:00:00+08:00,前门,36.0,,14.0,55.0,0.9,18.0,Quotsoft/Beijing-monitoring-archive,False
2019-01-16 11:00:00+08:00,天坛,45.0,,12.0,60.0,0.9,19.0,Quotsoft/Beijing-monitoring-archive,False
2019-01-16 11:00:00+08:00,永定门内,38.0,61.0,18.0,56.0,1.0,17.0,Quotsoft/Beijing-monitoring-archive,False
2019-01-16 12:00:00+08:00,前门,30.0,,13.0,49.0,0.8,24.0,Quotsoft/Beijing-monitoring-archive,False
2019-01-16 12:00:00+08:00,天坛,30.0,61.0,12.0,59.0,0.8,24.0,Quotsoft/Beijing-monitoring-archive,False
2019-01-16 12:00:00+08:00,永定门内,36.0,66.0,20.0,60.0,0.9,18.0,Quotsoft/Beijing-monitoring-archive,False
2019-01-16 13:00:00+08:00,前门,43.0,54.0,12.0,63.0,1.0,20.0,Quotsoft/Beijing-monitoring-archive,False
2019-01-16 13:00:00+08:00,天坛,51.0,74.0,10.0,71.0,0.9,22.0,Quotsoft/Beijing-monitoring-archive,False
2019-01-16 13:00:00+08:00,永定门内,46.0,72.0,17.0,65.0,0.8,22.0,Quotsoft/Beijing-monitoring-archive,False
2019-01-16 14:00:00+08:00,前门,35.0,44.0,9.0,58.0,0.8,30.0,Quotsoft/Beijing-monitoring-archive,False
2019-01-16 14:00:00+08:00,天坛,37.0,55.0,7.0,56.0,0.6,41.0,Quotsoft/Beijing-monitoring-archive,False
2019-01-16 14:00:00+08:00,永定门内,41.0,59.0,18.0,52.0,0.6,37.0,Quotsoft/Beijing-monitoring-archive,False
2019-01-16 15:00:00+08:00,前门,29.0,36.0,8.0,49.0,0.7,35.0,Quotsoft/Beijing-monitoring-archive,False
2019-01-16 15:00:00+08:00,天坛,37.0,49.0,5.0,43.0,0.5,44.0,Quotsoft/Beijing-monitoring-archive,False
2019-01-16 15:00:00+08:00,永定门内,32.0,50.0,14.0,38.0,0.5,40.0,Quotsoft/Beijing-monitoring-archive,False
2019-01-16 16:00:00+08:00,前门,30.0,35.0,7.0,46.0,0.6,34.0,Quotsoft/Beijing-monitoring-archive,False
2019-01-16 16:00:00+08:00,天坛,29.0,47.0,5.0,41.0,0.4,45.0,Quotsoft/Beijing-monitoring-archive,False
2019-01-16 16:00:00+08:00,永定门内,30.0,48.0,13.0,36.0,0.5,41.0,Quotsoft/Beijing-monitoring-archive,False
2019-01-16 17:00:00+08:00,前门,41.0,,7.0,50.0,0.7,31.0,Quotsoft/Beijing-monitoring-archive,False
2019-01-16 17:00:00+08:00,天坛,40.0,44.0,5.0,53.0,0.5,35.0,Quotsoft/Beijing-monitoring-archive,False
2019-01-16 17:00:00+08:00,永定门内,41.0,58.0,14.0,48.0,0.5,30.0,Quotsoft/Beijing-monitoring-archive,False
2019-01-16 18:00:00+08:00,前门,56.0,68.0,9.0,65.0,0.9,18.0,Quotsoft/Beijing-monitoring-archive,False
2019-01-16 18:00:00+08:00,天坛,35.0,54.0,5.0,62.0,0.5,21.0,Quotsoft/Beijing-monitoring-archive,False
2019-01-16 18:00:00+08:00,永定门内,51.0,79.0,17.0,61.0,0.6,19.0,Quotsoft/Beijing-monitoring-archive,False
2019-01-16 19:00:00+08:00,前门,75.0,83.0,10.0,75.0,1.1,8.0,Quotsoft/Beijing-monitoring-archive,False
2019-01-16 19:00:00+08:00,天坛,63.0,77.0,7.0,70.0,0.7,15.0,Quotsoft/Beijing-monitoring-archive,False
2019-01-16 19:00:00+08:00,永定门内,61.0,86.0,17.0,70.0,0.7,11.0,Quotsoft/Beijing-monitoring-archive,False
2019-01-16 20:00:00+08:00,前门,68.0,71.0,9.0,72.0,1.0,9.0,Quotsoft/Beijing-monitoring-archive,False
2019-01-16 20:00:00+08:00,天坛,65.0,73.0,6.0,76.0,0.7,9.0,Quotsoft/Beijing-monitoring-archive,False
2019-01-16 20:00:00+08:00,永定门内,55.0,82.0,16.0,69.0,0.7,9.0,Quotsoft/Beijing-monitoring-archive,False
2019-01-16 21:00:00+08:00,前门,82.0,89.0,11.0,76.0,1.3,5.0,Quotsoft/Beijing-monitoring-archive,False
2019-01-16 21:00:00+08:00,天坛,64.0,78.0,7.0,77.0,0.8,7.0,Quotsoft/Beijing-monitoring-archive,False
2019-01-16 21:00:00+08:00,永定门内,69.0,95.0,19.0,74.0,0.8,5.0,Quotsoft/Beijing-monitoring-archive,False
2019-01-16 22:00:00+08:00,前门,80.0,92.0,13.0,76.0,1.2,4.0,Quotsoft/Beijing-monitoring-archive,False
2019-01-16 22:00:00+08:00,天坛,70.0,92.0,9.0,82.0,0.9,4.0,Quotsoft/Beijing-monitoring-archive,False
2019-01-16 22:00:00+08:00,永定门内,75.0,107.0,19.0,76.0,0.9,2.0,Quotsoft/Beijing-monitoring-archive,False
2019-01-16 23:00:00+08:00,前门,88.0,98.0,14.0,78.0,1.3,4.0,Quotsoft/Beijing-monitoring-archive,False
2019-01-16 23:00:00+08:00,天坛,76.0,98.0,8.0,82.0,1.0,3.0,Quotsoft/Beijing-monitoring-archive,False
2019-01-16 23:00:00+08:00,永定门内,76.0,111.0,17.0,77.0,1.2,1.0,Quotsoft/Beijing-monitoring-archive,False
2019-01-17 00:00:00+08:00,前门,92.0,98.0,15.0,78.0,1.5,4.0,Quotsoft/Beijing-monitoring-archive,False
2019-01-17 00:00:00+08:00,天坛,80.0,95.0,6.0,76.0,1.2,2.0,Quotsoft/Beijing-monitoring-archive,False
2019-01-17 00:00:00+08:00,永定门内,85.0,120.0,16.0,75.0,1.2,1.0,Quotsoft/Beijing-monitoring-archive,False
2019-01-17 01:00:00+08:00,前门,95.0,108.0,17.0,79.0,1.5,4.0,Quotsoft/Beijing-monitoring-archive,False
2019-01-17 01:00:00+08:00,天坛,80.0,85.0,4.0,70.0,1.2,2.0,Quotsoft/Beijing-monitoring-archive,False
2019-01-17 01:00:00+08:00,永定门内,94.0,141.0,17.0,76.0,1.3,1.0,Quotsoft/Beijing-monitoring-archive,False
2019-01-17 02:00:00+08:00,前门,92.0,107.0,14.0,91.0,1.6,3.0,Quotsoft/Beijing-monitoring-archive,False
2019-01-17 02:00:00+08:00,天坛,84.0,90.0,5.0,69.0,1.1,2.0,Quotsoft/Beijing-monitoring-archive,False
2019-01-17 02:00:00+08:00,永定门内,100.0,147.0,8.0,75.0,1.3,1.0,Quotsoft/Beijing-monitoring-archive,False
2019-01-17 03:00:00+08:00,前门,100.0,,11.0,80.0,1.4,3.0,Quotsoft/Beijing-monitoring-archive,False
2019-01-17 03:00:00+08:00,天坛,85.0,95.0,5.0,71.0,1.2,2.0,Quotsoft/Beijing-monitoring-archive,False
2019-01-17 03:00:00+08:00,永定门内,98.0,133.0,8.0,72.0,1.3,1.0,Quotsoft/Beijing-monitoring-archive,False
2019-01-17 04:00:00+08:00,前门,52.0,,8.0,72.0,1.1,,Quotsoft/Beijing-monitoring-archive,False
2019-01-17 04:00:00+08:00,天坛,98.0,,4.0,73.0,1.3,2.0,Quotsoft/Beijing-monitoring-archive,False
2019-01-17 04:00:00+08:00,永定门内,78.0,92.0,9.0,75.0,1.3,,Quotsoft/Beijing-monitoring-archive,False
2019-01-17 05:00:00+08:00,前门,35.0,,7.0,66.0,0.9,5.0,Quotsoft/Beijing-monitoring-archive,False
2019-01-17 05:00:00+08:00,天坛,73.0,,3.0,64.0,1.1,2.0,Quotsoft/Beijing-monitoring-archive,False
2019-01-17 05:00:00+08:00,永定门内,45.0,51.0,6.0,69.0,1.0,2.0,Quotsoft/Beijing-monitoring-archive,False
2019-01-17 06:00:00+08:00,前门,29.0,,9.0,65.0,1.0,5.0,Quotsoft/Beijing-monitoring-archive,False
2019-01-17 06:00:00+08:00,天坛,37.0,50.0,3.0,59.0,0.9,2.0,Quotsoft/Beijing-monitoring-archive,False
2019-01-17 06:00:00+08:00,永定门内,34.0,60.0,7.0,69.0,1.1,2.0,Quotsoft/Beijing-monitoring-archive,False
2019-01-17 07:00:00+08:00,前门,31.0,32.0,8.0,64.0,1.2,5.0,Quotsoft/Beijing-monitoring-archive,False
2019-01-17 07:00:00+08:00,天坛,21.0,52.0,2.0,61.0,0.8,2.0,Quotsoft/Beijing-monitoring-archive,False
2019-01-17 07:00:00+08:00,永定门内,29.0,55.0,9.0,72.0,1.1,2.0,Quotsoft/Beijing-monitoring-archive,False
2019-01-17 08:00:00+08:00,前门,32.0,37.0,8.0,61.0,1.1,5.0,Quotsoft/Beijing-monitoring-archive,False
2019-01-17 08:00:00+08:00,天坛,20.0,95.0,3.0,58.0,0.9,2.0,Quotsoft/Beijing-monitoring-archive,False
2019-01-17 08:00:00+08:00,永定门内,26.0,71.0,12.0,69.0,1.5,2.0,Quotsoft/Beijing-monitoring-archive,False
2019-01-17 09:00:00+08:00,前门,37.0,45.0,10.0,61.0,1.2,6.0,Quotsoft/Beijing-monitoring-archive,False
2019-01-17 09:00:00+08:00,天坛,30.0,63.0,5.0,59.0,1.0,4.0,Quotsoft/Beijing-monitoring-archive,False
2019-01-17 09:00:00+08:00,永定门内,30.0,61.0,13.0,65.0,1.2,2.0,Quotsoft/Beijing-monitoring-archive,False
2019-01-17 10:00:00+08:00,前门,22.0,36.0,11.0,55.0,1.2,12.0,Quotsoft/Beijing-monitoring-archive,False
2019-01-17 10:00:00+08:00,天坛,23.0,56.0,10.0,53.0,0.9,15.0,Quotsoft/Beijing-monitoring-archive,False
2019-01-17 10:00:00+08:00,永定门内,28.0,57.0,11.0,59.0,1.1,9.0,Quotsoft/Beijing-monitoring-archive,False
2019-01-17 11:00:00+08:00,前门,26.0,28.0,10.0,42.0,1.1,25.0,Quotsoft/Beijing-monitoring-archive,False
2019-01-17 11:00:00+08:00,天坛,26.0,31.0,11.0,45.0,0.7,28.0,Quotsoft/Beijing-monitoring-archive,False
2019-01-17 11:00:00+08:00,永定门内,24.0,43.0,14.0,41.0,0.8,27.0,Quotsoft/Beijing-monitoring-archive,False
2019-01-17 12:00:00+08:00,前门,30.0,,10.0,41.0,0.9,30.0,Quotsoft/Beijing-monitoring-archive,False
2019-01-17 12:00:00+08:00,天坛,18.0,46.0,11.0,41.0,0.6,36.0,Quotsoft/Beijing-monitoring-archive,False
2019-01-17 12:00:00+08:00,永定门内,24.0,37.0,14.0,41.0,0.8,32.0,Quotsoft/Beijing-monitoring-archive,False
2019-01-17 13:00:00+08:00,前门,24.0,,10.0,40.0,0.8,34.0,Quotsoft/Beijing-monitoring-archive,False
2019-01-17 13:00:00+08:00,天坛,29.0,34.0,10.0,39.0,0.6,41.0,Quotsoft/Beijing-monitoring-archive,False
2019-01-17 13:00:00+08:00,永定门内,22.0,34.0,13.0,39.0,0.7,36.0,Quotsoft/Beijing-monitoring-archive,False
2019-01-17 14:00:00+08:00,前门,27.0,30.0,9.0,48.0,0.8,31.0,Quotsoft/Beijing-monitoring-archive,False
2019-01-17 14:00:00+08:00,天坛,21.0,30.0,9.0,46.0,0.6,39.0,Quotsoft/Beijing-monitoring-archive,False
2019-01-17 14:00:00+08:00,永定门内,23.0,38.0,12.0,47.0,0.7,33.0,Quotsoft/Beijing-monitoring-archive,False
2019-01-17 15:00:00+08:00,前门,30.0,45.0,8.0,60.0,0.9,23.0,Quotsoft/Beijing-monitoring-archive,False
2019-01-17 15:00:00+08:00,天坛,28.0,35.0,,,,,Quotsoft/Beijing-monitoring-archive,False
2019-01-17 15:00:00+08:00,永定门内,26.0,53.0,11.0,59.0,0.8,23.0,Quotsoft/Beijing-monitoring-archive,False
2019-01-17 16:00:00+08:00,前门,29.0,44.0,8.0,62.0,0.8,19.0,Quotsoft/Beijing-monitoring-archive,False
2019-01-17 16:00:00+08:00,天坛,31.0,86.0,,,0.7,,Quotsoft/Beijing-monitoring-archive,False
2019-01-17 16:00:00+08:00,永定门内,32.0,58.0,11.0,65.0,0.8,19.0,Quotsoft/Beijing-monitoring-archive,False
2019-01-17 17:00:00+08:00,前门,33.0,45.0,8.0,61.0,0.8,21.0,Quotsoft/Beijing-monitoring-archive,False
2019-01-17 17:00:00+08:00,天坛,26.0,,,60.0,0.7,25.0,Quotsoft/Beijing-monitoring-archive,False
2019-01-17 17:00:00+08:00,永定门内,39.0,56.0,10.0,61.0,0.8,21.0,Quotsoft/Beijing-monitoring-archive,False
2019-01-17 18:00:00+08:00,前门,49.0,62.0,9.0,74.0,1.2,9.0,Quotsoft/Beijing-monitoring-archive,False
2019-01-17 18:00:00+08:00,天坛,31.0,57.0,,71.0,0.8,11.0,Quotsoft/Beijing-monitoring-archive,False
2019-01-17 18:00:00+08:00,永定门内,43.0,64.0,13.0,79.0,0.8,4.0,Quotsoft/Beijing-monitoring-archive,False
2019-01-17 19:00:00+08:00,前门,74.0,83.0,13.0,82.0,1.4,6.0,Quotsoft/Beijing-monitoring-archive,False
2019-01-17 19:00:00+08:00,天坛,60.0,,8.0,83.0,0.9,2.0,Quotsoft/Beijing-monitoring-archive,False
2019-01-17 19:00:00+08:00,永定门内,64.0,94.0,17.0,89.0,1.3,2.0,Quotsoft/Beijing-monitoring-archive,False
2019-01-17 20:00:00+08:00,前门,93.0,100.0,18.0,85.0,1.5,5.0,Quotsoft/Beijing-monitoring-archive,False
2019-01-17 20:00:00+08:00,天坛,72.0,,8.0,84.0,1.1,2.0,Quotsoft/Beijing-monitoring-archive,False
2019-01-17 20:00:00+08:00,永定门内,77.0,126.0,17.0,99.0,1.9,2.0,Quotsoft/Beijing-monitoring-archive,False
2019-01-17 21:00:00+08:00,前门,102.0,106.0,20.0,86.0,1.6,5.0,Quotsoft/Beijing-monitoring-archive,False
2019-01-17 21:00:00+08:00,天坛,76.0,95.0,10.0,86.0,1.3,1.0,Quotsoft/Beijing-monitoring-archive,False
2019-01-17 21:00:00+08:00,永定门内,95.0,131.0,24.0,97.0,1.7,2.0,Quotsoft/Beijing-monitoring-archive,False
2019-01-17 22:00:00+08:00,前门,102.0,126.0,20.0,86.0,1.8,5.0,Quotsoft/Beijing-monitoring-archive,False
2019-01-17 22:00:00+08:00,天坛,100.0,107.0,13.0,91.0,1.4,1.0,Quotsoft/Beijing-monitoring-archive,False
2019-01-17 22:00:00+08:00,永定门内,103.0,135.0,25.0,95.0,1.7,2.0,Quotsoft/Beijing-monitoring-archive,False
2019-01-17 23:00:00+08:00,前门,114.0,129.0,21.0,90.0,1.9,5.0,Quotsoft/Beijing-monitoring-archive,False
2019-01-17 23:00:00+08:00,天坛,101.0,114.0,11.0,85.0,1.4,1.0,Quotsoft/Beijing-monitoring-archive,False
2019-01-17 23:00:00+08:00,永定门内,111.0,148.0,19.0,97.0,1.9,2.0,Quotsoft/Beijing-monitoring-archive,False
2019-01-18 00:00:00+08:00,前门,118.0,127.0,22.0,90.0,2.0,5.0,Quotsoft/Beijing-monitoring-archive,False
2019-01-18 00:00:00+08:00,天坛,128.0,,12.0,91.0,1.6,2.0,Quotsoft/Beijing-monitoring-archive,False
2019-01-18 00:00:00+08:00,永定门内,116.0,146.0,19.0,92.0,2.1,2.0,Quotsoft/Beijing-monitoring-archive,False
2019-01-18 01:00:00+08:00,前门,116.0,131.0,22.0,92.0,2.0,5.0,Quotsoft/Beijing-monitoring-archive,False
2019-01-18 01:00:00+08:00,天坛,127.0,,11.0,88.0,1.6,2.0,Quotsoft/Beijing-monitoring-archive,False
2019-01-18 01:00:00+08:00,永定门内,117.0,144.0,16.0,101.0,2.1,2.0,Quotsoft/Beijing-monitoring-archive,False
2019-01-18 02:00:00+08:00,前门,113.0,,17.0,88.0,1.9,5.0,Quotsoft/Beijing-monitoring-archive,False
2019-01-18 02:00:00+08:00,天坛,131.0,,8.0,85.0,1.6,2.0,Quotsoft/Beijing-monitoring-archive,False
2019-01-18 02:00:00+08:00,永定门内,118.0,135.0,15.0,90.0,1.9,2.0,Quotsoft/Beijing-monitoring-archive,False
2019-01-18 03:00:00+08:00,前门,74.0,,13.0,83.0,1.6,4.0,Quotsoft/Beijing-monitoring-archive,False
2019-01-18 03:00:00+08:00,天坛,123.0,,5.0,85.0,1.7,2.0,Quotsoft/Beijing-monitoring-archive,False
2019-01-18 03:00:00+08:00,永定门内,111.0,126.0,14.0,88.0,1.8,2.0,Quotsoft/Beijing-monitoring-archive,False
2019-01-18 04:00:00+08:00,前门,63.0,64.0,14.0,79.0,1.6,4.0,Quotsoft/Beijing-monitoring-archive,False
2019-01-18 04:00:00+08:00,天坛,83.0,84.0,4.0,78.0,1.4,1.0,Quotsoft/Beijing-monitoring-archive,False
2019-01-18 04:00:00+08:00,永定门内,70.0,74.0,11.0,78.0,1.4,2.0,Quotsoft/Beijing-monitoring-archive,False
2019-01-18 05:00:00+08:00,前门,72.0,,16.0,79.0,1.7,5.0,Quotsoft/Beijing-monitoring-archive,False
2019-01-18 05:00:00+08:00,天坛,64.0,70.0,4.0,77.0,1.4,1.0,Quotsoft/Beijing-monitoring-archive,False
2019-01-18 05:00:00+08:00,永定门内,59.0,76.0,14.0,80.0,1.5,2.0,Quotsoft/Beijing-monitoring-archive,False
2019-01-18 06:00:00+08:00,前门,67.0,74.0,20.0,81.0,2.0,5.0,Quotsoft/Beijing-monitoring-archive,False
2019-01-18 06:00:00+08:00,天坛,61.0,76.0,6.0,78.0,1.6,1.0,Quotsoft/Beijing-monitoring-archive,False
2019-01-18 06:00:00+08:00,永定门内,69.0,94.0,19.0,83.0,1.8,2.0,Quotsoft/Beijing-monitoring-archive,False
2019-01-18 07:00:00+08:00,前门,64.0,65.0,16.0,76.0,1.8,5.0,Quotsoft/Beijing-monitoring-archive,False
2019-01-18 07:00:00+08:00,天坛,66.0,85.0,6.0,80.0,1.8,2.0,Quotsoft/Beijing-monitoring-archive,False
2019-01-18 07:00:00+08:00,永定门内,64.0,92.0,20.0,84.0,1.8,2.0,Quotsoft/Beijing-monitoring-archive,False
2019-01-18 08:00:00+08:00,前门,62.0,66.0,15.0,73.0,1.8,5.0,Quotsoft/Beijing-monitoring-archive,False
2019-01-18 08:00:00+08:00,天坛,63.0,92.0,5.0,75.0,1.7,2.0,Quotsoft/Beijing-monitoring-archive,False
2019-01-18 08:00:00+08:00,永定门内,58.0,90.0,17.0,79.0,1.7,2.0,Quotsoft/Beijing-monitoring-archive,False
2019-01-18 09:00:00+08:00,前门,66.0,82.0,14.0,73.0,1.9,5.0,Quotsoft/Beijing-monitoring-archive,False
2019-01-18 09:00:00+08:00,天坛,61.0,104.0,5.0,69.0,1.6,2.0,Quotsoft/Beijing-monitoring-archive,False
2019-01-18 09:00:00+08:00,永定门内,61.0,91.0,18.0,78.0,1.7,2.0,Quotsoft/Beijing-monitoring-archive,False
2019-01-18 10:00:00+08:00,前门,80.0,84.0,18.0,75.0,2.0,6.0,Quotsoft/Beijing-monitoring-archive,False
2019-01-18 10:00:00+08:00,天坛,70.0,105.0,11.0,77.0,1.8,6.0,Quotsoft/Beijing-monitoring-archive,False
2019-01-18 10:00:00+08:00,永定门内,70.0,102.0,18.0,83.0,2.0,1.0,Quotsoft/Beijing-monitoring-archive,False
2019-01-18 11:00:00+08:00,前门,83.0,,20.0,69.0,1.8,10.0,Quotsoft/Beijing-monitoring-archive,False
2019-01-18 11:00:00+08:00,天坛,67.0,93.0,20.0,69.0,1.3,16.0,Quotsoft/Beijing-monitoring-archive,False
2019-01-18 11:00:00+08:00,永定门内,68.0,93.0,24.0,71.0,1.5,7.0,Quotsoft/Beijing-monitoring-archive,False
2019-01-18 12:00:00+08:00,前门,68.0,,21.0,60.0,1.4,15.0,Quotsoft/Beijing-monitoring-archive,False
2019-01-18 12:00:00+08:00,天坛,60.0,112.0,21.0,63.0,1.3,,Quotsoft/Beijing-monitoring-archive,False
2019-01-18 12:00:00+08:00,永定门内,56.0,68.0,25.0,59.0,1.2,14.0,Quotsoft/Beijing-monitoring-archive,False
2019-01-18 13:00:00+08:00,前门,66.0,,19.0,59.0,1.4,18.0,Quotsoft/Beijing-monitoring-archive,False
2019-01-18 13:00:00+08:00,天坛,47.0,121.0,18.0,57.0,,,Quotsoft/Beijing-monitoring-archive,False
2019-01-18 13:00:00+08:00,永定门内,49.0,60.0,23.0,58.0,1.1,19.0,Quotsoft/Beijing-monitoring-archive,False
2019-01-18 14:00:00+08:00,前门,57.0,,18.0,61.0,1.3,19.0,Quotsoft/Beijing-monitoring-archive,False
2019-01-18 14:00:00+08:00,天坛,,,,,,,Quotsoft/Beijing-monitoring-archive,False
2019-01-18 14:00:00+08:00,永定门内,50.0,62.0,23.0,60.0,1.1,20.0,Quotsoft/Beijing-monitoring-archive,False
2019-01-18 15:00:00+08:00,前门,57.0,61.0,17.0,67.0,1.3,18.0,Quotsoft/Beijing-monitoring-archive,False
2019-01-18 15:00:00+08:00,天坛,,,,,,,Quotsoft/Beijing-monitoring-archive,False
2019-01-18 15:00:00+08:00,永定门内,,,,,,,Quotsoft/Beijing-monitoring-archive,False
2019-01-18 16:00:00+08:00,前门,56.0,74.0,18.0,80.0,1.4,9.0,Quotsoft/Beijing-monitoring-archive,False
2019-01-18 16:00:00+08:00,天坛,62.0,149.0,16.0,86.0,1.3,10.0,Quotsoft/Beijing-monitoring-archive,False
2019-01-18 16:00:00+08:00,永定门内,66.0,99.0,21.0,92.0,1.4,4.0,Quotsoft/Beijing-monitoring-archive,False
2019-01-18 17:00:00+08:00,前门,84.0,93.0,18.0,91.0,1.7,6.0,Quotsoft/Beijing-monitoring-archive,False
2019-01-18 17:00:00+08:00,天坛,78.0,,15.0,95.0,1.4,5.0,Quotsoft/Beijing-monitoring-archive,False
2019-01-18 17:00:00+08:00,永定门内,71.0,107.0,21.0,101.0,1.4,2.0,Quotsoft/Beijing-monitoring-archive,False
2019-01-18 18:00:00+08:00,前门,79.0,106.0,18.0,95.0,1.7,5.0,Quotsoft/Beijing-monitoring-archive,False
2019-01-18 18:00:00+08:00,天坛,76.0,100.0,12.0,95.0,1.3,4.0,Quotsoft/Beijing-monitoring-archive,False
2019-01-18 18:00:00+08:00,永定门内,76.0,117.0,21.0,101.0,1.5,2.0,Quotsoft/Beijing-monitoring-archive,False
2019-01-18 19:00:00+08:00,前门,91.0,116.0,19.0,97.0,1.9,5.0,Quotsoft/Beijing-monitoring-archive,False
2019-01-18 19:00:00+08:00,天坛,73.0,113.0,8.0,87.0,1.3,3.0,Quotsoft/Beijing-monitoring-archive,False
2019-01-18 19:00:00+08:00,永定门内,84.0,138.0,19.0,107.0,1.9,2.0,Quotsoft/Beijing-monitoring-archive,False
2019-01-18 20:00:00+08:00,前门,98.0,129.0,19.0,98.0,2.4,6.0,Quotsoft/Beijing-monitoring-archive,False
2019-01-18 20:00:00+08:00,天坛,81.0,115.0,9.0,89.0,1.5,4.0,Quotsoft/Beijing-monitoring-archive,False
2019-01-18 20:00:00+08:00,永定门内,91.0,155.0,16.0,117.0,2.3,2.0,Quotsoft/Beijing-monitoring-archive,False
2019-01-18 21:00:00+08:00,前门,109.0,140.0,19.0,98.0,2.7,5.0,Quotsoft/Beijing-monitoring-archive,False
2019-01-18 21:00:00+08:00,天坛,88.0,91.0,7.0,88.0,1.6,4.0,Quotsoft/Beijing-monitoring-archive,False
2019-01-18 21:00:00+08:00,永定门内,94.0,153.0,13.0,109.0,2.4,2.0,Quotsoft/Beijing-monitoring-archive,False
2019-01-18 22:00:00+08:00,前门,101.0,120.0,16.0,97.0,2.5,5.0,Quotsoft/Beijing-monitoring-archive,False
2019-01-18 22:00:00+08:00,天坛,96.0,131.0,7.0,88.0,1.9,5.0,Quotsoft/Beijing-monitoring-archive,False
2019-01-18 22:00:00+08:00,永定门内,97.0,158.0,11.0,102.0,2.7,2.0,Quotsoft/Beijing-monitoring-archive,False
2019-01-18 23:00:00+08:00,前门,79.0,,14.0,87.0,2.0,4.0,Quotsoft/Beijing-monitoring-archive,False
2019-01-18 23:00:00+08:00,天坛,78.0,132.0,7.0,84.0,1.6,6.0,Quotsoft/Beijing-monitoring-archive,False
2019-01-18 23:00:00+08:00,永定门内,83.0,108.0,15.0,95.0,1.9,2.0,Quotsoft/Beijing-monitoring-archive,False
2019-01-19 00:00:00+08:00,前门,28.0,,6.0,56.0,1.0,14.0,Quotsoft/Beijing-monitoring-archive,False
2019-01-19 00:00:00+08:00,天坛,21.0,64.0,3.0,39.0,0.5,30.0,Quotsoft/Beijing-monitoring-archive,False
2019-01-19 00:00:00+08:00,永定门内,26.0,34.0,7.0,44.0,0.5,21.0,Quotsoft/Beijing-monitoring-archive,False
2019-01-19 01:00:00+08:00,前门,24.0,,5.0,53.0,0.8,13.0,Quotsoft/Beijing-monitoring-archive,False
2019-01-19 01:00:00+08:00,天坛,16.0,41.0,2.0,41.0,0.5,27.0,Quotsoft/Beijing-monitoring-archive,False
2019-01-19 01:00:00+08:00,永定门内,17.0,30.0,6.0,41.0,0.5,18.0,Quotsoft/Beijing-monitoring-archive,False
2019-01-19 02:00:00+08:00,前门,11.0,17.0,4.0,41.0,0.6,23.0,Quotsoft/Beijing-monitoring-archive,False
2019-01-19 02:00:00+08:00,天坛,9.0,35.0,3.0,34.0,0.4,32.0,Quotsoft/Beijing-monitoring-archive,False
2019-01-19 02:00:00+08:00,永定门内,14.0,29.0,5.0,30.0,0.4,27.0,Quotsoft/Beijing-monitoring-archive,False
2019-01-19 03:00:00+08:00,前门,8.0,12.0,3.0,31.0,0.5,29.0,Quotsoft/Beijing-monitoring-archive,False
2019-01-19 03:00:00+08:00,天坛,4.0,26.0,2.0,24.0,0.3,40.0,Quotsoft/Beijing-monitoring-archive,False
2019-01-19 03:00:00+08:00,永定门内,11.0,23.0,6.0,21.0,0.3,34.0,Quotsoft/Beijing-monitoring-archive,False
2019-01-19 04:00:00+08:00,前门,2.0,11.0,3.0,30.0,0.4,,Quotsoft/Beijing-monitoring-archive,False
2019-01-19 04:00:00+08:00,天坛,6.0,25.0,1.0,24.0,0.3,40.0,Quotsoft/Beijing-monitoring-archive,False
2019-01-19 04:00:00+08:00,永定门内,7.0,19.0,4.0,16.0,0.3,,Quotsoft/Beijing-monitoring-archive,False
2019-01-19 05:00:00+08:00,前门,8.0,11.0,2.0,26.0,0.4,34.0,Quotsoft/Beijing-monitoring-archive,False
2019-01-19 05:00:00+08:00,天坛,6.0,29.0,2.0,25.0,0.2,38.0,Quotsoft/Beijing-monitoring-archive,False
2019-01-19 05:00:00+08:00,永定门内,4.0,20.0,4.0,17.0,0.3,40.0,Quotsoft/Beijing-monitoring-archive,False
2019-01-19 06:00:00+08:00,前门,12.0,14.0,2.0,29.0,0.4,33.0,Quotsoft/Beijing-monitoring-archive,False
2019-01-19 06:00:00+08:00,天坛,5.0,12.0,2.0,28.0,0.3,36.0,Quotsoft/Beijing-monitoring-archive,False
2019-01-19 06:00:00+08:00,永定门内,7.0,20.0,4.0,25.0,0.3,36.0,Quotsoft/Beijing-monitoring-archive,False
2019-01-19 07:00:00+08:00,前门,4.0,12.0,2.0,31.0,0.5,31.0,Quotsoft/Beijing-monitoring-archive,False
2019-01-19 07:00:00+08:00,天坛,7.0,34.0,2.0,31.0,0.3,33.0,Quotsoft/Beijing-monitoring-archive,False
2019-01-19 07:00:00+08:00,永定门内,6.0,20.0,5.0,32.0,0.3,29.0,Quotsoft/Beijing-monitoring-archive,False
2019-01-19 08:00:00+08:00,前门,11.0,13.0,2.0,34.0,0.5,28.0,Quotsoft/Beijing-monitoring-archive,False
2019-01-19 08:00:00+08:00,天坛,3.0,7.0,1.0,34.0,0.3,31.0,Quotsoft/Beijing-monitoring-archive,False
2019-01-19 08:00:00+08:00,永定门内,8.0,21.0,5.0,32.0,0.3,30.0,Quotsoft/Beijing-monitoring-archive,False
2019-01-19 09:00:00+08:00,前门,16.0,19.0,3.0,33.0,0.5,30.0,Quotsoft/Beijing-monitoring-archive,False
2019-01-19 09:00:00+08:00,天坛,4.0,29.0,3.0,37.0,0.3,29.0,Quotsoft/Beijing-monitoring-archive,False
2019-01-19 09:00:00+08:00,永定门内,10.0,24.0,5.0,29.0,0.3,33.0,Quotsoft/Beijing-monitoring-archive,False
2019-01-19 10:00:00+08:00,前门,12.0,24.0,3.0,35.0,0.6,32.0,Quotsoft/Beijing-monitoring-archive,False
2019-01-19 10:00:00+08:00,天坛,6.0,56.0,3.0,32.0,0.4,36.0,Quotsoft/Beijing-monitoring-archive,False
2019-01-19 10:00:00+08:00,永定门内,7.0,28.0,6.0,27.0,0.4,37.0,Quotsoft/Beijing-monitoring-archive,False
2019-01-19 11:00:00+08:00,前门,12.0,25.0,4.0,27.0,0.6,43.0,Quotsoft/Beijing-monitoring-archive,False
2019-01-19 11:00:00+08:00,天坛,11.0,45.0,3.0,24.0,0.4,49.0,Quotsoft/Beijing-monitoring-archive,False
2019-01-19 11:00:00+08:00,永定门内,11.0,35.0,7.0,23.0,0.4,47.0,Quotsoft/Beijing-monitoring-archive,False
2019-01-19 12:00:00+08:00,前门,18.0,,3.0,19.0,0.5,52.0,Quotsoft/Beijing-monitoring-archive,False
2019-01-19 12:00:00+08:00,天坛,8.0,32.0,4.0,21.0,0.4,55.0,Quotsoft/Beijing-monitoring-archive,False
2019-01-19 12:00:00+08:00,永定门内,11.0,24.0,7.0,14.0,0.4,58.0,Quotsoft/Beijing-monitoring-archive,False
2019-01-19 13:00:00+08:00,前门,2.0,12.0,4.0,20.0,0.5,51.0,Quotsoft/Beijing-monitoring-archive,False
2019-01-19 13:00:00+08:00,天坛,16.0,26.0,4.0,20.0,0.4,57.0,Quotsoft/Beijing-monitoring-archive,False
2019-01-19 13:00:00+08:00,永定门内,12.0,19.0,7.0,17.0,0.4,56.0,Quotsoft/Beijing-monitoring-archive,False
2019-01-19 14:00:00+08:00,前门,10.0,14.0,4.0,19.0,0.5,52.0,Quotsoft/Beijing-monitoring-archive,False
2019-01-19 14:00:00+08:00,天坛,14.0,18.0,4.0,21.0,0.4,57.0,Quotsoft/Beijing-monitoring-archive,False
2019-01-19 14:00:00+08:00,永定门内,12.0,22.0,7.0,16.0,0.4,57.0,Quotsoft/Beijing-monitoring-archive,False
2019-01-19 15:00:00+08:00,前门,18.0,,4.0,20.0,0.5,51.0,Quotsoft/Beijing-monitoring-archive,False
2019-01-19 15:00:00+08:00,天坛,11.0,29.0,4.0,24.0,0.4,55.0,Quotsoft/Beijing-monitoring-archive,False
2019-01-19 15:00:00+08:00,永定门内,11.0,25.0,7.0,19.0,0.4,55.0,Quotsoft/Beijing-monitoring-archive,False
2019-01-19 16:00:00+08:00,前门,18.0,,4.0,21.0,0.6,50.0,Quotsoft/Beijing-monitoring-archive,False
2019-01-19 16:00:00+08:00,天坛,11.0,,5.0,27.0,0.4,53.0,Quotsoft/Beijing-monitoring-archive,False
2019-01-19 16:00:00+08:00,永定门内,13.0,26.0,6.0,24.0,0.4,50.0,Quotsoft/Beijing-monitoring-archive,False
2019-01-19 17:00:00+08:00,前门,9.0,18.0,4.0,23.0,0.5,49.0,Quotsoft/Beijing-monitoring-archive,False
2019-01-19 17:00:00+08:00,天坛,10.0,33.0,4.0,28.0,0.4,53.0,Quotsoft/Beijing-monitoring-archive,False
2019-01-19 17:00:00+08:00,永定门内,12.0,28.0,6.0,26.0,0.4,50.0,Quotsoft/Beijing-monitoring-archive,False
2019-01-19 18:00:00+08:00,前门,22.0,24.0,4.0,29.0,0.6,42.0,Quotsoft/Beijing-monitoring-archive,False
2019-01-19 18:00:00+08:00,天坛,15.0,39.0,5.0,42.0,0.5,40.0,Quotsoft/Beijing-monitoring-archive,False
2019-01-19 18:00:00+08:00,永定门内,15.0,33.0,8.0,37.0,0.5,37.0,Quotsoft/Beijing-monitoring-archive,False
2019-01-19 19:00:00+08:00,前门,19.0,30.0,5.0,41.0,0.6,29.0,Quotsoft/Beijing-monitoring-archive,False
2019-01-19 19:00:00+08:00,天坛,23.0,51.0,5.0,52.0,0.6,28.0,Quotsoft/Beijing-monitoring-archive,False
2019-01-19 19:00:00+08:00,永定门内,20.0,41.0,9.0,59.0,0.7,12.0,Quotsoft/Beijing-monitoring-archive,False
2019-01-19 20:00:00+08:00,前门,11.0,30.0,4.0,43.0,0.6,26.0,Quotsoft/Beijing-monitoring-archive,False
2019-01-19 20:00:00+08:00,天坛,19.0,45.0,4.0,58.0,0.6,17.0,Quotsoft/Beijing-monitoring-archive,False
2019-01-19 20:00:00+08:00,永定门内,19.0,35.0,7.0,43.0,0.5,30.0,Quotsoft/Beijing-monitoring-archive,False
2019-01-19 21:00:00+08:00,前门,14.0,26.0,4.0,36.0,0.5,33.0,Quotsoft/Beijing-monitoring-archive,False
2019-01-19 21:00:00+08:00,天坛,17.0,40.0,5.0,44.0,0.5,33.0,Quotsoft/Beijing-monitoring-archive,False
2019-01-19 21:00:00+08:00,永定门内,16.0,34.0,7.0,38.0,0.5,32.0,Quotsoft/Beijing-monitoring-archive,False
2019-01-19 22:00:00+08:00,前门,13.0,18.0,3.0,26.0,0.4,46.0,Quotsoft/Beijing-monitoring-archive,False
2019-01-19 22:00:00+08:00,天坛,12.0,38.0,4.0,30.0,0.3,49.0,Quotsoft/Beijing-monitoring-archive,False
2019-01-19 22:00:00+08:00,永定门内,12.0,29.0,7.0,26.0,0.4,46.0,Quotsoft/Beijing-monitoring-archive,False
2019-01-19 23:00:00+08:00,前门,2.0,21.0,1.0,17.0,0.3,58.0,Quotsoft/Beijing-monitoring-archive,False
2019-01-19 23:00:00+08:00,天坛,10.0,34.0,2.0,18.0,0.2,64.0,Quotsoft/Beijing-monitoring-archive,False
2019-01-19 23:00:00+08:00,永定门内,9.0,23.0,3.0,16.0,0.3,60.0,Quotsoft/Beijing-monitoring-archive,False
2019-01-20 00:00:00+08:00,前门,4.0,6.0,1.0,15.0,0.3,60.0,Quotsoft/Beijing-monitoring-archive,False
2019-01-20 00:00:00+08:00,天坛,3.0,26.0,3.0,14.0,0.2,68.0,Quotsoft/Beijing-monitoring-archive,False
2019-01-20 00:00:00+08:00,永定门内,8.0,12.0,2.0,11.0,0.2,66.0,Quotsoft/Beijing-monitoring-archive,False
2019-01-20 01:00:00+08:00,前门,1.0,4.0,3.0,11.0,0.3,61.0,Quotsoft/Beijing-monitoring-archive,False
2019-01-20 01:00:00+08:00,天坛,2.0,21.0,3.0,12.0,0.2,67.0,Quotsoft/Beijing-monitoring-archive,False
2019-01-20 01:00:00+08:00,永定门内,5.0,16.0,2.0,7.0,0.2,67.0,Quotsoft/Beijing-monitoring-archive,False
2019-01-20 02:00:00+08:00,前门,13.0,13.0,3.0,11.0,0.3,58.0,Quotsoft/Beijing-monitoring-archive,False
2019-01-20 02:00:00+08:00,天坛,5.0,38.0,3.0,12.0,0.2,64.0,Quotsoft/Beijing-monitoring-archive,False
2019-01-20 02:00:00+08:00,永定门内,4.0,21.0,2.0,8.0,0.2,62.0,Quotsoft/Beijing-monitoring-archive,False
2019-01-20 03:00:00+08:00,前门,10.0,,1.0,13.0,0.3,52.0,Quotsoft/Beijing-monitoring-archive,False
2019-01-20 03:00:00+08:00,天坛,2.0,22.0,3.0,15.0,0.2,59.0,Quotsoft/Beijing-monitoring-archive,False
2019-01-20 03:00:00+08:00,永定门内,5.0,14.0,3.0,12.0,0.2,55.0,Quotsoft/Beijing-monitoring-archive,False
2019-01-20 04:00:00+08:00,前门,13.0,,1.0,17.0,0.3,46.0,Quotsoft/Beijing-monitoring-archive,False
2019-01-20 04:00:00+08:00,天坛,6.0,13.0,1.0,22.0,0.3,50.0,Quotsoft/Beijing-monitoring-archive,False
2019-01-20 04:00:00+08:00,永定门内,3.0,14.0,4.0,16.0,0.2,50.0,Quotsoft/Beijing-monitoring-archive,False
2019-01-20 05:00:00+08:00,前门,10.0,,2.0,15.0,0.3,48.0,Quotsoft/Beijing-monitoring-archive,False
2019-01-20 05:00:00+08:00,天坛,6.0,26.0,2.0,20.0,0.3,51.0,Quotsoft/Beijing-monitoring-archive,False
2019-01-20 05:00:00+08:00,永定门内,6.0,16.0,4.0,13.0,0.3,52.0,Quotsoft/Beijing-monitoring-archive,False
2019-01-20 06:00:00+08:00,前门,7.0,12.0,2.0,17.0,0.4,45.0,Quotsoft/Beijing-monitoring-archive,False
2019-01-20 06:00:00+08:00,天坛,4.0,20.0,2.0,21.0,0.3,49.0,Quotsoft/Beijing-monitoring-archive,False
2019-01-20 06:00:00+08:00,永定门内,5.0,18.0,5.0,16.0,0.3,47.0,Quotsoft/Beijing-monitoring-archive,False
2019-01-20 07:00:00+08:00,前门,10.0,13.0,2.0,22.0,0.4,43.0,Quotsoft/Beijing-monitoring-archive,False
2019-01-20 07:00:00+08:00,天坛,9.0,27.0,2.0,23.0,0.3,49.0,Quotsoft/Beijing-monitoring-archive,False
2019-01-20 07:00:00+08:00,永定门内,7.0,19.0,5.0,19.0,0.3,47.0,Quotsoft/Beijing-monitoring-archive,False
2019-01-20 08:00:00+08:00,前门,12.0,12.0,1.0,18.0,0.3,46.0,Quotsoft/Beijing-monitoring-archive,False
2019-01-20 08:00:00+08:00,天坛,5.0,35.0,1.0,25.0,0.3,47.0,Quotsoft/Beijing-monitoring-archive,False
2019-01-20 08:00:00+08:00,永定门内,10.0,22.0,4.0,24.0,0.3,44.0,Quotsoft/Beijing-monitoring-archive,False
2019-01-20 09:00:00+08:00,前门,15.0,,2.0,21.0,0.4,43.0,Quotsoft/Beijing-monitoring-archive,False
2019-01-20 09:00:00+08:00,天坛,11.0,30.0,3.0,24.0,0.3,49.0,Quotsoft/Beijing-monitoring-archive,False
2019-01-20 09:00:00+08:00,永定门内,7.0,20.0,5.0,21.0,0.3,48.0,Quotsoft/Beijing-monitoring-archive,False
2019-01-20 10:00:00+08:00,前门,20.0,,1.0,21.0,0.4,46.0,Quotsoft/Beijing-monitoring-archive,False
2019-01-20 10:00:00+08:00,天坛,2.0,35.0,3.0,24.0,0.3,51.0,Quotsoft/Beijing-monitoring-archive,False
2019-01-20 10:00:00+08:00,永定门内,6.0,19.0,4.0,17.0,0.3,52.0,Quotsoft/Beijing-monitoring-archive,False
2019-01-20 11:00:00+08:00,前门,3.0,11.0,1.0,15.0,0.4,53.0,Quotsoft/Beijing-monitoring-archive,False
2019-01-20 11:00:00+08:00,天坛,2.0,31.0,2.0,18.0,0.3,58.0,Quotsoft/Beijing-monitoring-archive,False
2019-01-20 11:00:00+08:00,永定门内,8.0,19.0,3.0,14.0,0.3,57.0,Quotsoft/Beijing-monitoring-archive,False
2019-01-20 12:00:00+08:00,前门,11.0,,3.0,13.0,0.3,57.0,Quotsoft/Beijing-monitoring-archive,False
2019-01-20 12:00:00+08:00,天坛,2.0,18.0,2.0,17.0,0.3,62.0,Quotsoft/Beijing-monitoring-archive,False
2019-01-20 12:00:00+08:00,永定门内,8.0,12.0,2.0,9.0,0.3,63.0,Quotsoft/Beijing-monitoring-archive,False
2019-01-20 13:00:00+08:00,前门,15.0,,3.0,11.0,0.3,61.0,Quotsoft/Beijing-monitoring-archive,False
2019-01-20 13:00:00+08:00,天坛,8.0,,2.0,17.0,0.3,63.0,Quotsoft/Beijing-monitoring-archive,False
2019-01-20 13:00:00+08:00,永定门内,7.0,8.0,1.0,7.0,0.3,66.0,Quotsoft/Beijing-monitoring-archive,False
2019-01-20 14:00:00+08:00,前门,16.0,,1.0,11.0,0.3,61.0,Quotsoft/Beijing-monitoring-archive,False
2019-01-20 14:00:00+08:00,天坛,11.0,21.0,2.0,16.0,0.3,65.0,Quotsoft/Beijing-monitoring-archive,False
2019-01-20 14:00:00+08:00,永定门内,7.0,12.0,3.0,10.0,0.3,65.0,Quotsoft/Beijing-monitoring-archive,False
2019-01-20 15:00:00+08:00,前门,19.0,,3.0,12.0,0.3,61.0,Quotsoft/Beijing-monitoring-archive,False
2019-01-20 15:00:00+08:00,天坛,9.0,,1.0,18.0,0.3,64.0,Quotsoft/Beijing-monitoring-archive,False
2019-01-20 15:00:00+08:00,永定门内,4.0,18.0,3.0,10.0,0.3,66.0,Quotsoft/Beijing-monitoring-archive,False
2019-01-20 16:00:00+08:00,前门,2.0,8.0,1.0,11.0,0.3,63.0,Quotsoft/Beijing-monitoring-archive,False
2019-01-20 16:00:00+08:00,天坛,3.0,17.0,3.0,19.0,0.3,64.0,Quotsoft/Beijing-monitoring-archive,False
2019-01-20 16:00:00+08:00,永定门内,9.0,16.0,3.0,9.0,0.3,67.0,Quotsoft/Beijing-monitoring-archive,False
2019-01-20 17:00:00+08:00,前门,3.0,12.0,1.0,14.0,0.4,60.0,Quotsoft/Beijing-monitoring-archive,False
2019-01-20 17:00:00+08:00,天坛,6.0,22.0,1.0,20.0,0.3,63.0,Quotsoft/Beijing-monitoring-archive,False
2019-01-20 17:00:00+08:00,永定门内,7.0,20.0,3.0,11.0,0.3,65.0,Quotsoft/Beijing-monitoring-archive,False
2019-01-20 18:00:00+08:00,前门,2.0,16.0,1.0,21.0,0.4,53.0,Quotsoft/Beijing-monitoring-archive,False
2019-01-20 18:00:00+08:00,天坛,12.0,28.0,2.0,27.0,0.3,55.0,Quotsoft/Beijing-monitoring-archive,False
2019-01-20 18:00:00+08:00,永定门内,6.0,23.0,3.0,16.0,0.3,59.0,Quotsoft/Beijing-monitoring-archive,False
2019-01-20 19:00:00+08:00,前门,16.0,19.0,2.0,28.0,0.5,44.0,Quotsoft/Beijing-monitoring-archive,False
2019-01-20 19:00:00+08:00,天坛,36.0,,1.0,29.0,0.3,50.0,Quotsoft/Beijing-monitoring-archive,False
2019-01-20 19:00:00+08:00,永定门内,13.0,25.0,4.0,27.0,0.3,47.0,Quotsoft/Beijing-monitoring-archive,False
2019-01-20 20:00:00+08:00,前门,17.0,19.0,2.0,38.0,0.5,34.0,Quotsoft/Beijing-monitoring-archive,False
2019-01-20 20:00:00+08:00,天坛,33.0,,1.0,35.0,0.3,41.0,Quotsoft/Beijing-monitoring-archive,False
2019-01-20 20:00:00+08:00,永定门内,11.0,26.0,3.0,37.0,0.3,37.0,Quotsoft/Beijing-monitoring-archive,False
2019-01-20 21:00:00+08:00,前门,17.0,30.0,2.0,56.0,0.6,16.0,Quotsoft/Beijing-monitoring-archive,False
2019-01-20 21:00:00+08:00,天坛,16.0,29.0,1.0,45.0,0.4,32.0,Quotsoft/Beijing-monitoring-archive,False
2019-01-20 21:00:00+08:00,永定门内,22.0,44.0,4.0,62.0,0.5,15.0,Quotsoft/Beijing-monitoring-archive,False
2019-01-20 22:00:00+08:00,前门,45.0,49.0,4.0,65.0,0.7,10.0,Quotsoft/Beijing-monitoring-archive,False
2019-01-20 22:00:00+08:00,天坛,31.0,52.0,2.0,66.0,0.5,15.0,Quotsoft/Beijing-monitoring-archive,False
2019-01-20 22:00:00+08:00,永定门内,35.0,59.0,8.0,72.0,0.6,5.0,Quotsoft/Beijing-monitoring-archive,False
2019-01-20 23:00:00+08:00,前门,45.0,56.0,6.0,61.0,0.7,12.0,Quotsoft/Beijing-monitoring-archive,False
2019-01-20 23:00:00+08:00,天坛,39.0,55.0,4.0,73.0,0.6,7.0,Quotsoft/Beijing-monitoring-archive,False
2019-01-20 23:00:00+08:00,永定门内,40.0,65.0,9.0,80.0,0.7,2.0,Quotsoft/Beijing-monitoring-archive,False
2019-01-21 00:00:00+08:00,前门,44.0,62.0,6.0,71.0,0.9,6.0,Quotsoft/Beijing-monitoring-archive,False
2019-01-21 00:00:00+08:00,天坛,41.0,62.0,4.0,74.0,0.6,4.0,Quotsoft/Beijing-monitoring-archive,False
2019-01-21 00:00:00+08:00,永定门内,52.0,87.0,9.0,82.0,0.8,2.0,Quotsoft/Beijing-monitoring-archive,False
2019-01-21 01:00:00+08:00,前门,59.0,70.0,7.0,71.0,0.9,5.0,Quotsoft/Beijing-monitoring-archive,False
2019-01-21 01:00:00+08:00,天坛,52.0,70.0,3.0,73.0,0.7,4.0,Quotsoft/Beijing-monitoring-archive,False
2019-01-21 01:00:00+08:00,永定门内,60.0,122.0,7.0,83.0,0.9,2.0,Quotsoft/Beijing-monitoring-archive,False
2019-01-21 02:00:00+08:00,前门,60.0,71.0,7.0,72.0,1.0,5.0,Quotsoft/Beijing-monitoring-archive,False
2019-01-21 02:00:00+08:00,天坛,52.0,67.0,3.0,69.0,0.8,4.0,Quotsoft/Beijing-monitoring-archive,False
2019-01-21 02:00:00+08:00,永定门内,56.0,133.0,7.0,76.0,0.9,2.0,Quotsoft/Beijing-monitoring-archive,False
2019-01-21 03:00:00+08:00,前门,56.0,69.0,7.0,77.0,1.1,5.0,Quotsoft/Beijing-monitoring-archive,False
2019-01-21 03:00:00+08:00,天坛,47.0,66.0,3.0,68.0,0.9,4.0,Quotsoft/Beijing-monitoring-archive,False
2019-01-21 03:00:00+08:00,永定门内,57.0,100.0,8.0,86.0,1.0,2.0,Quotsoft/Beijing-monitoring-archive,False
2019-01-21 04:00:00+08:00,前门,33.0,34.0,7.0,64.0,0.8,,Quotsoft/Beijing-monitoring-archive,False
2019-01-21 04:00:00+08:00,天坛,45.0,63.0,3.0,68.0,0.9,10.0,Quotsoft/Beijing-monitoring-archive,False
2019-01-21 04:00:00+08:00,永定门内,41.0,56.0,8.0,78.0,0.8,,Quotsoft/Beijing-monitoring-archive,False
2019-01-21 05:00:00+08:00,前门,15.0,17.0,5.0,36.0,0.5,34.0,Quotsoft/Beijing-monitoring-archive,False
2019-01-21 05:00:00+08:00,天坛,11.0,27.0,4.0,32.0,0.4,41.0,Quotsoft/Beijing-monitoring-archive,False
2019-01-21 05:00:00+08:00,永定门内,10.0,26.0,9.0,21.0,0.3,50.0,Quotsoft/Beijing-monitoring-archive,False
2019-01-21 06:00:00+08:00,前门,18.0,22.0,7.0,40.0,0.7,30.0,Quotsoft/Beijing-monitoring-archive,False
2019-01-21 06:00:00+08:00,天坛,7.0,35.0,3.0,37.0,0.4,33.0,Quotsoft/Beijing-monitoring-archive,False
2019-01-21 06:00:00+08:00,永定门内,12.0,32.0,9.0,30.0,0.4,39.0,Quotsoft/Beijing-monitoring-archive,False
2019-01-21 07:00:00+08:00,前门,16.0,28.0,5.0,55.0,0.7,15.0,Quotsoft/Beijing-monitoring-archive,False
2019-01-21 07:00:00+08:00,天坛,9.0,39.0,2.0,36.0,0.4,29.0,Quotsoft/Beijing-monitoring-archive,False
2019-01-21 07:00:00+08:00,永定门内,13.0,48.0,9.0,69.0,0.6,8.0,Quotsoft/Beijing-monitoring-archive,False
2019-01-21 08:00:00+08:00,前门,15.0,42.0,6.0,67.0,0.8,8.0,Quotsoft/Beijing-monitoring-archive,False
2019-01-21 08:00:00+08:00,天坛,24.0,67.0,4.0,69.0,0.9,6.0,Quotsoft/Beijing-monitoring-archive,False
2019-01-21 08:00:00+08:00,永定门内,14.0,56.0,9.0,74.0,0.8,2.0,Quotsoft/Beijing-monitoring-archive,False
2019-01-21 09:00:00+08:00,前门,15.0,42.0,6.0,59.0,0.8,13.0,Quotsoft/Beijing-monitoring-archive,False
2019-01-21 09:00:00+08:00,天坛,19.0,56.0,5.0,63.0,0.7,14.0,Quotsoft/Beijing-monitoring-archive,False
2019-01-21 09:00:00+08:00,永定门内,19.0,61.0,10.0,74.0,0.9,4.0,Quotsoft/Beijing-monitoring-archive,False
2019-01-21 10:00:00+08:00,前门,15.0,32.0,7.0,46.0,0.8,27.0,Quotsoft/Beijing-monitoring-archive,False
2019-01-21 10:00:00+08:00,天坛,17.0,45.0,7.0,47.0,0.6,34.0,Quotsoft/Beijing-monitoring-archive,False
2019-01-21 10:00:00+08:00,永定门内,16.0,49.0,11.0,54.0,0.7,25.0,Quotsoft/Beijing-monitoring-archive,False
2019-01-21 11:00:00+08:00,前门,18.0,28.0,7.0,35.0,0.7,39.0,Quotsoft/Beijing-monitoring-archive,False
2019-01-21 11:00:00+08:00,天坛,11.0,62.0,7.0,39.0,0.6,41.0,Quotsoft/Beijing-monitoring-archive,False
2019-01-21 11:00:00+08:00,永定门内,14.0,47.0,12.0,43.0,0.7,37.0,Quotsoft/Beijing-monitoring-archive,False
2019-01-21 12:00:00+08:00,前门,8.0,21.0,5.0,25.0,0.5,50.0,Quotsoft/Beijing-monitoring-archive,False
2019-01-21 12:00:00+08:00,天坛,13.0,,5.0,26.0,0.4,56.0,Quotsoft/Beijing-monitoring-archive,False
2019-01-21 12:00:00+08:00,永定门内,12.0,33.0,11.0,23.0,0.5,,Quotsoft/Beijing-monitoring-archive,False
2019-01-21 13:00:00+08:00,前门,18.0,19.0,5.0,23.0,0.5,52.0,Quotsoft/Beijing-monitoring-archive,False
2019-01-21 13:00:00+08:00,天坛,5.0,,5.0,21.0,0.4,61.0,Quotsoft/Beijing-monitoring-archive,False
2019-01-21 13:00:00+08:00,永定门内,10.0,23.0,10.0,15.0,0.4,63.0,Quotsoft/Beijing-monitoring-archive,False
2019-01-21 14:00:00+08:00,前门,7.0,16.0,5.0,21.0,0.5,55.0,Quotsoft/Beijing-monitoring-archive,False
2019-01-21 14:00:00+08:00,天坛,10.0,,4.0,20.0,0.4,63.0,Quotsoft/Beijing-monitoring-archive,False
2019-01-21 14:00:00+08:00,永定门内,14.0,26.0,10.0,20.0,0.4,60.0,Quotsoft/Beijing-monitoring-archive,False
2019-01-21 15:00:00+08:00,前门,10.0,16.0,5.0,25.0,0.5,53.0,Quotsoft/Beijing-monitoring-archive,False
2019-01-21 15:00:00+08:00,天坛,11.0,,4.0,21.0,0.3,65.0,Quotsoft/Beijing-monitoring-archive,False
2019-01-21 15:00:00+08:00,永定门内,9.0,32.0,9.0,20.0,0.4,62.0,Quotsoft/Beijing-monitoring-archive,False
2019-01-21 16:00:00+08:00,前门,14.0,28.0,5.0,33.0,0.5,53.0,Quotsoft/Beijing-monitoring-archive,False
2019-01-21 16:00:00+08:00,天坛,15.0,,3.0,25.0,0.4,69.0,Quotsoft/Beijing-monitoring-archive,False
2019-01-21 16:00:00+08:00,永定门内,15.0,34.0,9.0,25.0,0.5,65.0,Quotsoft/Beijing-monitoring-archive,False
2019-01-21 17:00:00+08:00,前门,29.0,38.0,5.0,46.0,0.6,43.0,Quotsoft/Beijing-monitoring-archive,False
2019-01-21 17:00:00+08:00,天坛,22.0,45.0,3.0,36.0,0.4,62.0,Quotsoft/Beijing-monitoring-archive,False
2019-01-21 17:00:00+08:00,永定门内,26.0,48.0,10.0,40.0,0.5,54.0,Quotsoft/Beijing-monitoring-archive,False
2019-01-21 18:00:00+08:00,前门,33.0,53.0,5.0,62.0,0.7,24.0,Quotsoft/Beijing-monitoring-archive,False
2019-01-21 18:00:00+08:00,天坛,30.0,40.0,4.0,48.0,0.5,43.0,Quotsoft/Beijing-monitoring-archive,False
2019-01-21 18:00:00+08:00,永定门内,33.0,65.0,11.0,65.0,0.6,23.0,Quotsoft/Beijing-monitoring-archive,False
2019-01-21 19:00:00+08:00,前门,31.0,57.0,6.0,64.0,0.8,19.0,Quotsoft/Beijing-monitoring-archive,False
2019-01-21 19:00:00+08:00,天坛,39.0,47.0,4.0,57.0,0.6,27.0,Quotsoft/Beijing-monitoring-archive,False
2019-01-21 19:00:00+08:00,永定门内,39.0,69.0,10.0,81.0,0.7,6.0,Quotsoft/Beijing-monitoring-archive,False
2019-01-21 20:00:00+08:00,前门,51.0,66.0,7.0,76.0,1.0,8.0,Quotsoft/Beijing-monitoring-archive,False
2019-01-21 20:00:00+08:00,天坛,35.0,39.0,4.0,56.0,0.6,28.0,Quotsoft/Beijing-monitoring-archive,False
2019-01-21 20:00:00+08:00,永定门内,42.0,74.0,12.0,91.0,0.9,2.0,Quotsoft/Beijing-monitoring-archive,False
2019-01-21 21:00:00+08:00,前门,53.0,75.0,8.0,81.0,1.3,5.0,Quotsoft/Beijing-monitoring-archive,False
2019-01-21 21:00:00+08:00,天坛,42.0,59.0,5.0,78.0,0.8,8.0,Quotsoft/Beijing-monitoring-archive,False
2019-01-21 21:00:00+08:00,永定门内,46.0,78.0,13.0,87.0,0.9,2.0,Quotsoft/Beijing-monitoring-archive,False
2019-01-21 22:00:00+08:00,前门,60.0,75.0,9.0,82.0,1.3,5.0,Quotsoft/Beijing-monitoring-archive,False
2019-01-21 22:00:00+08:00,天坛,46.0,54.0,4.0,80.0,0.9,3.0,Quotsoft/Beijing-monitoring-archive,False
2019-01-21 22:00:00+08:00,永定门内,54.0,92.0,11.0,87.0,1.4,2.0,Quotsoft/Beijing-monitoring-archive,False
2019-01-21 23:00:00+08:00,前门,62.0,79.0,11.0,83.0,1.4,4.0,Quotsoft/Beijing-monitoring-archive,False
2019-01-21 23:00:00+08:00,天坛,47.0,56.0,5.0,84.0,1.1,3.0,Quotsoft/Beijing-monitoring-archive,False
2019-01-21 23:00:00+08:00,永定门内,63.0,106.0,13.0,95.0,1.5,2.0,Quotsoft/Beijing-monitoring-archive,False
2019-01-22 00:00:00+08:00,前门,58.0,82.0,11.0,83.0,1.4,4.0,Quotsoft/Beijing-monitoring-archive,False
2019-01-22 00:00:00+08:00,天坛,60.0,77.0,4.0,79.0,1.1,3.0,Quotsoft/Beijing-monitoring-archive,False
2019-01-22 00:00:00+08:00,永定门内,60.0,95.0,11.0,85.0,1.3,2.0,Quotsoft/Beijing-monitoring-archive,False
2019-01-22 01:00:00+08:00,前门,62.0,80.0,11.0,83.0,1.5,4.0,Quotsoft/Beijing-monitoring-archive,False
2019-01-22 01:00:00+08:00,天坛,57.0,66.0,3.0,75.0,1.0,3.0,Quotsoft/Beijing-monitoring-archive,False
2019-01-22 01:00:00+08:00,永定门内,67.0,100.0,10.0,86.0,1.4,2.0,Quotsoft/Beijing-monitoring-archive,False
2019-01-22 02:00:00+08:00,前门,63.0,85.0,11.0,82.0,1.6,4.0,Quotsoft/Beijing-monitoring-archive,False
2019-01-22 02:00:00+08:00,天坛,54.0,57.0,3.0,75.0,1.1,3.0,Quotsoft/Beijing-monitoring-archive,False
2019-01-22 02:00:00+08:00,永定门内,61.0,83.0,10.0,84.0,1.5,2.0,Quotsoft/Beijing-monitoring-archive,False
2019-01-22 03:00:00+08:00,前门,58.0,,9.0,79.0,1.3,4.0,Quotsoft/Beijing-monitoring-archive,False
2019-01-22 03:00:00+08:00,天坛,52.0,62.0,4.0,83.0,1.2,4.0,Quotsoft/Beijing-monitoring-archive,False
2019-01-22 03:00:00+08:00,永定门内,50.0,67.0,9.0,80.0,1.2,2.0,Quotsoft/Beijing-monitoring-archive,False
2019-01-22 04:00:00+08:00,前门,46.0,,13.0,72.0,1.3,4.0,Quotsoft/Beijing-monitoring-archive,False
2019-01-22 04:00:00+08:00,天坛,40.0,47.0,2.0,79.0,0.9,3.0,Quotsoft/Beijing-monitoring-archive,False
2019-01-22 04:00:00+08:00,永定门内,38.0,47.0,8.0,72.0,0.9,2.0,Quotsoft/Beijing-monitoring-archive,False
2019-01-22 05:00:00+08:00,前门,57.0,,12.0,66.0,1.0,6.0,Quotsoft/Beijing-monitoring-archive,False
2019-01-22 05:00:00+08:00,天坛,16.0,29.0,4.0,56.0,0.6,20.0,Quotsoft/Beijing-monitoring-archive,False
2019-01-22 05:00:00+08:00,永定门内,22.0,36.0,11.0,65.0,0.6,2.0,Quotsoft/Beijing-monitoring-archive,False
2019-01-22 06:00:00+08:00,前门,16.0,21.0,9.0,44.0,0.7,26.0,Quotsoft/Beijing-monitoring-archive,False
2019-01-22 06:00:00+08:00,天坛,16.0,23.0,3.0,42.0,0.6,26.0,Quotsoft/Beijing-monitoring-archive,False
2019-01-22 06:00:00+08:00,永定门内,19.0,36.0,11.0,61.0,0.6,6.0,Quotsoft/Beijing-monitoring-archive,False
2019-01-22 07:00:00+08:00,前门,24.0,40.0,13.0,88.0,1.0,7.0,Quotsoft/Beijing-monitoring-archive,False
2019-01-22 07:00:00+08:00,天坛,15.0,30.0,3.0,67.0,0.7,7.0,Quotsoft/Beijing-monitoring-archive,False
2019-01-22 07:00:00+08:00,永定门内,24.0,55.0,11.0,78.0,0.9,2.0,Quotsoft/Beijing-monitoring-archive,False
2019-01-22 08:00:00+08:00,前门,27.0,50.0,13.0,85.0,1.3,5.0,Quotsoft/Beijing-monitoring-archive,False
2019-01-22 08:00:00+08:00,天坛,17.0,52.0,7.0,83.0,1.3,4.0,Quotsoft/Beijing-monitoring-archive,False
2019-01-22 08:00:00+08:00,永定门内,25.0,64.0,13.0,81.0,1.1,2.0,Quotsoft/Beijing-monitoring-archive,False
2019-01-22 09:00:00+08:00,前门,28.0,50.0,13.0,71.0,1.4,8.0,Quotsoft/Beijing-monitoring-archive,False
2019-01-22 09:00:00+08:00,天坛,29.0,59.0,6.0,75.0,1.1,6.0,Quotsoft/Beijing-monitoring-archive,False
2019-01-22 09:00:00+08:00,永定门内,26.0,71.0,15.0,80.0,1.3,2.0,Quotsoft/Beijing-monitoring-archive,False
2019-01-22 10:00:00+08:00,前门,48.0,51.0,15.0,59.0,1.3,19.0,Quotsoft/Beijing-monitoring-archive,False
2019-01-22 10:00:00+08:00,天坛,24.0,65.0,12.0,62.0,0.9,18.0,Quotsoft/Beijing-monitoring-archive,False
2019-01-22 10:00:00+08:00,永定门内,28.0,71.0,18.0,67.0,1.1,12.0,Quotsoft/Beijing-monitoring-archive,False
2019-01-22 11:00:00+08:00,前门,41.0,56.0,13.0,50.0,1.0,26.0,Quotsoft/Beijing-monitoring-archive,False
2019-01-22 11:00:00+08:00,天坛,40.0,68.0,11.0,48.0,0.8,33.0,Quotsoft/Beijing-monitoring-archive,False
2019-01-22 11:00:00+08:00,永定门内,28.0,72.0,18.0,49.0,0.9,30.0,Quotsoft/Beijing-monitoring-archive,False
2019-01-22 12:00:00+08:00,前门,10.0,47.0,11.0,36.0,0.8,41.0,Quotsoft/Beijing-monitoring-archive,False
2019-01-22 12:00:00+08:00,天坛,,22.0,8.0,35.0,0.7,48.0,Quotsoft/Beijing-monitoring-archive,False
2019-01-22 12:00:00+08:00,永定门内,28.0,56.0,15.0,37.0,0.7,43.0,Quotsoft/Beijing-monitoring-archive,False
2019-01-22 13:00:00+08:00,前门,35.0,39.0,10.0,38.0,0.7,42.0,Quotsoft/Beijing-monitoring-archive,False
2019-01-22 13:00:00+08:00,天坛,,2.0,9.0,32.0,0.7,53.0,Quotsoft/Beijing-monitoring-archive,False
2019-01-22 13:00:00+08:00,永定门内,22.0,56.0,15.0,33.0,0.7,49.0,Quotsoft/Beijing-monitoring-archive,False
2019-01-22 14:00:00+08:00,前门,19.0,44.0,10.0,41.0,0.7,41.0,Quotsoft/Beijing-monitoring-archive,False
2019-01-22 14:00:00+08:00,天坛,25.0,,7.0,36.0,0.6,52.0,Quotsoft/Beijing-monitoring-archive,False
2019-01-22 14:00:00+08:00,永定门内,22.0,56.0,15.0,34.0,0.6,49.0,Quotsoft/Beijing-monitoring-archive,False
2019-01-22 15:00:00+08:00,前门,28.0,30.0,8.0,32.0,0.6,49.0,Quotsoft/Beijing-monitoring-archive,False
2019-01-22 15:00:00+08:00,天坛,23.0,,6.0,29.0,0.5,58.0,Quotsoft/Beijing-monitoring-archive,False
2019-01-22 15:00:00+08:00,永定门内,23.0,48.0,13.0,22.0,0.5,,Quotsoft/Beijing-monitoring-archive,False
2019-01-22 16:00:00+08:00,前门,1.0,35.0,8.0,32.0,0.6,48.0,Quotsoft/Beijing-monitoring-archive,False
2019-01-22 16:00:00+08:00,天坛,13.0,27.0,6.0,29.0,0.5,58.0,Quotsoft/Beijing-monitoring-archive,False
2019-01-22 16:00:00+08:00,永定门内,16.0,51.0,12.0,21.0,0.5,,Quotsoft/Beijing-monitoring-archive,False
2019-01-22 17:00:00+08:00,前门,10.0,45.0,9.0,48.0,0.7,32.0,Quotsoft/Beijing-monitoring-archive,False
2019-01-22 17:00:00+08:00,天坛,17.0,33.0,6.0,34.0,0.5,50.0,Quotsoft/Beijing-monitoring-archive,False
2019-01-22 17:00:00+08:00,永定门内,19.0,62.0,12.0,40.0,0.6,43.0,Quotsoft/Beijing-monitoring-archive,False
2019-01-22 18:00:00+08:00,前门,24.0,67.0,8.0,78.0,1.1,9.0,Quotsoft/Beijing-monitoring-archive,False
2019-01-22 18:00:00+08:00,天坛,24.0,31.0,4.0,42.0,0.5,32.0,Quotsoft/Beijing-monitoring-archive,False
2019-01-22 18:00:00+08:00,永定门内,28.0,75.0,12.0,81.0,0.8,5.0,Quotsoft/Beijing-monitoring-archive,False
2019-01-22 19:00:00+08:00,前门,44.0,84.0,9.0,86.0,1.3,6.0,Quotsoft/Beijing-monitoring-archive,False
2019-01-22 19:00:00+08:00,天坛,42.0,,4.0,69.0,0.6,11.0,Quotsoft/Beijing-monitoring-archive,False
2019-01-22 19:00:00+08:00,永定门内,36.0,91.0,12.0,96.0,1.0,2.0,Quotsoft/Beijing-monitoring-archive,False
2019-01-22 20:00:00+08:00,前门,60.0,79.0,9.0,87.0,1.4,5.0,Quotsoft/Beijing-monitoring-archive,False
2019-01-22 20:00:00+08:00,天坛,33.0,50.0,4.0,84.0,0.8,5.0,Quotsoft/Beijing-monitoring-archive,False
2019-01-22 20:00:00+08:00,永定门内,47.0,100.0,11.0,97.0,1.3,2.0,Quotsoft/Beijing-monitoring-archive,False
2019-01-22 21:00:00+08:00,前门,72.0,108.0,11.0,89.0,1.9,5.0,Quotsoft/Beijing-monitoring-archive,False
2019-01-22 21:00:00+08:00,天坛,49.0,51.0,4.0,85.0,0.9,3.0,Quotsoft/Beijing-monitoring-archive,False
2019-01-22 21:00:00+08:00,永定门内,48.0,89.0,11.0,92.0,1.4,2.0,Quotsoft/Beijing-monitoring-archive,False
2019-01-22 22:00:00+08:00,前门,80.0,111.0,12.0,86.0,2.1,5.0,Quotsoft/Beijing-monitoring-archive,False
2019-01-22 22:00:00+08:00,天坛,71.0,,4.0,85.0,0.9,3.0,Quotsoft/Beijing-monitoring-archive,False
2019-01-22 22:00:00+08:00,永定门内,51.0,100.0,11.0,89.0,1.3,2.0,Quotsoft/Beijing-monitoring-archive,False
2019-01-22 23:00:00+08:00,前门,61.0,101.0,13.0,87.0,2.1,4.0,Quotsoft/Beijing-monitoring-archive,False
2019-01-22 23:00:00+08:00,天坛,56.0,,4.0,88.0,1.1,4.0,Quotsoft/Beijing-monitoring-archive,False
2019-01-22 23:00:00+08:00,永定门内,55.0,109.0,11.0,89.0,1.4,2.0,Quotsoft/Beijing-monitoring-archive,False
2019-01-23 00:00:00+08:00,前门,42.0,81.0,11.0,84.0,1.8,4.0,Quotsoft/Beijing-monitoring-archive,False
2019-01-23 00:00:00+08:00,天坛,60.0,,2.0,86.0,1.7,5.0,Quotsoft/Beijing-monitoring-archive,False
2019-01-23 00:00:00+08:00,永定门内,58.0,108.0,11.0,90.0,1.6,2.0,Quotsoft/Beijing-monitoring-archive,False
2019-01-23 01:00:00+08:00,前门,32.0,52.0,11.0,79.0,1.5,4.0,Quotsoft/Beijing-monitoring-archive,False
2019-01-23 01:00:00+08:00,天坛,43.0,,3.0,84.0,1.5,4.0,Quotsoft/Beijing-monitoring-archive,False
2019-01-23 01:00:00+08:00,永定门内,36.0,62.0,12.0,80.0,1.1,2.0,Quotsoft/Beijing-monitoring-archive,False
2019-01-23 02:00:00+08:00,前门,39.0,50.0,14.0,75.0,1.5,3.0,Quotsoft/Beijing-monitoring-archive,False
2019-01-23 02:00:00+08:00,天坛,30.0,,4.0,76.0,1.2,3.0,Quotsoft/Beijing-monitoring-archive,False
2019-01-23 02:00:00+08:00,永定门内,31.0,70.0,11.0,75.0,1.1,2.0,Quotsoft/Beijing-monitoring-archive,False
2019-01-23 03:00:00+08:00,前门,20.0,32.0,8.0,73.0,0.9,3.0,Quotsoft/Beijing-monitoring-archive,False
2019-01-23 03:00:00+08:00,天坛,30.0,,3.0,69.0,1.1,3.0,Quotsoft/Beijing-monitoring-archive,False
2019-01-23 03:00:00+08:00,永定门内,29.0,54.0,8.0,72.0,0.9,2.0,Quotsoft/Beijing-monitoring-archive,False
2019-01-23 04:00:00+08:00,前门,19.0,29.0,6.0,69.0,0.9,,Quotsoft/Beijing-monitoring-archive,False
2019-01-23 04:00:00+08:00,天坛,24.0,31.0,3.0,71.0,0.9,3.0,Quotsoft/Beijing-monitoring-archive,False
2019-01-23 04:00:00+08:00,永定门内,19.0,35.0,8.0,74.0,0.7,,Quotsoft/Beijing-monitoring-archive,False
2019-01-23 05:00:00+08:00,前门,12.0,27.0,11.0,71.0,0.9,4.0,Quotsoft/Beijing-monitoring-archive,False
2019-01-23 05:00:00+08:00,天坛,16.0,26.0,2.0,71.0,0.7,2.0,Quotsoft/Beijing-monitoring-archive,False
2019-01-23 05:00:00+08:00,永定门内,16.0,33.0,7.0,75.0,0.6,2.0,Quotsoft/Beijing-monitoring-archive,False
2019-01-23 06:00:00+08:00,前门,20.0,21.0,9.0,67.0,0.9,8.0,Quotsoft/Beijing-monitoring-archive,False
2019-01-23 06:00:00+08:00,天坛,13.0,25.0,1.0,67.0,0.6,3.0,Quotsoft/Beijing-monitoring-archive,False
2019-01-23 06:00:00+08:00,永定门内,13.0,24.0,7.0,68.0,0.4,4.0,Quotsoft/Beijing-monitoring-archive,False
2019-01-23 07:00:00+08:00,前门,16.0,23.0,4.0,63.0,0.7,10.0,Quotsoft/Beijing-monitoring-archive,False
2019-01-23 07:00:00+08:00,天坛,11.0,15.0,1.0,64.0,0.6,5.0,Quotsoft/Beijing-monitoring-archive,False
2019-01-23 07:00:00+08:00,永定门内,15.0,35.0,7.0,82.0,0.7,2.0,Quotsoft/Beijing-monitoring-archive,False
2019-01-23 08:00:00+08:00,前门,7.0,21.0,4.0,67.0,0.8,6.0,Quotsoft/Beijing-monitoring-archive,False
2019-01-23 08:00:00+08:00,天坛,14.0,39.0,1.0,71.0,0.7,3.0,Quotsoft/Beijing-monitoring-archive,False
2019-01-23 08:00:00+08:00,永定门内,15.0,34.0,7.0,81.0,0.8,2.0,Quotsoft/Beijing-monitoring-archive,False
2019-01-23 09:00:00+08:00,前门,8.0,30.0,3.0,64.0,0.8,10.0,Quotsoft/Beijing-monitoring-archive,False
2019-01-23 09:00:00+08:00,天坛,17.0,50.0,2.0,71.0,1.0,6.0,Quotsoft/Beijing-monitoring-archive,False
2019-01-23 09:00:00+08:00,永定门内,15.0,48.0,7.0,79.0,0.9,2.0,Quotsoft/Beijing-monitoring-archive,False
2019-01-23 10:00:00+08:00,前门,19.0,29.0,3.0,58.0,0.8,18.0,Quotsoft/Beijing-monitoring-archive,False
2019-01-23 10:00:00+08:00,天坛,13.0,39.0,2.0,64.0,0.8,17.0,Quotsoft/Beijing-monitoring-archive,False
2019-01-23 10:00:00+08:00,永定门内,17.0,42.0,5.0,65.0,0.8,13.0,Quotsoft/Beijing-monitoring-archive,False
2019-01-23 11:00:00+08:00,前门,27.0,,2.0,48.0,0.7,31.0,Quotsoft/Beijing-monitoring-archive,False
2019-01-23 11:00:00+08:00,天坛,13.0,37.0,1.0,45.0,0.6,37.0,Quotsoft/Beijing-monitoring-archive,False
2019-01-23 11:00:00+08:00,永定门内,14.0,33.0,6.0,50.0,0.7,34.0,Quotsoft/Beijing-monitoring-archive,False
2019-01-23 12:00:00+08:00,前门,16.0,19.0,2.0,39.0,0.5,43.0,Quotsoft/Beijing-monitoring-archive,False
2019-01-23 12:00:00+08:00,天坛,13.0,25.0,1.0,33.0,0.4,52.0,Quotsoft/Beijing-monitoring-archive,False
2019-01-23 12:00:00+08:00,永定门内,15.0,25.0,6.0,39.0,0.5,46.0,Quotsoft/Beijing-monitoring-archive,False
2019-01-23 13:00:00+08:00,前门,17.0,,3.0,30.0,0.5,50.0,Quotsoft/Beijing-monitoring-archive,False
2019-01-23 13:00:00+08:00,天坛,12.0,26.0,4.0,27.0,0.5,59.0,Quotsoft/Beijing-monitoring-archive,False
2019-01-23 13:00:00+08:00,永定门内,12.0,23.0,7.0,32.0,0.5,52.0,Quotsoft/Beijing-monitoring-archive,False
2019-01-23 14:00:00+08:00,前门,20.0,,4.0,47.0,0.5,43.0,Quotsoft/Beijing-monitoring-archive,False
2019-01-23 14:00:00+08:00,天坛,14.0,21.0,3.0,29.0,0.5,61.0,Quotsoft/Beijing-monitoring-archive,False
2019-01-23 14:00:00+08:00,永定门内,18.0,25.0,8.0,37.0,0.5,52.0,Quotsoft/Beijing-monitoring-archive,False
2019-01-23 15:00:00+08:00,前门,23.0,,3.0,39.0,0.5,48.0,Quotsoft/Beijing-monitoring-archive,False
2019-01-23 15:00:00+08:00,天坛,19.0,22.0,3.0,30.0,0.4,61.0,Quotsoft/Beijing-monitoring-archive,False
2019-01-23 15:00:00+08:00,永定门内,15.0,27.0,7.0,34.0,0.5,53.0,Quotsoft/Beijing-monitoring-archive,False
2019-01-23 16:00:00+08:00,前门,8.0,24.0,3.0,44.0,0.5,44.0,Quotsoft/Beijing-monitoring-archive,False
2019-01-23 16:00:00+08:00,天坛,12.0,23.0,3.0,31.0,0.4,61.0,Quotsoft/Beijing-monitoring-archive,False
2019-01-23 16:00:00+08:00,永定门内,13.0,29.0,7.0,42.0,0.5,48.0,Quotsoft/Beijing-monitoring-archive,False
2019-01-23 17:00:00+08:00,前门,18.0,23.0,3.0,52.0,0.5,35.0,Quotsoft/Beijing-monitoring-archive,False
2019-01-23 17:00:00+08:00,天坛,19.0,26.0,2.0,36.0,0.4,54.0,Quotsoft/Beijing-monitoring-archive,False
2019-01-23 17:00:00+08:00,永定门内,13.0,34.0,7.0,52.0,0.5,37.0,Quotsoft/Beijing-monitoring-archive,False
2019-01-23 18:00:00+08:00,前门,14.0,35.0,3.0,66.0,0.6,20.0,Quotsoft/Beijing-monitoring-archive,False
2019-01-23 18:00:00+08:00,天坛,10.0,28.0,2.0,44.0,0.4,40.0,Quotsoft/Beijing-monitoring-archive,False
2019-01-23 18:00:00+08:00,永定门内,20.0,49.0,7.0,79.0,0.7,12.0,Quotsoft/Beijing-monitoring-archive,False
2019-01-23 19:00:00+08:00,前门,54.0,75.0,7.0,79.0,1.0,13.0,Quotsoft/Beijing-monitoring-archive,False
2019-01-23 19:00:00+08:00,天坛,27.0,46.0,5.0,63.0,0.6,25.0,Quotsoft/Beijing-monitoring-archive,False
2019-01-23 19:00:00+08:00,永定门内,46.0,87.0,10.0,88.0,0.8,5.0,Quotsoft/Beijing-monitoring-archive,False
2019-01-23 20:00:00+08:00,前门,33.0,67.0,6.0,57.0,0.7,25.0,Quotsoft/Beijing-monitoring-archive,False
2019-01-23 20:00:00+08:00,天坛,35.0,76.0,6.0,52.0,0.6,35.0,Quotsoft/Beijing-monitoring-archive,False
2019-01-23 20:00:00+08:00,永定门内,35.0,83.0,10.0,58.0,0.6,26.0,Quotsoft/Beijing-monitoring-archive,False
2019-01-23 21:00:00+08:00,前门,29.0,39.0,5.0,46.0,0.8,32.0,Quotsoft/Beijing-monitoring-archive,False
2019-01-23 21:00:00+08:00,天坛,28.0,57.0,4.0,37.0,0.6,46.0,Quotsoft/Beijing-monitoring-archive,False
2019-01-23 21:00:00+08:00,永定门内,27.0,55.0,9.0,53.0,0.7,25.0,Quotsoft/Beijing-monitoring-archive,False
2019-01-23 22:00:00+08:00,前门,31.0,39.0,5.0,45.0,0.7,30.0,Quotsoft/Beijing-monitoring-archive,False
2019-01-23 22:00:00+08:00,天坛,23.0,46.0,6.0,39.0,0.6,40.0,Quotsoft/Beijing-monitoring-archive,False
2019-01-23 22:00:00+08:00,永定门内,29.0,53.0,10.0,52.0,0.6,24.0,Quotsoft/Beijing-monitoring-archive,False
2019-01-23 23:00:00+08:00,前门,43.0,87.0,5.0,67.0,0.9,7.0,Quotsoft/Beijing-monitoring-archive,False
2019-01-23 23:00:00+08:00,天坛,39.0,76.0,4.0,73.0,0.9,8.0,Quotsoft/Beijing-monitoring-archive,False
2019-01-23 23:00:00+08:00,永定门内,36.0,81.0,10.0,78.0,0.8,2.0,Quotsoft/Beijing-monitoring-archive,False
2019-01-24 00:00:00+08:00,前门,47.0,82.0,2.0,66.0,0.8,5.0,Quotsoft/Beijing-monitoring-archive,False
2019-01-24 00:00:00+08:00,天坛,54.0,96.0,1.0,75.0,0.9,5.0,Quotsoft/Beijing-monitoring-archive,False
2019-01-24 00:00:00+08:00,永定门内,54.0,89.0,4.0,79.0,0.8,2.0,Quotsoft/Beijing-monitoring-archive,False
2019-01-24 01:00:00+08:00,前门,51.0,,2.0,59.0,0.9,7.0,Quotsoft/Beijing-monitoring-archive,False
2019-01-24 01:00:00+08:00,天坛,53.0,70.0,1.0,58.0,0.8,13.0,Quotsoft/Beijing-monitoring-archive,False
2019-01-24 01:00:00+08:00,永定门内,52.0,65.0,4.0,65.0,0.7,2.0,Quotsoft/Beijing-monitoring-archive,False
2019-01-24 02:00:00+08:00,前门,55.0,,4.0,61.0,1.0,5.0,Quotsoft/Beijing-monitoring-archive,False
2019-01-24 02:00:00+08:00,天坛,47.0,57.0,3.0,53.0,1.0,16.0,Quotsoft/Beijing-monitoring-archive,False
2019-01-24 02:00:00+08:00,永定门内,54.0,57.0,5.0,54.0,0.9,6.0,Quotsoft/Beijing-monitoring-archive,False
2019-01-24 03:00:00+08:00,前门,50.0,,3.0,52.0,1.2,12.0,Quotsoft/Beijing-monitoring-archive,False
2019-01-24 03:00:00+08:00,天坛,50.0,56.0,5.0,56.0,1.4,13.0,Quotsoft/Beijing-monitoring-archive,False
2019-01-24 03:00:00+08:00,永定门内,44.0,55.0,7.0,56.0,1.1,4.0,Quotsoft/Beijing-monitoring-archive,False
2019-01-24 04:00:00+08:00,前门,,,,,,,Quotsoft/Beijing-monitoring-archive,False
2019-01-24 04:00:00+08:00,天坛,,,,,,,Quotsoft/Beijing-monitoring-archive,False
2019-01-24 04:00:00+08:00,永定门内,,,,,,,Quotsoft/Beijing-monitoring-archive,False
2019-01-24 05:00:00+08:00,前门,45.0,,3.0,54.0,1.6,11.0,Quotsoft/Beijing-monitoring-archive,False
2019-01-24 05:00:00+08:00,天坛,48.0,55.0,4.0,50.0,1.7,16.0,Quotsoft/Beijing-monitoring-archive,False
2019-01-24 05:00:00+08:00,永定门内,46.0,52.0,9.0,53.0,1.6,7.0,Quotsoft/Beijing-monitoring-archive,False
2019-01-24 06:00:00+08:00,前门,46.0,,3.0,56.0,1.7,9.0,Quotsoft/Beijing-monitoring-archive,False
2019-01-24 06:00:00+08:00,天坛,42.0,43.0,3.0,48.0,1.7,11.0,Quotsoft/Beijing-monitoring-archive,False
2019-01-24 06:00:00+08:00,永定门内,48.0,,7.0,57.0,1.6,2.0,Quotsoft/Beijing-monitoring-archive,False
2019-01-24 07:00:00+08:00,前门,49.0,,4.0,57.0,2.0,9.0,Quotsoft/Beijing-monitoring-archive,False
2019-01-24 07:00:00+08:00,天坛,45.0,49.0,4.0,53.0,1.7,8.0,Quotsoft/Beijing-monitoring-archive,False
2019-01-24 07:00:00+08:00,永定门内,49.0,51.0,9.0,70.0,1.7,2.0,Quotsoft/Beijing-monitoring-archive,False
2019-01-24 08:00:00+08:00,前门,56.0,,4.0,51.0,1.9,13.0,Quotsoft/Beijing-monitoring-archive,False
2019-01-24 08:00:00+08:00,天坛,46.0,65.0,4.0,58.0,1.6,8.0,Quotsoft/Beijing-monitoring-archive,False
2019-01-24 08:00:00+08:00,永定门内,50.0,56.0,10.0,67.0,1.8,2.0,Quotsoft/Beijing-monitoring-archive,False
2019-01-24 09:00:00+08:00,前门,59.0,,7.0,52.0,2.1,13.0,Quotsoft/Beijing-monitoring-archive,False
2019-01-24 09:00:00+08:00,天坛,53.0,64.0,9.0,55.0,1.9,14.0,Quotsoft/Beijing-monitoring-archive,False
2019-01-24 09:00:00+08:00,永定门内,54.0,61.0,12.0,65.0,2.0,2.0,Quotsoft/Beijing-monitoring-archive,False
2019-01-24 10:00:00+08:00,前门,70.0,,11.0,53.0,1.8,15.0,Quotsoft/Beijing-monitoring-archive,False
2019-01-24 10:00:00+08:00,天坛,60.0,62.0,15.0,52.0,1.6,20.0,Quotsoft/Beijing-monitoring-archive,False
2019-01-24 10:00:00+08:00,永定门内,56.0,62.0,18.0,60.0,1.7,10.0,Quotsoft/Beijing-monitoring-archive,False
2019-01-24 11:00:00+08:00,前门,48.0,57.0,16.0,51.0,1.7,21.0,Quotsoft/Beijing-monitoring-archive,False
2019-01-24 11:00:00+08:00,天坛,,62.0,18.0,45.0,1.5,31.0,Quotsoft/Beijing-monitoring-archive,False
2019-01-24 11:00:00+08:00,永定门内,64.0,66.0,21.0,50.0,1.5,21.0,Quotsoft/Beijing-monitoring-archive,False
2019-01-24 12:00:00+08:00,前门,81.0,,18.0,50.0,1.5,27.0,Quotsoft/Beijing-monitoring-archive,False
2019-01-24 12:00:00+08:00,天坛,,2.0,18.0,39.0,1.4,,Quotsoft/Beijing-monitoring-archive,False
2019-01-24 12:00:00+08:00,永定门内,60.0,,23.0,43.0,1.3,34.0,Quotsoft/Beijing-monitoring-archive,False
2019-01-24 13:00:00+08:00,前门,69.0,,19.0,51.0,1.4,29.0,Quotsoft/Beijing-monitoring-archive,False
2019-01-24 13:00:00+08:00,天坛,,,,,,,Quotsoft/Beijing-monitoring-archive,False
2019-01-24 13:00:00+08:00,永定门内,61.0,62.0,22.0,47.0,1.2,34.0,Quotsoft/Beijing-monitoring-archive,False
2019-01-24 14:00:00+08:00,前门,69.0,,18.0,52.0,1.3,32.0,Quotsoft/Beijing-monitoring-archive,False
2019-01-24 14:00:00+08:00,天坛,,,,,,,Quotsoft/Beijing-monitoring-archive,False
2019-01-24 14:00:00+08:00,永定门内,68.0,71.0,25.0,60.0,1.3,29.0,Quotsoft/Beijing-monitoring-archive,False
2019-01-24 15:00:00+08:00,前门,70.0,,16.0,52.0,1.2,33.0,Quotsoft/Beijing-monitoring-archive,False
2019-01-24 15:00:00+08:00,天坛,,,,,,,Quotsoft/Beijing-monitoring-archive,False
2019-01-24 15:00:00+08:00,永定门内,65.0,68.0,21.0,56.0,1.1,33.0,Quotsoft/Beijing-monitoring-archive,False
2019-01-24 16:00:00+08:00,前门,62.0,,14.0,59.0,1.2,29.0,Quotsoft/Beijing-monitoring-archive,False
2019-01-24 16:00:00+08:00,天坛,68.0,74.0,14.0,57.0,1.1,35.0,Quotsoft/Beijing-monitoring-archive,False
2019-01-24 16:00:00+08:00,永定门内,61.0,67.0,21.0,63.0,1.1,29.0,Quotsoft/Beijing-monitoring-archive,False
2019-01-24 17:00:00+08:00,前门,74.0,,11.0,62.0,1.2,24.0,Quotsoft/Beijing-monitoring-archive,False
2019-01-24 17:00:00+08:00,天坛,67.0,,11.0,60.0,1.0,30.0,Quotsoft/Beijing-monitoring-archive,False
2019-01-24 17:00:00+08:00,永定门内,61.0,66.0,16.0,67.0,1.0,18.0,Quotsoft/Beijing-monitoring-archive,False
2019-01-24 18:00:00+08:00,前门,58.0,,8.0,69.0,1.2,18.0,Quotsoft/Beijing-monitoring-archive,False
2019-01-24 18:00:00+08:00,天坛,69.0,70.0,6.0,63.0,1.0,19.0,Quotsoft/Beijing-monitoring-archive,False
2019-01-24 18:00:00+08:00,永定门内,61.0,79.0,12.0,91.0,1.2,2.0,Quotsoft/Beijing-monitoring-archive,False
2019-01-24 19:00:00+08:00,前门,65.0,,7.0,81.0,1.4,7.0,Quotsoft/Beijing-monitoring-archive,False
2019-01-24 19:00:00+08:00,天坛,59.0,,5.0,66.0,0.9,16.0,Quotsoft/Beijing-monitoring-archive,False
2019-01-24 19:00:00+08:00,永定门内,62.0,77.0,10.0,89.0,1.2,2.0,Quotsoft/Beijing-monitoring-archive,False
2019-01-24 20:00:00+08:00,前门,68.0,,6.0,81.0,1.3,6.0,Quotsoft/Beijing-monitoring-archive,False
2019-01-24 20:00:00+08:00,天坛,62.0,71.0,4.0,80.0,1.1,5.0,Quotsoft/Beijing-monitoring-archive,False
2019-01-24 20:00:00+08:00,永定门内,66.0,82.0,9.0,95.0,1.4,2.0,Quotsoft/Beijing-monitoring-archive,False
2019-01-24 21:00:00+08:00,前门,78.0,,6.0,82.0,1.5,4.0,Quotsoft/Beijing-monitoring-archive,False
2019-01-24 21:00:00+08:00,天坛,69.0,76.0,2.0,82.0,1.2,3.0,Quotsoft/Beijing-monitoring-archive,False
2019-01-24 21:00:00+08:00,永定门内,67.0,84.0,8.0,91.0,1.4,2.0,Quotsoft/Beijing-monitoring-archive,False
2019-01-24 22:00:00+08:00,前门,65.0,74.0,6.0,85.0,1.5,4.0,Quotsoft/Beijing-monitoring-archive,False
2019-01-24 22:00:00+08:00,天坛,69.0,77.0,1.0,78.0,1.1,3.0,Quotsoft/Beijing-monitoring-archive,False
2019-01-24 22:00:00+08:00,永定门内,63.0,82.0,6.0,89.0,1.3,2.0,Quotsoft/Beijing-monitoring-archive,False
2019-01-24 23:00:00+08:00,前门,87.0,,6.0,83.0,1.8,4.0,Quotsoft/Beijing-monitoring-archive,False
2019-01-24 23:00:00+08:00,天坛,69.0,72.0,3.0,77.0,1.1,4.0,Quotsoft/Beijing-monitoring-archive,False
2019-01-24 23:00:00+08:00,永定门内,67.0,79.0,4.0,93.0,1.3,2.0,Quotsoft/Beijing-monitoring-archive,False
2019-01-25 00:00:00+08:00,前门,83.0,,6.0,83.0,1.8,4.0,Quotsoft/Beijing-monitoring-archive,False
2019-01-25 00:00:00+08:00,天坛,73.0,,1.0,80.0,1.3,4.0,Quotsoft/Beijing-monitoring-archive,False
2019-01-25 00:00:00+08:00,永定门内,70.0,83.0,6.0,90.0,1.6,2.0,Quotsoft/Beijing-monitoring-archive,False
2019-01-25 01:00:00+08:00,前门,74.0,,6.0,72.0,1.3,9.0,Quotsoft/Beijing-monitoring-archive,False
2019-01-25 01:00:00+08:00,天坛,68.0,,5.0,76.0,1.1,10.0,Quotsoft/Beijing-monitoring-archive,False
2019-01-25 01:00:00+08:00,永定门内,72.0,,9.0,82.0,1.2,2.0,Quotsoft/Beijing-monitoring-archive,False
2019-01-25 02:00:00+08:00,前门,18.0,,5.0,53.0,0.7,25.0,Quotsoft/Beijing-monitoring-archive,False
2019-01-25 02:00:00+08:00,天坛,15.0,23.0,2.0,38.0,0.4,38.0,Quotsoft/Beijing-monitoring-archive,False
2019-01-25 02:00:00+08:00,永定门内,18.0,,4.0,35.0,0.4,32.0,Quotsoft/Beijing-monitoring-archive,False
2019-01-25 03:00:00+08:00,前门,10.0,,3.0,30.0,0.5,42.0,Quotsoft/Beijing-monitoring-archive,False
2019-01-25 03:00:00+08:00,天坛,2.0,25.0,1.0,23.0,0.3,51.0,Quotsoft/Beijing-monitoring-archive,False
2019-01-25 03:00:00+08:00,永定门内,9.0,15.0,3.0,18.0,0.2,49.0,Quotsoft/Beijing-monitoring-archive,False
2019-01-25 04:00:00+08:00,前门,17.0,,4.0,26.0,0.4,,Quotsoft/Beijing-monitoring-archive,False
2019-01-25 04:00:00+08:00,天坛,1.0,29.0,1.0,18.0,0.3,53.0,Quotsoft/Beijing-monitoring-archive,False
2019-01-25 04:00:00+08:00,永定门内,8.0,14.0,3.0,16.0,0.2,,Quotsoft/Beijing-monitoring-archive,False
2019-01-25 05:00:00+08:00,前门,8.0,9.0,3.0,25.0,0.4,41.0,Quotsoft/Beijing-monitoring-archive,False
2019-01-25 05:00:00+08:00,天坛,5.0,19.0,2.0,18.0,0.3,52.0,Quotsoft/Beijing-monitoring-archive,False
2019-01-25 05:00:00+08:00,永定门内,5.0,16.0,4.0,14.0,0.2,50.0,Quotsoft/Beijing-monitoring-archive,False
2019-01-25 06:00:00+08:00,前门,8.0,,3.0,24.0,0.4,42.0,Quotsoft/Beijing-monitoring-archive,False
2019-01-25 06:00:00+08:00,天坛,4.0,17.0,1.0,21.0,0.3,48.0,Quotsoft/Beijing-monitoring-archive,False
2019-01-25 06:00:00+08:00,永定门内,13.0,15.0,4.0,19.0,0.2,46.0,Quotsoft/Beijing-monitoring-archive,False
2019-01-25 07:00:00+08:00,前门,16.0,,3.0,32.0,0.5,35.0,Quotsoft/Beijing-monitoring-archive,False
2019-01-25 07:00:00+08:00,天坛,3.0,19.0,1.0,24.0,0.3,46.0,Quotsoft/Beijing-monitoring-archive,False
2019-01-25 07:00:00+08:00,永定门内,8.0,20.0,4.0,29.0,0.3,39.0,Quotsoft/Beijing-monitoring-archive,False
2019-01-25 08:00:00+08:00,前门,14.0,16.0,4.0,34.0,0.5,29.0,Quotsoft/Beijing-monitoring-archive,False
2019-01-25 08:00:00+08:00,天坛,11.0,25.0,4.0,31.0,0.4,41.0,Quotsoft/Beijing-monitoring-archive,False
2019-01-25 08:00:00+08:00,永定门内,13.0,26.0,5.0,37.0,0.4,30.0,Quotsoft/Beijing-monitoring-archive,False
2019-01-25 09:00:00+08:00,前门,18.0,21.0,5.0,32.0,0.6,33.0,Quotsoft/Beijing-monitoring-archive,False
2019-01-25 09:00:00+08:00,天坛,12.0,39.0,4.0,28.0,0.5,44.0,Quotsoft/Beijing-monitoring-archive,False
2019-01-25 09:00:00+08:00,永定门内,15.0,31.0,6.0,36.0,0.5,31.0,Quotsoft/Beijing-monitoring-archive,False
2019-01-25 10:00:00+08:00,前门,17.0,24.0,5.0,26.0,0.6,37.0,Quotsoft/Beijing-monitoring-archive,False
2019-01-25 10:00:00+08:00,天坛,10.0,50.0,4.0,27.0,0.5,45.0,Quotsoft/Beijing-monitoring-archive,False
2019-01-25 10:00:00+08:00,永定门内,15.0,37.0,5.0,27.0,0.5,40.0,Quotsoft/Beijing-monitoring-archive,False
2019-01-25 11:00:00+08:00,前门,8.0,24.0,4.0,22.0,0.5,42.0,Quotsoft/Beijing-monitoring-archive,False
2019-01-25 11:00:00+08:00,天坛,13.0,43.0,3.0,25.0,0.5,49.0,Quotsoft/Beijing-monitoring-archive,False
2019-01-25 11:00:00+08:00,永定门内,9.0,37.0,6.0,23.0,0.5,47.0,Quotsoft/Beijing-monitoring-archive,False
2019-01-25 12:00:00+08:00,前门,8.0,23.0,4.0,19.0,0.4,46.0,Quotsoft/Beijing-monitoring-archive,False
2019-01-25 12:00:00+08:00,天坛,11.0,43.0,4.0,23.0,0.4,53.0,Quotsoft/Beijing-monitoring-archive,False
2019-01-25 12:00:00+08:00,永定门内,11.0,36.0,4.0,17.0,0.4,52.0,Quotsoft/Beijing-monitoring-archive,False
2019-01-25 13:00:00+08:00,前门,,9.0,4.0,23.0,0.4,46.0,Quotsoft/Beijing-monitoring-archive,False
2019-01-25 13:00:00+08:00,天坛,7.0,41.0,3.0,19.0,0.4,57.0,Quotsoft/Beijing-monitoring-archive,False
2019-01-25 13:00:00+08:00,永定门内,,37.0,2.0,,0.2,50.0,Quotsoft/Beijing-monitoring-archive,False
2019-01-25 14:00:00+08:00,前门,,,3.0,21.0,0.3,53.0,Quotsoft/Beijing-monitoring-archive,False
2019-01-25 14:00:00+08:00,天坛,11.0,43.0,3.0,17.0,0.4,62.0,Quotsoft/Beijing-monitoring-archive,False
2019-01-25 14:00:00+08:00,永定门内,7.0,31.0,1.0,,0.3,59.0,Quotsoft/Beijing-monitoring-archive,False
2019-01-25 15:00:00+08:00,前门,6.0,,3.0,18.0,0.3,52.0,Quotsoft/Beijing-monitoring-archive,False
2019-01-25 15:00:00+08:00,天坛,7.0,36.0,2.0,18.0,0.3,62.0,Quotsoft/Beijing-monitoring-archive,False
2019-01-25 15:00:00+08:00,永定门内,11.0,32.0,1.0,,0.3,62.0,Quotsoft/Beijing-monitoring-archive,False
2019-01-25 16:00:00+08:00,前门,9.0,18.0,2.0,15.0,0.3,55.0,Quotsoft/Beijing-monitoring-archive,False
2019-01-25 16:00:00+08:00,天坛,9.0,39.0,3.0,16.0,0.3,64.0,Quotsoft/Beijing-monitoring-archive,False
2019-01-25 16:00:00+08:00,永定门内,6.0,32.0,2.0,,0.3,61.0,Quotsoft/Beijing-monitoring-archive,False
2019-01-25 17:00:00+08:00,前门,6.0,17.0,2.0,16.0,0.3,52.0,Quotsoft/Beijing-monitoring-archive,False
2019-01-25 17:00:00+08:00,天坛,7.0,120.0,,17.0,0.4,63.0,Quotsoft/Beijing-monitoring-archive,False
2019-01-25 17:00:00+08:00,永定门内,10.0,26.0,2.0,,0.3,60.0,Quotsoft/Beijing-monitoring-archive,False
2019-01-25 18:00:00+08:00,前门,12.0,22.0,3.0,21.0,0.4,45.0,Quotsoft/Beijing-monitoring-archive,False
2019-01-25 18:00:00+08:00,天坛,11.0,11.0,2.0,27.0,0.4,52.0,Quotsoft/Beijing-monitoring-archive,False
2019-01-25 18:00:00+08:00,永定门内,11.0,31.0,2.0,,0.3,50.0,Quotsoft/Beijing-monitoring-archive,False
2019-01-25 19:00:00+08:00,前门,14.0,25.0,3.0,29.0,0.4,35.0,Quotsoft/Beijing-monitoring-archive,False
2019-01-25 19:00:00+08:00,天坛,14.0,25.0,2.0,39.0,0.4,38.0,Quotsoft/Beijing-monitoring-archive,False
2019-01-25 19:00:00+08:00,永定门内,13.0,33.0,3.0,,0.4,40.0,Quotsoft/Beijing-monitoring-archive,False
2019-01-25 20:00:00+08:00,前门,11.0,26.0,3.0,29.0,0.4,34.0,Quotsoft/Beijing-monitoring-archive,False
2019-01-25 20:00:00+08:00,天坛,10.0,44.0,3.0,39.0,0.4,37.0,Quotsoft/Beijing-monitoring-archive,False
2019-01-25 20:00:00+08:00,永定门内,13.0,34.0,3.0,34.0,0.4,33.0,Quotsoft/Beijing-monitoring-archive,False
2019-01-25 21:00:00+08:00,前门,19.0,28.0,4.0,34.0,0.5,27.0,Quotsoft/Beijing-monitoring-archive,False
2019-01-25 21:00:00+08:00,天坛,11.0,44.0,4.0,46.0,0.5,28.0,Quotsoft/Beijing-monitoring-archive,False
2019-01-25 21:00:00+08:00,永定门内,16.0,34.0,3.0,43.0,0.5,24.0,Quotsoft/Beijing-monitoring-archive,False
2019-01-25 22:00:00+08:00,前门,19.0,20.0,3.0,29.0,0.5,32.0,Quotsoft/Beijing-monitoring-archive,False
2019-01-25 22:00:00+08:00,天坛,15.0,30.0,3.0,36.0,0.5,37.0,Quotsoft/Beijing-monitoring-archive,False
2019-01-25 22:00:00+08:00,永定门内,14.0,29.0,3.0,37.0,0.5,27.0,Quotsoft/Beijing-monitoring-archive,False
2019-01-25 23:00:00+08:00,前门,10.0,14.0,3.0,26.0,0.4,33.0,Quotsoft/Beijing-monitoring-archive,False
2019-01-25 23:00:00+08:00,天坛,9.0,25.0,2.0,30.0,0.4,42.0,Quotsoft/Beijing-monitoring-archive,False
2019-01-25 23:00:00+08:00,永定门内,13.0,24.0,3.0,35.0,0.4,27.0,Quotsoft/Beijing-monitoring-archive,False
2019-01-26 00:00:00+08:00,前门,13.0,18.0,3.0,27.0,0.4,31.0,Quotsoft/Beijing-monitoring-archive,False
2019-01-26 00:00:00+08:00,天坛,8.0,39.0,3.0,28.0,0.4,42.0,Quotsoft/Beijing-monitoring-archive,False
2019-01-26 00:00:00+08:00,永定门内,12.0,26.0,2.0,34.0,0.4,28.0,Quotsoft/Beijing-monitoring-archive,False
2019-01-26 01:00:00+08:00,前门,17.0,,3.0,19.0,0.4,39.0,Quotsoft/Beijing-monitoring-archive,False
2019-01-26 01:00:00+08:00,天坛,13.0,,3.0,23.0,0.4,47.0,Quotsoft/Beijing-monitoring-archive,False
2019-01-26 01:00:00+08:00,永定门内,10.0,22.0,2.0,27.0,0.3,33.0,Quotsoft/Beijing-monitoring-archive,False
2019-01-26 02:00:00+08:00,前门,15.0,,3.0,17.0,0.4,40.0,Quotsoft/Beijing-monitoring-archive,False
2019-01-26 02:00:00+08:00,天坛,11.0,30.0,3.0,24.0,0.3,46.0,Quotsoft/Beijing-monitoring-archive,False
2019-01-26 02:00:00+08:00,永定门内,11.0,18.0,3.0,23.0,0.3,38.0,Quotsoft/Beijing-monitoring-archive,False
2019-01-26 03:00:00+08:00,前门,7.0,10.0,3.0,19.0,0.4,37.0,Quotsoft/Beijing-monitoring-archive,False
2019-01-26 03:00:00+08:00,天坛,3.0,10.0,4.0,28.0,0.4,42.0,Quotsoft/Beijing-monitoring-archive,False
2019-01-26 03:00:00+08:00,永定门内,9.0,16.0,3.0,22.0,0.3,36.0,Quotsoft/Beijing-monitoring-archive,False
2019-01-26 04:00:00+08:00,前门,3.0,10.0,2.0,26.0,0.3,30.0,Quotsoft/Beijing-monitoring-archive,False
2019-01-26 04:00:00+08:00,天坛,6.0,23.0,3.0,35.0,0.3,33.0,Quotsoft/Beijing-monitoring-archive,False
2019-01-26 04:00:00+08:00,永定门内,7.0,15.0,2.0,32.0,0.3,25.0,Quotsoft/Beijing-monitoring-archive,False
2019-01-26 05:00:00+08:00,前门,11.0,,3.0,28.0,0.4,27.0,Quotsoft/Beijing-monitoring-archive,False
2019-01-26 05:00:00+08:00,天坛,2.0,14.0,1.0,34.0,0.3,32.0,Quotsoft/Beijing-monitoring-archive,False
2019-01-26 05:00:00+08:00,永定门内,5.0,14.0,1.0,44.0,0.3,12.0,Quotsoft/Beijing-monitoring-archive,False
2019-01-26 06:00:00+08:00,前门,3.0,8.0,2.0,32.0,0.4,23.0,Quotsoft/Beijing-monitoring-archive,False
2019-01-26 06:00:00+08:00,天坛,4.0,6.0,1.0,32.0,0.4,34.0,Quotsoft/Beijing-monitoring-archive,False
2019-01-26 06:00:00+08:00,永定门内,6.0,13.0,1.0,39.0,0.4,21.0,Quotsoft/Beijing-monitoring-archive,False
2019-01-26 07:00:00+08:00,前门,3.0,11.0,2.0,33.0,0.4,24.0,Quotsoft/Beijing-monitoring-archive,False
2019-01-26 07:00:00+08:00,天坛,4.0,8.0,3.0,46.0,0.4,24.0,Quotsoft/Beijing-monitoring-archive,False
2019-01-26 07:00:00+08:00,永定门内,6.0,15.0,1.0,40.0,0.3,20.0,Quotsoft/Beijing-monitoring-archive,False
2019-01-26 08:00:00+08:00,前门,13.0,16.0,2.0,45.0,0.5,13.0,Quotsoft/Beijing-monitoring-archive,False
2019-01-26 08:00:00+08:00,天坛,7.0,18.0,3.0,57.0,0.4,15.0,Quotsoft/Beijing-monitoring-archive,False
2019-01-26 08:00:00+08:00,永定门内,10.0,26.0,2.0,66.0,0.5,3.0,Quotsoft/Beijing-monitoring-archive,False
2019-01-26 09:00:00+08:00,前门,12.0,15.0,2.0,43.0,0.6,17.0,Quotsoft/Beijing-monitoring-archive,False
2019-01-26 09:00:00+08:00,天坛,4.0,22.0,2.0,51.0,0.4,20.0,Quotsoft/Beijing-monitoring-archive,False
2019-01-26 09:00:00+08:00,永定门内,10.0,31.0,1.0,63.0,0.6,5.0,Quotsoft/Beijing-monitoring-archive,False
2019-01-26 10:00:00+08:00,前门,15.0,,2.0,33.0,0.5,30.0,Quotsoft/Beijing-monitoring-archive,False
2019-01-26 10:00:00+08:00,天坛,7.0,19.0,1.0,34.0,0.4,39.0,Quotsoft/Beijing-monitoring-archive,False
2019-01-26 10:00:00+08:00,永定门内,10.0,20.0,2.0,37.0,0.5,30.0,Quotsoft/Beijing-monitoring-archive,False
2019-01-26 11:00:00+08:00,前门,12.0,,2.0,29.0,0.5,34.0,Quotsoft/Beijing-monitoring-archive,False
2019-01-26 11:00:00+08:00,天坛,7.0,8.0,1.0,31.0,0.4,44.0,Quotsoft/Beijing-monitoring-archive,False
2019-01-26 11:00:00+08:00,永定门内,10.0,14.0,1.0,32.0,0.5,36.0,Quotsoft/Beijing-monitoring-archive,False
2019-01-26 12:00:00+08:00,前门,8.0,10.0,2.0,29.0,0.5,37.0,Quotsoft/Beijing-monitoring-archive,False
2019-01-26 12:00:00+08:00,天坛,6.0,10.0,1.0,27.0,0.4,50.0,Quotsoft/Beijing-monitoring-archive,False
2019-01-26 12:00:00+08:00,永定门内,8.0,10.0,1.0,25.0,0.4,42.0,Quotsoft/Beijing-monitoring-archive,False
2019-01-26 13:00:00+08:00,前门,13.0,15.0,3.0,31.0,0.6,38.0,Quotsoft/Beijing-monitoring-archive,False
2019-01-26 13:00:00+08:00,天坛,7.0,18.0,3.0,29.0,0.6,52.0,Quotsoft/Beijing-monitoring-archive,False
2019-01-26 13:00:00+08:00,永定门内,11.0,22.0,4.0,30.0,0.6,42.0,Quotsoft/Beijing-monitoring-archive,False
2019-01-26 14:00:00+08:00,前门,23.0,33.0,5.0,37.0,0.6,37.0,Quotsoft/Beijing-monitoring-archive,False
2019-01-26 14:00:00+08:00,天坛,24.0,27.0,5.0,34.0,0.5,50.0,Quotsoft/Beijing-monitoring-archive,False
2019-01-26 14:00:00+08:00,永定门内,23.0,38.0,4.0,34.0,0.5,41.0,Quotsoft/Beijing-monitoring-archive,False
2019-01-26 15:00:00+08:00,前门,36.0,,5.0,40.0,0.6,36.0,Quotsoft/Beijing-monitoring-archive,False
2019-01-26 15:00:00+08:00,天坛,27.0,42.0,6.0,36.0,0.5,50.0,Quotsoft/Beijing-monitoring-archive,False
2019-01-26 15:00:00+08:00,永定门内,28.0,40.0,5.0,36.0,0.5,41.0,Quotsoft/Beijing-monitoring-archive,False
2019-01-26 16:00:00+08:00,前门,38.0,,5.0,41.0,0.6,36.0,Quotsoft/Beijing-monitoring-archive,False
2019-01-26 16:00:00+08:00,天坛,36.0,48.0,5.0,36.0,0.5,51.0,Quotsoft/Beijing-monitoring-archive,False
2019-01-26 16:00:00+08:00,永定门内,32.0,44.0,6.0,37.0,0.6,41.0,Quotsoft/Beijing-monitoring-archive,False
2019-01-26 17:00:00+08:00,前门,34.0,41.0,5.0,41.0,0.6,35.0,Quotsoft/Beijing-monitoring-archive,False
2019-01-26 17:00:00+08:00,天坛,36.0,47.0,4.0,32.0,0.5,54.0,Quotsoft/Beijing-monitoring-archive,False
2019-01-26 17:00:00+08:00,永定门内,32.0,46.0,6.0,35.0,0.5,42.0,Quotsoft/Beijing-monitoring-archive,False
2019-01-26 18:00:00+08:00,前门,43.0,45.0,6.0,49.0,0.7,27.0,Quotsoft/Beijing-monitoring-archive,False
2019-01-26 18:00:00+08:00,天坛,41.0,51.0,4.0,37.0,0.5,46.0,Quotsoft/Beijing-monitoring-archive,False
2019-01-26 18:00:00+08:00,永定门内,35.0,48.0,6.0,39.0,0.5,36.0,Quotsoft/Beijing-monitoring-archive,False
2019-01-26 19:00:00+08:00,前门,48.0,49.0,7.0,58.0,0.7,18.0,Quotsoft/Beijing-monitoring-archive,False
2019-01-26 19:00:00+08:00,天坛,39.0,53.0,5.0,47.0,0.6,36.0,Quotsoft/Beijing-monitoring-archive,False
2019-01-26 19:00:00+08:00,永定门内,41.0,63.0,7.0,66.0,0.7,12.0,Quotsoft/Beijing-monitoring-archive,False
2019-01-26 20:00:00+08:00,前门,53.0,58.0,7.0,65.0,0.8,13.0,Quotsoft/Beijing-monitoring-archive,False
2019-01-26 20:00:00+08:00,天坛,56.0,68.0,6.0,64.0,0.7,22.0,Quotsoft/Beijing-monitoring-archive,False
2019-01-26 20:00:00+08:00,永定门内,48.0,74.0,8.0,80.0,0.9,1.0,Quotsoft/Beijing-monitoring-archive,False
2019-01-26 21:00:00+08:00,前门,63.0,69.0,8.0,74.0,1.0,7.0,Quotsoft/Beijing-monitoring-archive,False
2019-01-26 21:00:00+08:00,天坛,62.0,,6.0,70.0,0.9,18.0,Quotsoft/Beijing-monitoring-archive,False
2019-01-26 21:00:00+08:00,永定门内,59.0,84.0,10.0,85.0,1.0,2.0,Quotsoft/Beijing-monitoring-archive,False
2019-01-26 22:00:00+08:00,前门,70.0,74.0,9.0,78.0,1.1,5.0,Quotsoft/Beijing-monitoring-archive,False
2019-01-26 22:00:00+08:00,天坛,76.0,84.0,6.0,76.0,0.9,12.0,Quotsoft/Beijing-monitoring-archive,False
2019-01-26 22:00:00+08:00,永定门内,66.0,88.0,11.0,90.0,1.0,2.0,Quotsoft/Beijing-monitoring-archive,False
2019-01-26 23:00:00+08:00,前门,81.0,85.0,10.0,78.0,1.1,5.0,Quotsoft/Beijing-monitoring-archive,False
2019-01-26 23:00:00+08:00,天坛,80.0,85.0,7.0,77.0,1.0,12.0,Quotsoft/Beijing-monitoring-archive,False
2019-01-26 23:00:00+08:00,永定门内,82.0,110.0,12.0,90.0,1.1,2.0,Quotsoft/Beijing-monitoring-archive,False
2019-01-27 00:00:00+08:00,前门,89.0,104.0,12.0,82.0,1.2,3.0,Quotsoft/Beijing-monitoring-archive,False
2019-01-27 00:00:00+08:00,天坛,103.0,108.0,7.0,85.0,1.1,7.0,Quotsoft/Beijing-monitoring-archive,False
2019-01-27 00:00:00+08:00,永定门内,,,,,,,Quotsoft/Beijing-monitoring-archive,False
2019-01-27 01:00:00+08:00,前门,125.0,,14.0,83.0,1.4,4.0,Quotsoft/Beijing-monitoring-archive,False
2019-01-27 01:00:00+08:00,天坛,106.0,115.0,5.0,82.0,1.2,5.0,Quotsoft/Beijing-monitoring-archive,False
2019-01-27 01:00:00+08:00,永定门内,101.0,120.0,10.0,86.0,1.3,2.0,Quotsoft/Beijing-monitoring-archive,False
2019-01-27 02:00:00+08:00,前门,124.0,,23.0,82.0,1.4,3.0,Quotsoft/Beijing-monitoring-archive,False
2019-01-27 02:00:00+08:00,天坛,120.0,123.0,9.0,84.0,1.3,7.0,Quotsoft/Beijing-monitoring-archive,False
2019-01-27 02:00:00+08:00,永定门内,113.0,128.0,23.0,80.0,1.3,2.0,Quotsoft/Beijing-monitoring-archive,False
2019-01-27 03:00:00+08:00,前门,99.0,,18.0,77.0,1.3,3.0,Quotsoft/Beijing-monitoring-archive,False
2019-01-27 03:00:00+08:00,天坛,124.0,,9.0,79.0,1.3,7.0,Quotsoft/Beijing-monitoring-archive,False
2019-01-27 03:00:00+08:00,永定门内,117.0,132.0,22.0,78.0,1.3,2.0,Quotsoft/Beijing-monitoring-archive,False
2019-01-27 04:00:00+08:00,前门,62.0,,15.0,76.0,1.3,,Quotsoft/Beijing-monitoring-archive,False
2019-01-27 04:00:00+08:00,天坛,121.0,,8.0,76.0,1.4,8.0,Quotsoft/Beijing-monitoring-archive,False
2019-01-27 04:00:00+08:00,永定门内,111.0,114.0,18.0,80.0,1.4,,Quotsoft/Beijing-monitoring-archive,False
2019-01-27 05:00:00+08:00,前门,52.0,59.0,13.0,72.0,1.4,3.0,Quotsoft/Beijing-monitoring-archive,False
2019-01-27 05:00:00+08:00,天坛,69.0,79.0,12.0,83.0,1.4,5.0,Quotsoft/Beijing-monitoring-archive,False
2019-01-27 05:00:00+08:00,永定门内,61.0,64.0,17.0,80.0,1.3,2.0,Quotsoft/Beijing-monitoring-archive,False
2019-01-27 06:00:00+08:00,前门,69.0,73.0,13.0,77.0,1.4,3.0,Quotsoft/Beijing-monitoring-archive,False
2019-01-27 06:00:00+08:00,天坛,79.0,83.0,11.0,86.0,1.3,5.0,Quotsoft/Beijing-monitoring-archive,False
2019-01-27 06:00:00+08:00,永定门内,64.0,77.0,17.0,84.0,1.2,2.0,Quotsoft/Beijing-monitoring-archive,False
2019-01-27 07:00:00+08:00,前门,81.0,,13.0,77.0,1.4,3.0,Quotsoft/Beijing-monitoring-archive,False
2019-01-27 07:00:00+08:00,天坛,81.0,96.0,10.0,81.0,1.3,5.0,Quotsoft/Beijing-monitoring-archive,False
2019-01-27 07:00:00+08:00,永定门内,70.0,90.0,16.0,85.0,1.3,2.0,Quotsoft/Beijing-monitoring-archive,False
2019-01-27 08:00:00+08:00,前门,75.0,,12.0,80.0,1.4,3.0,Quotsoft/Beijing-monitoring-archive,False
2019-01-27 08:00:00+08:00,天坛,72.0,78.0,11.0,81.0,1.1,5.0,Quotsoft/Beijing-monitoring-archive,False
2019-01-27 08:00:00+08:00,永定门内,68.0,78.0,15.0,81.0,1.1,2.0,Quotsoft/Beijing-monitoring-archive,False
2019-01-27 09:00:00+08:00,前门,72.0,75.0,12.0,75.0,1.5,5.0,Quotsoft/Beijing-monitoring-archive,False
2019-01-27 09:00:00+08:00,天坛,81.0,95.0,9.0,75.0,1.2,6.0,Quotsoft/Beijing-monitoring-archive,False
2019-01-27 09:00:00+08:00,永定门内,72.0,85.0,16.0,79.0,1.2,2.0,Quotsoft/Beijing-monitoring-archive,False
2019-01-27 10:00:00+08:00,前门,78.0,,13.0,74.0,1.5,7.0,Quotsoft/Beijing-monitoring-archive,False
2019-01-27 10:00:00+08:00,天坛,87.0,95.0,13.0,75.0,1.2,12.0,Quotsoft/Beijing-monitoring-archive,False
2019-01-27 10:00:00+08:00,永定门内,81.0,92.0,17.0,81.0,1.3,2.0,Quotsoft/Beijing-monitoring-archive,False
2019-01-27 11:00:00+08:00,前门,78.0,,15.0,68.0,1.5,13.0,Quotsoft/Beijing-monitoring-archive,False
2019-01-27 11:00:00+08:00,天坛,86.0,87.0,15.0,73.0,1.4,14.0,Quotsoft/Beijing-monitoring-archive,False
2019-01-27 11:00:00+08:00,永定门内,74.0,82.0,21.0,70.0,1.2,9.0,Quotsoft/Beijing-monitoring-archive,False
2019-01-27 12:00:00+08:00,前门,76.0,,18.0,69.0,1.5,14.0,Quotsoft/Beijing-monitoring-archive,False
2019-01-27 12:00:00+08:00,天坛,81.0,91.0,16.0,72.0,1.4,18.0,Quotsoft/Beijing-monitoring-archive,False
2019-01-27 12:00:00+08:00,永定门内,73.0,93.0,22.0,79.0,1.4,9.0,Quotsoft/Beijing-monitoring-archive,False
2019-01-27 13:00:00+08:00,前门,100.0,105.0,18.0,81.0,1.7,10.0,Quotsoft/Beijing-monitoring-archive,False
2019-01-27 13:00:00+08:00,天坛,116.0,133.0,15.0,89.0,1.6,12.0,Quotsoft/Beijing-monitoring-archive,False
2019-01-27 13:00:00+08:00,永定门内,102.0,132.0,22.0,91.0,1.5,3.0,Quotsoft/Beijing-monitoring-archive,False
2019-01-27 14:00:00+08:00,前门,92.0,95.0,17.0,82.0,1.6,12.0,Quotsoft/Beijing-monitoring-archive,False
2019-01-27 14:00:00+08:00,天坛,112.0,130.0,15.0,83.0,1.5,17.0,Quotsoft/Beijing-monitoring-archive,False
2019-01-27 14:00:00+08:00,永定门内,94.0,112.0,22.0,86.0,1.4,7.0,Quotsoft/Beijing-monitoring-archive,False
2019-01-27 15:00:00+08:00,前门,77.0,83.0,15.0,79.0,1.4,19.0,Quotsoft/Beijing-monitoring-archive,False
2019-01-27 15:00:00+08:00,天坛,102.0,110.0,13.0,81.0,1.3,22.0,Quotsoft/Beijing-monitoring-archive,False
2019-01-27 15:00:00+08:00,永定门内,89.0,104.0,20.0,82.0,1.2,15.0,Quotsoft/Beijing-monitoring-archive,False
2019-01-27 16:00:00+08:00,前门,80.0,81.0,14.0,74.0,1.3,18.0,Quotsoft/Beijing-monitoring-archive,False
2019-01-27 16:00:00+08:00,天坛,75.0,106.0,11.0,68.0,1.0,27.0,Quotsoft/Beijing-monitoring-archive,False
2019-01-27 16:00:00+08:00,永定门内,65.0,91.0,16.0,70.0,1.0,19.0,Quotsoft/Beijing-monitoring-archive,False
2019-01-27 17:00:00+08:00,前门,40.0,117.0,6.0,38.0,0.7,47.0,Quotsoft/Beijing-monitoring-archive,False
2019-01-27 17:00:00+08:00,天坛,51.0,144.0,5.0,43.0,0.7,45.0,Quotsoft/Beijing-monitoring-archive,False
2019-01-27 17:00:00+08:00,永定门内,61.0,119.0,13.0,59.0,0.8,30.0,Quotsoft/Beijing-monitoring-archive,False
2019-01-27 18:00:00+08:00,前门,12.0,125.0,3.0,25.0,0.5,56.0,Quotsoft/Beijing-monitoring-archive,False
2019-01-27 18:00:00+08:00,天坛,18.0,199.0,1.0,20.0,0.3,65.0,Quotsoft/Beijing-monitoring-archive,False
2019-01-27 18:00:00+08:00,永定门内,10.0,163.0,4.0,13.0,0.3,71.0,Quotsoft/Beijing-monitoring-archive,False
2019-01-27 19:00:00+08:00,前门,12.0,161.0,3.0,19.0,0.4,59.0,Quotsoft/Beijing-monitoring-archive,False
2019-01-27 19:00:00+08:00,天坛,13.0,231.0,3.0,14.0,0.3,69.0,Quotsoft/Beijing-monitoring-archive,False
2019-01-27 19:00:00+08:00,永定门内,12.0,175.0,4.0,12.0,0.2,71.0,Quotsoft/Beijing-monitoring-archive,False
2019-01-27 20:00:00+08:00,前门,8.0,91.0,3.0,19.0,0.4,56.0,Quotsoft/Beijing-monitoring-archive,False
2019-01-27 20:00:00+08:00,天坛,8.0,148.0,3.0,15.0,0.3,67.0,Quotsoft/Beijing-monitoring-archive,False
2019-01-27 20:00:00+08:00,永定门内,9.0,99.0,5.0,13.0,0.2,68.0,Quotsoft/Beijing-monitoring-archive,False
2019-01-27 21:00:00+08:00,前门,14.0,58.0,2.0,18.0,0.4,52.0,Quotsoft/Beijing-monitoring-archive,False
2019-01-27 21:00:00+08:00,天坛,6.0,102.0,1.0,17.0,0.3,63.0,Quotsoft/Beijing-monitoring-archive,False
2019-01-27 21:00:00+08:00,永定门内,9.0,74.0,4.0,22.0,0.2,57.0,Quotsoft/Beijing-monitoring-archive,False
2019-01-27 22:00:00+08:00,前门,12.0,38.0,3.0,17.0,0.3,52.0,Quotsoft/Beijing-monitoring-archive,False
2019-01-27 22:00:00+08:00,天坛,8.0,72.0,1.0,16.0,0.3,62.0,Quotsoft/Beijing-monitoring-archive,False
2019-01-27 22:00:00+08:00,永定门内,8.0,52.0,4.0,12.0,0.2,65.0,Quotsoft/Beijing-monitoring-archive,False
2019-01-27 23:00:00+08:00,前门,12.0,27.0,2.0,11.0,0.3,54.0,Quotsoft/Beijing-monitoring-archive,False
2019-01-27 23:00:00+08:00,天坛,4.0,49.0,2.0,14.0,0.3,63.0,Quotsoft/Beijing-monitoring-archive,False
2019-01-27 23:00:00+08:00,永定门内,8.0,34.0,5.0,13.0,0.2,62.0,Quotsoft/Beijing-monitoring-archive,False
2019-01-28 00:00:00+08:00,前门,10.0,21.0,2.0,12.0,0.3,51.0,Quotsoft/Beijing-monitoring-archive,False
2019-01-28 00:00:00+08:00,天坛,4.0,39.0,3.0,17.0,0.3,58.0,Quotsoft/Beijing-monitoring-archive,False
2019-01-28 00:00:00+08:00,永定门内,6.0,25.0,4.0,12.0,0.2,60.0,Quotsoft/Beijing-monitoring-archive,False
2019-01-28 01:00:00+08:00,前门,7.0,19.0,3.0,14.0,0.3,48.0,Quotsoft/Beijing-monitoring-archive,False
2019-01-28 01:00:00+08:00,天坛,2.0,39.0,1.0,21.0,0.3,54.0,Quotsoft/Beijing-monitoring-archive,False
2019-01-28 01:00:00+08:00,永定门内,4.0,24.0,4.0,14.0,0.2,58.0,Quotsoft/Beijing-monitoring-archive,False
2019-01-28 02:00:00+08:00,前门,4.0,18.0,3.0,12.0,0.3,50.0,Quotsoft/Beijing-monitoring-archive,False
2019-01-28 02:00:00+08:00,天坛,8.0,26.0,1.0,19.0,0.3,56.0,Quotsoft/Beijing-monitoring-archive,False
2019-01-28 02:00:00+08:00,永定门内,6.0,26.0,5.0,15.0,0.2,55.0,Quotsoft/Beijing-monitoring-archive,False
2019-01-28 03:00:00+08:00,前门,2.0,19.0,3.0,13.0,0.3,46.0,Quotsoft/Beijing-monitoring-archive,False
2019-01-28 03:00:00+08:00,天坛,6.0,42.0,2.0,20.0,0.3,54.0,Quotsoft/Beijing-monitoring-archive,False
2019-01-28 03:00:00+08:00,永定门内,6.0,23.0,5.0,11.0,0.2,58.0,Quotsoft/Beijing-monitoring-archive,False
2019-01-28 04:00:00+08:00,前门,3.0,14.0,4.0,24.0,0.3,33.0,Quotsoft/Beijing-monitoring-archive,False
2019-01-28 04:00:00+08:00,天坛,5.0,15.0,3.0,27.0,0.4,46.0,Quotsoft/Beijing-monitoring-archive,False
2019-01-28 04:00:00+08:00,永定门内,8.0,19.0,4.0,29.0,0.2,37.0,Quotsoft/Beijing-monitoring-archive,False
2019-01-28 05:00:00+08:00,前门,4.0,19.0,4.0,22.0,0.3,35.0,Quotsoft/Beijing-monitoring-archive,False
2019-01-28 05:00:00+08:00,天坛,7.0,38.0,4.0,24.0,0.4,47.0,Quotsoft/Beijing-monitoring-archive,False
2019-01-28 05:00:00+08:00,永定门内,9.0,23.0,6.0,26.0,0.3,40.0,Quotsoft/Beijing-monitoring-archive,False
2019-01-28 06:00:00+08:00,前门,8.0,19.0,4.0,19.0,0.4,39.0,Quotsoft/Beijing-monitoring-archive,False
2019-01-28 06:00:00+08:00,天坛,8.0,29.0,4.0,25.0,0.4,47.0,Quotsoft/Beijing-monitoring-archive,False
2019-01-28 06:00:00+08:00,永定门内,5.0,25.0,7.0,29.0,0.3,37.0,Quotsoft/Beijing-monitoring-archive,False
2019-01-28 07:00:00+08:00,前门,16.0,22.0,5.0,30.0,0.5,27.0,Quotsoft/Beijing-monitoring-archive,False
2019-01-28 07:00:00+08:00,天坛,4.0,36.0,4.0,37.0,0.5,35.0,Quotsoft/Beijing-monitoring-archive,False
2019-01-28 07:00:00+08:00,永定门内,9.0,33.0,7.0,45.0,0.4,23.0,Quotsoft/Beijing-monitoring-archive,False
2019-01-28 08:00:00+08:00,前门,6.0,27.0,5.0,36.0,0.5,24.0,Quotsoft/Beijing-monitoring-archive,False
2019-01-28 08:00:00+08:00,天坛,13.0,44.0,5.0,43.0,0.5,28.0,Quotsoft/Beijing-monitoring-archive,False
2019-01-28 08:00:00+08:00,永定门内,7.0,43.0,8.0,56.0,0.5,12.0,Quotsoft/Beijing-monitoring-archive,False
2019-01-28 09:00:00+08:00,前门,12.0,28.0,6.0,33.0,0.6,28.0,Quotsoft/Beijing-monitoring-archive,False
2019-01-28 09:00:00+08:00,天坛,9.0,36.0,6.0,38.0,0.5,36.0,Quotsoft/Beijing-monitoring-archive,False
2019-01-28 09:00:00+08:00,永定门内,14.0,31.0,8.0,44.0,0.5,26.0,Quotsoft/Beijing-monitoring-archive,False
2019-01-28 10:00:00+08:00,前门,5.0,23.0,6.0,25.0,0.5,38.0,Quotsoft/Beijing-monitoring-archive,False
2019-01-28 10:00:00+08:00,天坛,9.0,20.0,5.0,31.0,0.5,45.0,Quotsoft/Beijing-monitoring-archive,False
2019-01-28 10:00:00+08:00,永定门内,8.0,31.0,8.0,37.0,0.5,38.0,Quotsoft/Beijing-monitoring-archive,False
2019-01-28 11:00:00+08:00,前门,9.0,15.0,4.0,22.0,0.5,44.0,Quotsoft/Beijing-monitoring-archive,False
2019-01-28 11:00:00+08:00,天坛,10.0,20.0,4.0,28.0,0.5,50.0,Quotsoft/Beijing-monitoring-archive,False
2019-01-28 11:00:00+08:00,永定门内,12.0,23.0,6.0,,0.4,43.0,Quotsoft/Beijing-monitoring-archive,False
2019-01-28 12:00:00+08:00,前门,16.0,,4.0,22.0,0.5,46.0,Quotsoft/Beijing-monitoring-archive,False
2019-01-28 12:00:00+08:00,天坛,7.0,18.0,4.0,28.0,0.5,53.0,Quotsoft/Beijing-monitoring-archive,False
2019-01-28 12:00:00+08:00,永定门内,19.0,30.0,7.0,34.0,0.5,45.0,Quotsoft/Beijing-monitoring-archive,False
2019-01-28 13:00:00+08:00,前门,26.0,,5.0,28.0,0.6,44.0,Quotsoft/Beijing-monitoring-archive,False
2019-01-28 13:00:00+08:00,天坛,26.0,33.0,7.0,34.0,0.6,54.0,Quotsoft/Beijing-monitoring-archive,False
2019-01-28 13:00:00+08:00,永定门内,38.0,56.0,12.0,40.0,0.6,49.0,Quotsoft/Beijing-monitoring-archive,False
2019-01-28 14:00:00+08:00,前门,52.0,62.0,11.0,39.0,0.7,46.0,Quotsoft/Beijing-monitoring-archive,False
2019-01-28 14:00:00+08:00,天坛,61.0,69.0,10.0,37.0,0.7,60.0,Quotsoft/Beijing-monitoring-archive,False
2019-01-28 14:00:00+08:00,永定门内,51.0,67.0,14.0,37.0,0.7,55.0,Quotsoft/Beijing-monitoring-archive,False
2019-01-28 15:00:00+08:00,前门,56.0,,9.0,37.0,0.7,49.0,Quotsoft/Beijing-monitoring-archive,False
2019-01-28 15:00:00+08:00,天坛,57.0,67.0,8.0,37.0,0.7,61.0,Quotsoft/Beijing-monitoring-archive,False
2019-01-28 15:00:00+08:00,永定门内,52.0,61.0,12.0,39.0,0.6,56.0,Quotsoft/Beijing-monitoring-archive,False
2019-01-28 16:00:00+08:00,前门,51.0,55.0,9.0,42.0,0.7,47.0,Quotsoft/Beijing-monitoring-archive,False
2019-01-28 16:00:00+08:00,天坛,60.0,75.0,9.0,39.0,0.7,62.0,Quotsoft/Beijing-monitoring-archive,False
2019-01-28 16:00:00+08:00,永定门内,52.0,78.0,14.0,46.0,0.7,53.0,Quotsoft/Beijing-monitoring-archive,False
2019-01-28 17:00:00+08:00,前门,73.0,,9.0,50.0,0.9,41.0,Quotsoft/Beijing-monitoring-archive,False
2019-01-28 17:00:00+08:00,天坛,77.0,91.0,8.0,39.0,0.7,61.0,Quotsoft/Beijing-monitoring-archive,False
2019-01-28 17:00:00+08:00,永定门内,60.0,80.0,12.0,46.0,0.7,51.0,Quotsoft/Beijing-monitoring-archive,False
2019-01-28 18:00:00+08:00,前门,65.0,83.0,8.0,54.0,1.0,38.0,Quotsoft/Beijing-monitoring-archive,False
2019-01-28 18:00:00+08:00,天坛,78.0,96.0,7.0,44.0,0.8,51.0,Quotsoft/Beijing-monitoring-archive,False
2019-01-28 18:00:00+08:00,永定门内,64.0,91.0,11.0,56.0,0.8,41.0,Quotsoft/Beijing-monitoring-archive,False
2019-01-28 19:00:00+08:00,前门,63.0,78.0,8.0,67.0,1.0,19.0,Quotsoft/Beijing-monitoring-archive,False
2019-01-28 19:00:00+08:00,天坛,67.0,92.0,7.0,58.0,0.8,36.0,Quotsoft/Beijing-monitoring-archive,False
2019-01-28 19:00:00+08:00,永定门内,61.0,87.0,11.0,75.0,0.9,17.0,Quotsoft/Beijing-monitoring-archive,False
2019-01-28 20:00:00+08:00,前门,67.0,90.0,8.0,79.0,1.0,8.0,Quotsoft/Beijing-monitoring-archive,False
2019-01-28 20:00:00+08:00,天坛,73.0,94.0,6.0,74.0,0.8,19.0,Quotsoft/Beijing-monitoring-archive,False
2019-01-28 20:00:00+08:00,永定门内,68.0,111.0,10.0,99.0,1.1,2.0,Quotsoft/Beijing-monitoring-archive,False
2019-01-28 21:00:00+08:00,前门,105.0,130.0,12.0,78.0,1.3,15.0,Quotsoft/Beijing-monitoring-archive,False
2019-01-28 21:00:00+08:00,天坛,90.0,129.0,8.0,91.0,1.0,9.0,Quotsoft/Beijing-monitoring-archive,False
2019-01-28 21:00:00+08:00,永定门内,,,,,,,Quotsoft/Beijing-monitoring-archive,False
2019-01-28 22:00:00+08:00,前门,102.0,128.0,13.0,90.0,1.4,5.0,Quotsoft/Beijing-monitoring-archive,False
2019-01-28 22:00:00+08:00,天坛,117.0,137.0,11.0,91.0,1.2,12.0,Quotsoft/Beijing-monitoring-archive,False
2019-01-28 22:00:00+08:00,永定门内,105.0,152.0,18.0,105.0,1.3,2.0,Quotsoft/Beijing-monitoring-archive,False
2019-01-28 23:00:00+08:00,前门,117.0,133.0,15.0,86.0,1.4,7.0,Quotsoft/Beijing-monitoring-archive,False
2019-01-28 23:00:00+08:00,天坛,122.0,136.0,9.0,87.0,1.2,9.0,Quotsoft/Beijing-monitoring-archive,False
2019-01-28 23:00:00+08:00,永定门内,115.0,151.0,19.0,95.0,1.2,1.0,Quotsoft/Beijing-monitoring-archive,False
2019-01-29 00:00:00+08:00,前门,108.0,126.0,15.0,79.0,1.4,9.0,Quotsoft/Beijing-monitoring-archive,False
2019-01-29 00:00:00+08:00,天坛,125.0,146.0,9.0,75.0,1.2,13.0,Quotsoft/Beijing-monitoring-archive,False
2019-01-29 00:00:00+08:00,永定门内,109.0,145.0,18.0,89.0,1.2,2.0,Quotsoft/Beijing-monitoring-archive,False
2019-01-29 01:00:00+08:00,前门,107.0,122.0,14.0,84.0,1.3,4.0,Quotsoft/Beijing-monitoring-archive,False
2019-01-29 01:00:00+08:00,天坛,123.0,134.0,10.0,81.0,1.2,8.0,Quotsoft/Beijing-monitoring-archive,False
2019-01-29 01:00:00+08:00,永定门内,112.0,137.0,17.0,90.0,1.1,2.0,Quotsoft/Beijing-monitoring-archive,False
2019-01-29 02:00:00+08:00,前门,106.0,123.0,16.0,77.0,1.4,5.0,Quotsoft/Beijing-monitoring-archive,False
2019-01-29 02:00:00+08:00,天坛,121.0,130.0,9.0,85.0,1.2,4.0,Quotsoft/Beijing-monitoring-archive,False
2019-01-29 02:00:00+08:00,永定门内,109.0,133.0,12.0,83.0,1.2,2.0,Quotsoft/Beijing-monitoring-archive,False
2019-01-29 03:00:00+08:00,前门,121.0,126.0,17.0,76.0,1.4,4.0,Quotsoft/Beijing-monitoring-archive,False
2019-01-29 03:00:00+08:00,天坛,114.0,128.0,10.0,81.0,1.2,4.0,Quotsoft/Beijing-monitoring-archive,False
2019-01-29 03:00:00+08:00,永定门内,111.0,133.0,12.0,78.0,1.2,2.0,Quotsoft/Beijing-monitoring-archive,False
2019-01-29 04:00:00+08:00,前门,125.0,,19.0,76.0,1.4,,Quotsoft/Beijing-monitoring-archive,False
2019-01-29 04:00:00+08:00,天坛,118.0,125.0,10.0,73.0,1.3,5.0,Quotsoft/Beijing-monitoring-archive,False
2019-01-29 04:00:00+08:00,永定门内,114.0,125.0,17.0,75.0,1.3,,Quotsoft/Beijing-monitoring-archive,False
2019-01-29 05:00:00+08:00,前门,121.0,,17.0,74.0,1.4,5.0,Quotsoft/Beijing-monitoring-archive,False
2019-01-29 05:00:00+08:00,天坛,124.0,,9.0,70.0,1.3,5.0,Quotsoft/Beijing-monitoring-archive,False
2019-01-29 05:00:00+08:00,永定门内,108.0,125.0,19.0,78.0,1.4,2.0,Quotsoft/Beijing-monitoring-archive,False
2019-01-29 06:00:00+08:00,前门,85.0,93.0,16.0,75.0,1.6,4.0,Quotsoft/Beijing-monitoring-archive,False
2019-01-29 06:00:00+08:00,天坛,127.0,,11.0,74.0,1.4,5.0,Quotsoft/Beijing-monitoring-archive,False
2019-01-29 06:00:00+08:00,永定门内,93.0,114.0,17.0,79.0,1.4,2.0,Quotsoft/Beijing-monitoring-archive,False
2019-01-29 07:00:00+08:00,前门,75.0,79.0,18.0,76.0,1.7,4.0,Quotsoft/Beijing-monitoring-archive,False
2019-01-29 07:00:00+08:00,天坛,90.0,113.0,11.0,76.0,1.6,5.0,Quotsoft/Beijing-monitoring-archive,False
2019-01-29 07:00:00+08:00,永定门内,67.0,92.0,20.0,84.0,1.7,2.0,Quotsoft/Beijing-monitoring-archive,False
2019-01-29 08:00:00+08:00,前门,81.0,95.0,17.0,78.0,1.7,5.0,Quotsoft/Beijing-monitoring-archive,False
2019-01-29 08:00:00+08:00,天坛,93.0,118.0,12.0,78.0,1.7,5.0,Quotsoft/Beijing-monitoring-archive,False
2019-01-29 08:00:00+08:00,永定门内,78.0,113.0,20.0,88.0,1.7,2.0,Quotsoft/Beijing-monitoring-archive,False
2019-01-29 09:00:00+08:00,前门,85.0,102.0,17.0,78.0,1.7,5.0,Quotsoft/Beijing-monitoring-archive,False
2019-01-29 09:00:00+08:00,天坛,95.0,131.0,9.0,73.0,1.7,6.0,Quotsoft/Beijing-monitoring-archive,False
2019-01-29 09:00:00+08:00,永定门内,87.0,127.0,20.0,89.0,1.9,2.0,Quotsoft/Beijing-monitoring-archive,False
2019-01-29 10:00:00+08:00,前门,91.0,103.0,16.0,77.0,1.8,7.0,Quotsoft/Beijing-monitoring-archive,False
2019-01-29 10:00:00+08:00,天坛,95.0,133.0,11.0,73.0,1.7,8.0,Quotsoft/Beijing-monitoring-archive,False
2019-01-29 10:00:00+08:00,永定门内,87.0,125.0,21.0,92.0,1.8,2.0,Quotsoft/Beijing-monitoring-archive,False
2019-01-29 11:00:00+08:00,前门,95.0,105.0,17.0,73.0,1.5,14.0,Quotsoft/Beijing-monitoring-archive,False
2019-01-29 11:00:00+08:00,天坛,117.0,125.0,17.0,85.0,1.7,13.0,Quotsoft/Beijing-monitoring-archive,False
2019-01-29 11:00:00+08:00,永定门内,102.0,126.0,21.0,94.0,1.7,3.0,Quotsoft/Beijing-monitoring-archive,False
2019-01-29 12:00:00+08:00,前门,107.0,107.0,18.0,76.0,1.5,18.0,Quotsoft/Beijing-monitoring-archive,False
2019-01-29 12:00:00+08:00,天坛,121.0,135.0,18.0,79.0,1.5,21.0,Quotsoft/Beijing-monitoring-archive,False
2019-01-29 12:00:00+08:00,永定门内,102.0,127.0,22.0,80.0,1.5,13.0,Quotsoft/Beijing-monitoring-archive,False
2019-01-29 13:00:00+08:00,前门,103.0,104.0,18.0,77.0,1.5,22.0,Quotsoft/Beijing-monitoring-archive,False
2019-01-29 13:00:00+08:00,天坛,131.0,138.0,19.0,78.0,1.4,28.0,Quotsoft/Beijing-monitoring-archive,False
2019-01-29 13:00:00+08:00,永定门内,106.0,121.0,24.0,77.0,1.4,21.0,Quotsoft/Beijing-monitoring-archive,False
2019-01-29 14:00:00+08:00,前门,106.0,111.0,19.0,87.0,1.6,20.0,Quotsoft/Beijing-monitoring-archive,False
2019-01-29 14:00:00+08:00,天坛,134.0,176.0,17.0,101.0,1.8,17.0,Quotsoft/Beijing-monitoring-archive,False
2019-01-29 14:00:00+08:00,永定门内,108.0,139.0,24.0,93.0,1.6,15.0,Quotsoft/Beijing-monitoring-archive,False
2019-01-29 15:00:00+08:00,前门,125.0,128.0,20.0,109.0,1.8,12.0,Quotsoft/Beijing-monitoring-archive,False
2019-01-29 15:00:00+08:00,天坛,143.0,224.0,19.0,109.0,1.8,16.0,Quotsoft/Beijing-monitoring-archive,False
2019-01-29 15:00:00+08:00,永定门内,125.0,155.0,25.0,109.0,1.8,8.0,Quotsoft/Beijing-monitoring-archive,False
2019-01-29 16:00:00+08:00,前门,128.0,,23.0,100.0,1.7,19.0,Quotsoft/Beijing-monitoring-archive,False
2019-01-29 16:00:00+08:00,天坛,146.0,159.0,23.0,92.0,1.5,28.0,Quotsoft/Beijing-monitoring-archive,False
2019-01-29 16:00:00+08:00,永定门内,125.0,141.0,29.0,91.0,1.4,25.0,Quotsoft/Beijing-monitoring-archive,False
2019-01-29 17:00:00+08:00,前门,121.0,,24.0,88.0,1.5,28.0,Quotsoft/Beijing-monitoring-archive,False
2019-01-29 17:00:00+08:00,天坛,134.0,143.0,22.0,63.0,1.3,47.0,Quotsoft/Beijing-monitoring-archive,False
2019-01-29 17:00:00+08:00,永定门内,110.0,120.0,29.0,68.0,1.3,38.0,Quotsoft/Beijing-monitoring-archive,False
2019-01-29 18:00:00+08:00,前门,125.0,,21.0,104.0,1.7,12.0,Quotsoft/Beijing-monitoring-archive,False
2019-01-29 18:00:00+08:00,天坛,122.0,,16.0,60.0,1.3,38.0,Quotsoft/Beijing-monitoring-archive,False
2019-01-29 18:00:00+08:00,永定门内,106.0,125.0,26.0,90.0,1.3,12.0,Quotsoft/Beijing-monitoring-archive,False
2019-01-29 19:00:00+08:00,前门,128.0,139.0,17.0,113.0,1.9,4.0,Quotsoft/Beijing-monitoring-archive,False
2019-01-29 19:00:00+08:00,天坛,134.0,,11.0,98.0,1.6,7.0,Quotsoft/Beijing-monitoring-archive,False
2019-01-29 19:00:00+08:00,永定门内,130.0,167.0,21.0,119.0,2.0,2.0,Quotsoft/Beijing-monitoring-archive,False
2019-01-29 20:00:00+08:00,前门,134.0,137.0,17.0,114.0,2.1,5.0,Quotsoft/Beijing-monitoring-archive,False
2019-01-29 20:00:00+08:00,天坛,146.0,,7.0,100.0,1.9,5.0,Quotsoft/Beijing-monitoring-archive,False
2019-01-29 20:00:00+08:00,永定门内,139.0,172.0,19.0,122.0,2.1,2.0,Quotsoft/Beijing-monitoring-archive,False
2019-01-29 21:00:00+08:00,前门,136.0,143.0,17.0,116.0,2.2,5.0,Quotsoft/Beijing-monitoring-archive,False
2019-01-29 21:00:00+08:00,天坛,147.0,,6.0,98.0,2.0,5.0,Quotsoft/Beijing-monitoring-archive,False
2019-01-29 21:00:00+08:00,永定门内,136.0,177.0,16.0,120.0,2.4,2.0,Quotsoft/Beijing-monitoring-archive,False
2019-01-29 22:00:00+08:00,前门,137.0,145.0,17.0,116.0,2.3,5.0,Quotsoft/Beijing-monitoring-archive,False
2019-01-29 22:00:00+08:00,天坛,150.0,154.0,6.0,98.0,2.2,6.0,Quotsoft/Beijing-monitoring-archive,False
2019-01-29 22:00:00+08:00,永定门内,139.0,171.0,14.0,120.0,2.6,2.0,Quotsoft/Beijing-monitoring-archive,False
2019-01-29 23:00:00+08:00,前门,137.0,138.0,17.0,117.0,2.2,5.0,Quotsoft/Beijing-monitoring-archive,False
2019-01-29 23:00:00+08:00,天坛,159.0,,7.0,102.0,2.3,6.0,Quotsoft/Beijing-monitoring-archive,False
2019-01-29 23:00:00+08:00,永定门内,137.0,159.0,18.0,118.0,2.2,2.0,Quotsoft/Beijing-monitoring-archive,False
2019-01-30 00:00:00+08:00,前门,145.0,,33.0,122.0,2.6,5.0,Quotsoft/Beijing-monitoring-archive,False
2019-01-30 00:00:00+08:00,天坛,164.0,168.0,18.0,113.0,2.4,6.0,Quotsoft/Beijing-monitoring-archive,False
2019-01-30 00:00:00+08:00,永定门内,144.0,162.0,37.0,123.0,2.4,2.0,Quotsoft/Beijing-monitoring-archive,False
2019-01-30 01:00:00+08:00,前门,138.0,,28.0,116.0,2.4,4.0,Quotsoft/Beijing-monitoring-archive,False
2019-01-30 01:00:00+08:00,天坛,170.0,,16.0,108.0,2.5,6.0,Quotsoft/Beijing-monitoring-archive,False
2019-01-30 01:00:00+08:00,永定门内,147.0,151.0,34.0,121.0,2.4,2.0,Quotsoft/Beijing-monitoring-archive,False
2019-01-30 02:00:00+08:00,前门,133.0,,24.0,106.0,2.1,4.0,Quotsoft/Beijing-monitoring-archive,False
2019-01-30 02:00:00+08:00,天坛,161.0,,13.0,104.0,2.3,5.0,Quotsoft/Beijing-monitoring-archive,False
2019-01-30 02:00:00+08:00,永定门内,133.0,138.0,29.0,109.0,2.1,2.0,Quotsoft/Beijing-monitoring-archive,False
2019-01-30 03:00:00+08:00,前门,122.0,,16.0,98.0,1.8,4.0,Quotsoft/Beijing-monitoring-archive,False
2019-01-30 03:00:00+08:00,天坛,149.0,,14.0,94.0,1.7,5.0,Quotsoft/Beijing-monitoring-archive,False
2019-01-30 03:00:00+08:00,永定门内,127.0,129.0,20.0,96.0,1.6,2.0,Quotsoft/Beijing-monitoring-archive,False
2019-01-30 04:00:00+08:00,前门,83.0,,11.0,71.0,1.3,15.0,Quotsoft/Beijing-monitoring-archive,False
2019-01-30 04:00:00+08:00,天坛,78.0,117.0,9.0,58.0,1.0,25.0,Quotsoft/Beijing-monitoring-archive,False
2019-01-30 04:00:00+08:00,永定门内,93.0,102.0,15.0,74.0,1.1,6.0,Quotsoft/Beijing-monitoring-archive,False
2019-01-30 05:00:00+08:00,前门,13.0,75.0,5.0,26.0,0.6,50.0,Quotsoft/Beijing-monitoring-archive,False
2019-01-30 05:00:00+08:00,天坛,13.0,115.0,4.0,13.0,0.4,61.0,Quotsoft/Beijing-monitoring-archive,False
2019-01-30 05:00:00+08:00,永定门内,23.0,95.0,6.0,14.0,0.3,57.0,Quotsoft/Beijing-monitoring-archive,False
2019-01-30 06:00:00+08:00,前门,15.0,75.0,4.0,22.0,0.5,52.0,Quotsoft/Beijing-monitoring-archive,False
2019-01-30 06:00:00+08:00,天坛,16.0,126.0,4.0,13.0,0.4,62.0,Quotsoft/Beijing-monitoring-archive,False
2019-01-30 06:00:00+08:00,永定门内,15.0,95.0,6.0,11.0,0.3,61.0,Quotsoft/Beijing-monitoring-archive,False
2019-01-30 07:00:00+08:00,前门,15.0,70.0,4.0,26.0,0.5,48.0,Quotsoft/Beijing-monitoring-archive,False
2019-01-30 07:00:00+08:00,天坛,8.0,124.0,3.0,15.0,0.4,61.0,Quotsoft/Beijing-monitoring-archive,False
2019-01-30 07:00:00+08:00,永定门内,11.0,87.0,5.0,17.0,0.3,55.0,Quotsoft/Beijing-monitoring-archive,False
2019-01-30 08:00:00+08:00,前门,12.0,63.0,4.0,20.0,0.4,49.0,Quotsoft/Beijing-monitoring-archive,False
2019-01-30 08:00:00+08:00,天坛,6.0,116.0,4.0,17.0,0.4,57.0,Quotsoft/Beijing-monitoring-archive,False
2019-01-30 08:00:00+08:00,永定门内,12.0,82.0,6.0,21.0,0.3,53.0,Quotsoft/Beijing-monitoring-archive,False
2019-01-30 09:00:00+08:00,前门,10.0,66.0,4.0,24.0,0.4,45.0,Quotsoft/Beijing-monitoring-archive,False
2019-01-30 09:00:00+08:00,天坛,7.0,106.0,3.0,18.0,0.4,55.0,Quotsoft/Beijing-monitoring-archive,False
2019-01-30 09:00:00+08:00,永定门内,12.0,86.0,6.0,18.0,0.4,54.0,Quotsoft/Beijing-monitoring-archive,False
2019-01-30 10:00:00+08:00,前门,16.0,69.0,4.0,23.0,0.5,47.0,Quotsoft/Beijing-monitoring-archive,False
2019-01-30 10:00:00+08:00,天坛,8.0,98.0,5.0,20.0,0.4,55.0,Quotsoft/Beijing-monitoring-archive,False
2019-01-30 10:00:00+08:00,永定门内,13.0,80.0,6.0,18.0,0.4,55.0,Quotsoft/Beijing-monitoring-archive,False
2019-01-30 11:00:00+08:00,前门,15.0,63.0,5.0,20.0,0.5,46.0,Quotsoft/Beijing-monitoring-archive,False
2019-01-30 11:00:00+08:00,天坛,12.0,87.0,5.0,19.0,0.4,54.0,Quotsoft/Beijing-monitoring-archive,False
2019-01-30 11:00:00+08:00,永定门内,12.0,80.0,7.0,17.0,0.4,,Quotsoft/Beijing-monitoring-archive,False
2019-01-30 12:00:00+08:00,前门,19.0,55.0,4.0,14.0,0.4,51.0,Quotsoft/Beijing-monitoring-archive,False
2019-01-30 12:00:00+08:00,天坛,8.0,80.0,4.0,16.0,0.4,58.0,Quotsoft/Beijing-monitoring-archive,False
2019-01-30 12:00:00+08:00,永定门内,12.0,74.0,6.0,16.0,0.4,61.0,Quotsoft/Beijing-monitoring-archive,False
2019-01-30 13:00:00+08:00,前门,15.0,47.0,5.0,23.0,0.4,45.0,Quotsoft/Beijing-monitoring-archive,False
2019-01-30 13:00:00+08:00,天坛,19.0,76.0,4.0,19.0,0.4,55.0,Quotsoft/Beijing-monitoring-archive,False
2019-01-30 13:00:00+08:00,永定门内,11.0,65.0,7.0,16.0,0.4,58.0,Quotsoft/Beijing-monitoring-archive,False
2019-01-30 14:00:00+08:00,前门,13.0,44.0,5.0,20.0,0.4,46.0,Quotsoft/Beijing-monitoring-archive,False
2019-01-30 14:00:00+08:00,天坛,13.0,72.0,4.0,18.0,0.4,55.0,Quotsoft/Beijing-monitoring-archive,False
2019-01-30 14:00:00+08:00,永定门内,11.0,62.0,7.0,15.0,0.4,60.0,Quotsoft/Beijing-monitoring-archive,False
2019-01-30 15:00:00+08:00,前门,12.0,48.0,4.0,15.0,0.4,49.0,Quotsoft/Beijing-monitoring-archive,False
2019-01-30 15:00:00+08:00,天坛,8.0,73.0,4.0,18.0,0.4,56.0,Quotsoft/Beijing-monitoring-archive,False
2019-01-30 15:00:00+08:00,永定门内,9.0,59.0,6.0,14.0,0.3,61.0,Quotsoft/Beijing-monitoring-archive,False
2019-01-30 16:00:00+08:00,前门,18.0,51.0,4.0,13.0,0.4,50.0,Quotsoft/Beijing-monitoring-archive,False
2019-01-30 16:00:00+08:00,天坛,7.0,78.0,5.0,18.0,0.4,55.0,Quotsoft/Beijing-monitoring-archive,False
2019-01-30 16:00:00+08:00,永定门内,14.0,59.0,5.0,14.0,0.4,59.0,Quotsoft/Beijing-monitoring-archive,False
2019-01-30 17:00:00+08:00,前门,12.0,37.0,4.0,13.0,0.4,49.0,Quotsoft/Beijing-monitoring-archive,False
2019-01-30 17:00:00+08:00,天坛,15.0,64.0,4.0,20.0,0.4,53.0,Quotsoft/Beijing-monitoring-archive,False
2019-01-30 17:00:00+08:00,永定门内,9.0,47.0,5.0,15.0,0.4,58.0,Quotsoft/Beijing-monitoring-archive,False
2019-01-30 18:00:00+08:00,前门,8.0,36.0,4.0,16.0,0.4,45.0,Quotsoft/Beijing-monitoring-archive,False
2019-01-30 18:00:00+08:00,天坛,16.0,61.0,4.0,28.0,0.5,45.0,Quotsoft/Beijing-monitoring-archive,False
2019-01-30 18:00:00+08:00,永定门内,11.0,47.0,6.0,20.0,0.4,53.0,Quotsoft/Beijing-monitoring-archive,False
2019-01-30 19:00:00+08:00,前门,15.0,30.0,3.0,22.0,0.4,38.0,Quotsoft/Beijing-monitoring-archive,False
2019-01-30 19:00:00+08:00,天坛,11.0,54.0,4.0,29.0,0.5,43.0,Quotsoft/Beijing-monitoring-archive,False
2019-01-30 19:00:00+08:00,永定门内,12.0,40.0,6.0,31.0,0.4,42.0,Quotsoft/Beijing-monitoring-archive,False
2019-01-30 20:00:00+08:00,前门,8.0,27.0,3.0,23.0,0.4,38.0,Quotsoft/Beijing-monitoring-archive,False
2019-01-30 20:00:00+08:00,天坛,8.0,44.0,5.0,26.0,0.5,48.0,Quotsoft/Beijing-monitoring-archive,False
2019-01-30 20:00:00+08:00,永定门内,13.0,30.0,5.0,29.0,0.4,45.0,Quotsoft/Beijing-monitoring-archive,False
2019-01-30 21:00:00+08:00,前门,6.0,11.0,2.0,12.0,0.3,53.0,Quotsoft/Beijing-monitoring-archive,False
2019-01-30 21:00:00+08:00,天坛,5.0,28.0,2.0,17.0,0.3,61.0,Quotsoft/Beijing-monitoring-archive,False
2019-01-30 21:00:00+08:00,永定门内,9.0,13.0,4.0,18.0,0.3,61.0,Quotsoft/Beijing-monitoring-archive,False
2019-01-30 22:00:00+08:00,前门,14.0,15.0,2.0,11.0,0.3,52.0,Quotsoft/Beijing-monitoring-archive,False
2019-01-30 22:00:00+08:00,天坛,2.0,18.0,2.0,14.0,0.3,61.0,Quotsoft/Beijing-monitoring-archive,False
2019-01-30 22:00:00+08:00,永定门内,8.0,18.0,4.0,17.0,0.3,61.0,Quotsoft/Beijing-monitoring-archive,False
2019-01-30 23:00:00+08:00,前门,7.0,11.0,2.0,9.0,0.3,52.0,Quotsoft/Beijing-monitoring-archive,False
2019-01-30 23:00:00+08:00,天坛,3.0,22.0,2.0,14.0,0.3,60.0,Quotsoft/Beijing-monitoring-archive,False
2019-01-30 23:00:00+08:00,永定门内,5.0,16.0,4.0,15.0,0.3,60.0,Quotsoft/Beijing-monitoring-archive,False
2019-01-31 00:00:00+08:00,前门,3.0,10.0,1.0,7.0,0.3,54.0,Quotsoft/Beijing-monitoring-archive,False
2019-01-31 00:00:00+08:00,天坛,4.0,15.0,2.0,12.0,0.3,62.0,Quotsoft/Beijing-monitoring-archive,False
2019-01-31 00:00:00+08:00,永定门内,7.0,7.0,3.0,12.0,0.3,64.0,Quotsoft/Beijing-monitoring-archive,False
2019-01-31 01:00:00+08:00,前门,14.0,,1.0,5.0,0.2,54.0,Quotsoft/Beijing-monitoring-archive,False
2019-01-31 01:00:00+08:00,天坛,2.0,9.0,2.0,10.0,0.3,63.0,Quotsoft/Beijing-monitoring-archive,False
2019-01-31 01:00:00+08:00,永定门内,6.0,,3.0,10.0,0.2,64.0,Quotsoft/Beijing-monitoring-archive,False
2019-01-31 02:00:00+08:00,前门,2.0,5.0,3.0,4.0,0.2,52.0,Quotsoft/Beijing-monitoring-archive,False
2019-01-31 02:00:00+08:00,天坛,2.0,8.0,2.0,10.0,0.3,62.0,Quotsoft/Beijing-monitoring-archive,False
2019-01-31 02:00:00+08:00,永定门内,3.0,3.0,4.0,9.0,0.2,60.0,Quotsoft/Beijing-monitoring-archive,False
2019-01-31 03:00:00+08:00,前门,10.0,,3.0,4.0,0.3,51.0,Quotsoft/Beijing-monitoring-archive,False
2019-01-31 03:00:00+08:00,天坛,1.0,12.0,2.0,11.0,0.3,60.0,Quotsoft/Beijing-monitoring-archive,False
2019-01-31 03:00:00+08:00,永定门内,5.0,7.0,5.0,9.0,0.2,61.0,Quotsoft/Beijing-monitoring-archive,False
2019-01-31 04:00:00+08:00,前门,,,,,,,Quotsoft/Beijing-monitoring-archive,False
2019-01-31 04:00:00+08:00,天坛,,,,,,,Quotsoft/Beijing-monitoring-archive,False
2019-01-31 04:00:00+08:00,永定门内,,,,,,,Quotsoft/Beijing-monitoring-archive,False
2019-01-31 05:00:00+08:00,前门,,,,,,,Quotsoft/Beijing-monitoring-archive,False
2019-01-31 05:00:00+08:00,天坛,,,,,,,Quotsoft/Beijing-monitoring-archive,False
2019-01-31 05:00:00+08:00,永定门内,,,,,,,Quotsoft/Beijing-monitoring-archive,False
2019-01-31 06:00:00+08:00,前门,,,,,,,Quotsoft/Beijing-monitoring-archive,False
2019-01-31 06:00:00+08:00,天坛,,,,,,,Quotsoft/Beijing-monitoring-archive,False
2019-01-31 06:00:00+08:00,永定门内,,,,,,,Quotsoft/Beijing-monitoring-archive,False
2019-01-31 07:00:00+08:00,前门,,,,,,,Quotsoft/Beijing-monitoring-archive,False
2019-01-31 07:00:00+08:00,天坛,,,,,,,Quotsoft/Beijing-monitoring-archive,False
2019-01-31 07:00:00+08:00,永定门内,,,,,,,Quotsoft/Beijing-monitoring-archive,False
2019-01-31 08:00:00+08:00,前门,,,,,,,Quotsoft/Beijing-monitoring-archive,False
2019-01-31 08:00:00+08:00,天坛,,,,,,,Quotsoft/Beijing-monitoring-archive,False
2019-01-31 08:00:00+08:00,永定门内,,,,,,,Quotsoft/Beijing-monitoring-archive,False
2019-01-31 09:00:00+08:00,前门,13.0,,7.0,26.0,0.5,36.0,Quotsoft/Beijing-monitoring-archive,False
2019-01-31 09:00:00+08:00,天坛,3.0,23.0,7.0,27.0,0.6,43.0,Quotsoft/Beijing-monitoring-archive,False
2019-01-31 09:00:00+08:00,永定门内,9.0,16.0,8.0,24.0,0.5,41.0,Quotsoft/Beijing-monitoring-archive,False
2019-01-31 10:00:00+08:00,前门,7.0,11.0,7.0,23.0,0.5,39.0,Quotsoft/Beijing-monitoring-archive,False
2019-01-31 10:00:00+08:00,天坛,6.0,18.0,7.0,27.0,0.6,44.0,Quotsoft/Beijing-monitoring-archive,False
2019-01-31 10:00:00+08:00,永定门内,8.0,15.0,9.0,24.0,0.5,43.0,Quotsoft/Beijing-monitoring-archive,False
2019-01-31 11:00:00+08:00,前门,15.0,,6.0,22.0,0.6,41.0,Quotsoft/Beijing-monitoring-archive,False
2019-01-31 11:00:00+08:00,天坛,11.0,12.0,6.0,22.0,0.5,49.0,Quotsoft/Beijing-monitoring-archive,False
2019-01-31 11:00:00+08:00,永定门内,11.0,11.0,8.0,21.0,0.5,47.0,Quotsoft/Beijing-monitoring-archive,False
2019-01-31 12:00:00+08:00,前门,8.0,,6.0,19.0,0.5,45.0,Quotsoft/Beijing-monitoring-archive,False
2019-01-31 12:00:00+08:00,天坛,8.0,12.0,5.0,20.0,0.4,54.0,Quotsoft/Beijing-monitoring-archive,False
2019-01-31 12:00:00+08:00,永定门内,8.0,,8.0,19.0,0.5,52.0,Quotsoft/Beijing-monitoring-archive,False
2019-01-31 13:00:00+08:00,前门,4.0,,5.0,20.0,0.4,44.0,Quotsoft/Beijing-monitoring-archive,False
2019-01-31 13:00:00+08:00,天坛,13.0,,4.0,22.0,0.4,54.0,Quotsoft/Beijing-monitoring-archive,False
2019-01-31 13:00:00+08:00,永定门内,5.0,,5.0,14.0,0.3,58.0,Quotsoft/Beijing-monitoring-archive,False
2019-01-31 14:00:00+08:00,前门,4.0,,3.0,14.0,0.3,52.0,Quotsoft/Beijing-monitoring-archive,False
2019-01-31 14:00:00+08:00,天坛,4.0,,2.0,20.0,0.4,58.0,Quotsoft/Beijing-monitoring-archive,False
2019-01-31 14:00:00+08:00,永定门内,6.0,,5.0,12.0,0.3,61.0,Quotsoft/Beijing-monitoring-archive,False
2019-01-31 15:00:00+08:00,前门,7.0,,4.0,13.0,0.4,54.0,Quotsoft/Beijing-monitoring-archive,False
2019-01-31 15:00:00+08:00,天坛,2.0,4.0,2.0,16.0,0.4,63.0,Quotsoft/Beijing-monitoring-archive,False
2019-01-31 15:00:00+08:00,永定门内,,14.0,6.0,9.0,0.2,65.0,Quotsoft/Beijing-monitoring-archive,False
2019-01-31 16:00:00+08:00,前门,9.0,13.0,5.0,13.0,0.3,59.0,Quotsoft/Beijing-monitoring-archive,False
2019-01-31 16:00:00+08:00,天坛,8.0,13.0,3.0,17.0,0.4,61.0,Quotsoft/Beijing-monitoring-archive,False
2019-01-31 16:00:00+08:00,永定门内,,7.0,8.0,9.0,0.3,64.0,Quotsoft/Beijing-monitoring-archive,False
2019-01-31 17:00:00+08:00,前门,13.0,16.0,6.0,18.0,0.4,48.0,Quotsoft/Beijing-monitoring-archive,False
2019-01-31 17:00:00+08:00,天坛,4.0,19.0,4.0,20.0,0.4,57.0,Quotsoft/Beijing-monitoring-archive,False
2019-01-31 17:00:00+08:00,永定门内,12.0,28.0,9.0,23.0,0.4,47.0,Quotsoft/Beijing-monitoring-archive,False
2019-01-31 18:00:00+08:00,前门,17.0,35.0,6.0,33.0,0.6,31.0,Quotsoft/Beijing-monitoring-archive,False
2019-01-31 18:00:00+08:00,天坛,23.0,40.0,4.0,31.0,0.5,44.0,Quotsoft/Beijing-monitoring-archive,False
2019-01-31 18:00:00+08:00,永定门内,21.0,44.0,8.0,30.0,0.6,39.0,Quotsoft/Beijing-monitoring-archive,False
2019-01-31 19:00:00+08:00,前门,31.0,47.0,8.0,36.0,0.6,26.0,Quotsoft/Beijing-monitoring-archive,False
2019-01-31 19:00:00+08:00,天坛,28.0,58.0,6.0,37.0,0.6,36.0,Quotsoft/Beijing-monitoring-archive,False
2019-01-31 19:00:00+08:00,永定门内,14.0,54.0,11.0,37.0,0.6,27.0,Quotsoft/Beijing-monitoring-archive,False
2019-01-31 20:00:00+08:00,前门,44.0,58.0,10.0,41.0,0.7,22.0,Quotsoft/Beijing-monitoring-archive,False
2019-01-31 20:00:00+08:00,天坛,34.0,62.0,7.0,44.0,0.7,27.0,Quotsoft/Beijing-monitoring-archive,False
2019-01-31 20:00:00+08:00,永定门内,32.0,62.0,13.0,45.0,0.7,18.0,Quotsoft/Beijing-monitoring-archive,False
2019-01-31 21:00:00+08:00,前门,42.0,61.0,11.0,44.0,0.8,19.0,Quotsoft/Beijing-monitoring-archive,False
2019-01-31 21:00:00+08:00,天坛,43.0,57.0,7.0,50.0,0.7,20.0,Quotsoft/Beijing-monitoring-archive,False
2019-01-31 21:00:00+08:00,永定门内,40.0,68.0,13.0,49.0,0.8,14.0,Quotsoft/Beijing-monitoring-archive,False
2019-01-31 22:00:00+08:00,前门,51.0,67.0,11.0,48.0,0.8,15.0,Quotsoft/Beijing-monitoring-archive,False
2019-01-31 22:00:00+08:00,天坛,50.0,71.0,9.0,51.0,0.8,18.0,Quotsoft/Beijing-monitoring-archive,False
2019-01-31 22:00:00+08:00,永定门内,45.0,81.0,14.0,50.0,0.8,11.0,Quotsoft/Beijing-monitoring-archive,False
2019-01-31 23:00:00+08:00,前门,47.0,70.0,12.0,50.0,0.8,13.0,Quotsoft/Beijing-monitoring-archive,False
2019-01-31 23:00:00+08:00,天坛,57.0,83.0,10.0,58.0,0.8,12.0,Quotsoft/Beijing-monitoring-archive,False
2019-01-31 23:00:00+08:00,永定门内,47.0,84.0,16.0,58.0,0.9,2.0,Quotsoft/Beijing-monitoring-archive,False
2019-02-01 00:00:00+08:00,前门,54.0,73.0,12.0,50.0,0.9,9.0,Quotsoft/Beijing-monitoring-archive,False
2019-02-01 00:00:00+08:00,天坛,59.0,83.0,9.0,65.0,0.9,6.0,Quotsoft/Beijing-monitoring-archive,False
2019-02-01 00:00:00+08:00,永定门内,56.0,83.0,14.0,63.0,0.9,2.0,Quotsoft/Beijing-monitoring-archive,False
2019-02-01 01:00:00+08:00,前门,51.0,71.0,11.0,53.0,0.9,7.0,Quotsoft/Beijing-monitoring-archive,False
2019-02-01 01:00:00+08:00,天坛,64.0,81.0,7.0,63.0,0.9,5.0,Quotsoft/Beijing-monitoring-archive,False
2019-02-01 01:00:00+08:00,永定门内,55.0,81.0,14.0,60.0,0.9,2.0,Quotsoft/Beijing-monitoring-archive,False
2019-02-01 02:00:00+08:00,前门,57.0,66.0,11.0,58.0,0.9,5.0,Quotsoft/Beijing-monitoring-archive,False
2019-02-01 02:00:00+08:00,天坛,55.0,75.0,6.0,57.0,0.9,6.0,Quotsoft/Beijing-monitoring-archive,False
2019-02-01 02:00:00+08:00,永定门内,54.0,80.0,12.0,61.0,0.9,2.0,Quotsoft/Beijing-monitoring-archive,False
2019-02-01 03:00:00+08:00,前门,52.0,66.0,10.0,58.0,0.9,3.0,Quotsoft/Beijing-monitoring-archive,False
2019-02-01 03:00:00+08:00,天坛,55.0,71.0,4.0,55.0,0.9,4.0,Quotsoft/Beijing-monitoring-archive,False
2019-02-01 03:00:00+08:00,永定门内,51.0,76.0,10.0,59.0,0.9,2.0,Quotsoft/Beijing-monitoring-archive,False
2019-02-01 04:00:00+08:00,前门,47.0,62.0,11.0,61.0,1.1,3.0,Quotsoft/Beijing-monitoring-archive,False
2019-02-01 04:00:00+08:00,天坛,59.0,66.0,4.0,57.0,0.9,3.0,Quotsoft/Beijing-monitoring-archive,False
2019-02-01 04:00:00+08:00,永定门内,53.0,83.0,8.0,57.0,1.0,2.0,Quotsoft/Beijing-monitoring-archive,False
2019-02-01 05:00:00+08:00,前门,51.0,63.0,10.0,60.0,1.1,3.0,Quotsoft/Beijing-monitoring-archive,False
2019-02-01 05:00:00+08:00,天坛,56.0,68.0,3.0,58.0,1.0,3.0,Quotsoft/Beijing-monitoring-archive,False
2019-02-01 05:00:00+08:00,永定门内,53.0,79.0,8.0,59.0,1.2,2.0,Quotsoft/Beijing-monitoring-archive,False
2019-02-01 06:00:00+08:00,前门,52.0,61.0,10.0,60.0,1.2,3.0,Quotsoft/Beijing-monitoring-archive,False
2019-02-01 06:00:00+08:00,天坛,60.0,70.0,2.0,57.0,1.1,3.0,Quotsoft/Beijing-monitoring-archive,False
2019-02-01 06:00:00+08:00,永定门内,51.0,94.0,8.0,61.0,1.5,2.0,Quotsoft/Beijing-monitoring-archive,False
2019-02-01 07:00:00+08:00,前门,49.0,65.0,11.0,64.0,1.4,3.0,Quotsoft/Beijing-monitoring-archive,False
2019-02-01 07:00:00+08:00,天坛,58.0,78.0,2.0,58.0,1.3,3.0,Quotsoft/Beijing-monitoring-archive,False
2019-02-01 07:00:00+08:00,永定门内,57.0,124.0,9.0,77.0,1.7,2.0,Quotsoft/Beijing-monitoring-archive,False
2019-02-01 08:00:00+08:00,前门,58.0,77.0,12.0,67.0,1.5,3.0,Quotsoft/Beijing-monitoring-archive,False
2019-02-01 08:00:00+08:00,天坛,56.0,113.0,3.0,60.0,1.4,4.0,Quotsoft/Beijing-monitoring-archive,False
2019-02-01 08:00:00+08:00,永定门内,61.0,110.0,11.0,71.0,1.6,2.0,Quotsoft/Beijing-monitoring-archive,False
2019-02-01 09:00:00+08:00,前门,61.0,85.0,12.0,66.0,1.4,4.0,Quotsoft/Beijing-monitoring-archive,False
2019-02-01 09:00:00+08:00,天坛,65.0,105.0,6.0,63.0,1.5,6.0,Quotsoft/Beijing-monitoring-archive,False
2019-02-01 09:00:00+08:00,永定门内,66.0,107.0,13.0,63.0,1.4,2.0,Quotsoft/Beijing-monitoring-archive,False
2019-02-01 10:00:00+08:00,前门,63.0,80.0,12.0,66.0,1.5,8.0,Quotsoft/Beijing-monitoring-archive,False
2019-02-01 10:00:00+08:00,天坛,69.0,99.0,8.0,66.0,1.4,11.0,Quotsoft/Beijing-monitoring-archive,False
2019-02-01 10:00:00+08:00,永定门内,53.0,94.0,13.0,68.0,1.5,2.0,Quotsoft/Beijing-monitoring-archive,False
2019-02-01 11:00:00+08:00,前门,38.0,73.0,11.0,59.0,1.2,16.0,Quotsoft/Beijing-monitoring-archive,False
2019-02-01 11:00:00+08:00,天坛,,108.0,,,1.5,16.0,Quotsoft/Beijing-monitoring-archive,False
2019-02-01 11:00:00+08:00,永定门内,58.0,102.0,13.0,68.0,1.5,13.0,Quotsoft/Beijing-monitoring-archive,False
2019-02-01 12:00:00+08:00,前门,47.0,65.0,10.0,54.0,1.1,24.0,Quotsoft/Beijing-monitoring-archive,False
2019-02-01 12:00:00+08:00,天坛,26.0,84.0,6.0,53.0,1.0,,Quotsoft/Beijing-monitoring-archive,False
2019-02-01 12:00:00+08:00,永定门内,37.0,77.0,11.0,59.0,1.1,27.0,Quotsoft/Beijing-monitoring-archive,False
2019-02-01 13:00:00+08:00,前门,21.0,59.0,9.0,43.0,0.8,37.0,Quotsoft/Beijing-monitoring-archive,False
2019-02-01 13:00:00+08:00,天坛,29.0,86.0,6.0,38.0,0.7,52.0,Quotsoft/Beijing-monitoring-archive,False
2019-02-01 13:00:00+08:00,永定门内,30.0,73.0,10.0,40.0,0.7,50.0,Quotsoft/Beijing-monitoring-archive,False
2019-02-01 14:00:00+08:00,前门,31.0,71.0,9.0,37.0,0.7,43.0,Quotsoft/Beijing-monitoring-archive,False
2019-02-01 14:00:00+08:00,天坛,34.0,84.0,6.0,31.0,0.6,59.0,Quotsoft/Beijing-monitoring-archive,False
2019-02-01 14:00:00+08:00,永定门内,33.0,93.0,12.0,31.0,0.7,57.0,Quotsoft/Beijing-monitoring-archive,False
2019-02-01 15:00:00+08:00,前门,45.0,77.0,10.0,37.0,0.8,46.0,Quotsoft/Beijing-monitoring-archive,False
2019-02-01 15:00:00+08:00,天坛,50.0,101.0,7.0,27.0,0.7,68.0,Quotsoft/Beijing-monitoring-archive,False
2019-02-01 15:00:00+08:00,永定门内,44.0,95.0,13.0,28.0,0.8,63.0,Quotsoft/Beijing-monitoring-archive,False
2019-02-01 16:00:00+08:00,前门,63.0,91.0,11.0,41.0,0.9,48.0,Quotsoft/Beijing-monitoring-archive,False
2019-02-01 16:00:00+08:00,天坛,70.0,119.0,8.0,31.0,0.8,72.0,Quotsoft/Beijing-monitoring-archive,False
2019-02-01 16:00:00+08:00,永定门内,59.0,114.0,14.0,32.0,0.9,66.0,Quotsoft/Beijing-monitoring-archive,False
2019-02-01 17:00:00+08:00,前门,60.0,88.0,11.0,41.0,0.9,49.0,Quotsoft/Beijing-monitoring-archive,False
2019-02-01 17:00:00+08:00,天坛,63.0,113.0,7.0,25.0,0.7,76.0,Quotsoft/Beijing-monitoring-archive,False
2019-02-01 17:00:00+08:00,永定门内,52.0,105.0,13.0,32.0,0.8,66.0,Quotsoft/Beijing-monitoring-archive,False
2019-02-01 18:00:00+08:00,前门,58.0,84.0,11.0,47.0,0.9,40.0,Quotsoft/Beijing-monitoring-archive,False
2019-02-01 18:00:00+08:00,天坛,54.0,92.0,7.0,25.0,0.7,72.0,Quotsoft/Beijing-monitoring-archive,False
2019-02-01 18:00:00+08:00,永定门内,46.0,99.0,13.0,51.0,0.9,46.0,Quotsoft/Beijing-monitoring-archive,False
2019-02-01 19:00:00+08:00,前门,58.0,97.0,11.0,75.0,1.1,13.0,Quotsoft/Beijing-monitoring-archive,False
2019-02-01 19:00:00+08:00,天坛,58.0,90.0,5.0,31.0,0.7,53.0,Quotsoft/Beijing-monitoring-archive,False
2019-02-01 19:00:00+08:00,永定门内,56.0,115.0,13.0,89.0,1.2,3.0,Quotsoft/Beijing-monitoring-archive,False
2019-02-01 20:00:00+08:00,前门,70.0,93.0,11.0,79.0,1.2,8.0,Quotsoft/Beijing-monitoring-archive,False
2019-02-01 20:00:00+08:00,天坛,58.0,87.0,5.0,48.0,0.9,35.0,Quotsoft/Beijing-monitoring-archive,False
2019-02-01 20:00:00+08:00,永定门内,64.0,125.0,13.0,92.0,1.5,2.0,Quotsoft/Beijing-monitoring-archive,False
2019-02-01 21:00:00+08:00,前门,66.0,99.0,13.0,88.0,1.4,4.0,Quotsoft/Beijing-monitoring-archive,False
2019-02-01 21:00:00+08:00,天坛,68.0,89.0,4.0,76.0,1.1,9.0,Quotsoft/Beijing-monitoring-archive,False
2019-02-01 21:00:00+08:00,永定门内,65.0,118.0,12.0,90.0,1.6,2.0,Quotsoft/Beijing-monitoring-archive,False
2019-02-01 22:00:00+08:00,前门,68.0,98.0,13.0,88.0,1.5,3.0,Quotsoft/Beijing-monitoring-archive,False
2019-02-01 22:00:00+08:00,天坛,70.0,97.0,3.0,78.0,1.2,6.0,Quotsoft/Beijing-monitoring-archive,False
2019-02-01 22:00:00+08:00,永定门内,68.0,119.0,11.0,85.0,1.7,2.0,Quotsoft/Beijing-monitoring-archive,False
2019-02-01 23:00:00+08:00,前门,69.0,97.0,13.0,87.0,1.5,3.0,Quotsoft/Beijing-monitoring-archive,False
2019-02-01 23:00:00+08:00,天坛,70.0,108.0,3.0,80.0,1.2,5.0,Quotsoft/Beijing-monitoring-archive,False
2019-02-01 23:00:00+08:00,永定门内,74.0,125.0,11.0,84.0,1.7,1.0,Quotsoft/Beijing-monitoring-archive,False
2019-02-02 00:00:00+08:00,前门,64.0,104.0,14.0,91.0,1.6,3.0,Quotsoft/Beijing-monitoring-archive,False
2019-02-02 00:00:00+08:00,天坛,74.0,103.0,3.0,82.0,1.3,5.0,Quotsoft/Beijing-monitoring-archive,False
2019-02-02 00:00:00+08:00,永定门内,65.0,106.0,10.0,77.0,1.5,1.0,Quotsoft/Beijing-monitoring-archive,False
2019-02-02 01:00:00+08:00,前门,72.0,105.0,18.0,89.0,1.9,3.0,Quotsoft/Beijing-monitoring-archive,False
2019-02-02 01:00:00+08:00,天坛,72.0,102.0,4.0,84.0,1.4,6.0,Quotsoft/Beijing-monitoring-archive,False
2019-02-02 01:00:00+08:00,永定门内,72.0,110.0,10.0,76.0,1.5,1.0,Quotsoft/Beijing-monitoring-archive,False
2019-02-02 02:00:00+08:00,前门,80.0,104.0,18.0,90.0,2.1,3.0,Quotsoft/Beijing-monitoring-archive,False
2019-02-02 02:00:00+08:00,天坛,78.0,106.0,5.0,82.0,1.8,7.0,Quotsoft/Beijing-monitoring-archive,False
2019-02-02 02:00:00+08:00,永定门内,77.0,113.0,15.0,80.0,1.8,2.0,Quotsoft/Beijing-monitoring-archive,False
2019-02-02 03:00:00+08:00,前门,82.0,105.0,16.0,87.0,1.9,3.0,Quotsoft/Beijing-monitoring-archive,False
2019-02-02 03:00:00+08:00,天坛,92.0,101.0,5.0,82.0,2.0,7.0,Quotsoft/Beijing-monitoring-archive,False
2019-02-02 03:00:00+08:00,永定门内,85.0,117.0,17.0,83.0,1.8,2.0,Quotsoft/Beijing-monitoring-archive,False
2019-02-02 04:00:00+08:00,前门,83.0,99.0,13.0,85.0,1.8,,Quotsoft/Beijing-monitoring-archive,False
2019-02-02 04:00:00+08:00,天坛,95.0,102.0,4.0,77.0,1.9,7.0,Quotsoft/Beijing-monitoring-archive,False
2019-02-02 04:00:00+08:00,永定门内,84.0,113.0,14.0,81.0,1.8,,Quotsoft/Beijing-monitoring-archive,False
2019-02-02 05:00:00+08:00,前门,80.0,87.0,10.0,76.0,1.6,4.0,Quotsoft/Beijing-monitoring-archive,False
2019-02-02 05:00:00+08:00,天坛,98.0,104.0,3.0,78.0,1.8,7.0,Quotsoft/Beijing-monitoring-archive,False
2019-02-02 05:00:00+08:00,永定门内,85.0,110.0,13.0,84.0,1.6,2.0,Quotsoft/Beijing-monitoring-archive,False
2019-02-02 06:00:00+08:00,前门,71.0,86.0,10.0,77.0,1.6,4.0,Quotsoft/Beijing-monitoring-archive,False
2019-02-02 06:00:00+08:00,天坛,93.0,102.0,3.0,70.0,1.6,6.0,Quotsoft/Beijing-monitoring-archive,False
2019-02-02 06:00:00+08:00,永定门内,73.0,109.0,12.0,83.0,1.4,2.0,Quotsoft/Beijing-monitoring-archive,False
2019-02-02 07:00:00+08:00,前门,69.0,103.0,10.0,78.0,1.6,4.0,Quotsoft/Beijing-monitoring-archive,False
2019-02-02 07:00:00+08:00,天坛,89.0,104.0,3.0,67.0,1.5,6.0,Quotsoft/Beijing-monitoring-archive,False
2019-02-02 07:00:00+08:00,永定门内,86.0,154.0,10.0,81.0,1.6,2.0,Quotsoft/Beijing-monitoring-archive,False
2019-02-02 08:00:00+08:00,前门,85.0,109.0,8.0,74.0,1.7,4.0,Quotsoft/Beijing-monitoring-archive,False
2019-02-02 08:00:00+08:00,天坛,118.0,190.0,3.0,67.0,1.5,7.0,Quotsoft/Beijing-monitoring-archive,False
2019-02-02 08:00:00+08:00,永定门内,107.0,155.0,8.0,75.0,1.6,2.0,Quotsoft/Beijing-monitoring-archive,False
2019-02-02 09:00:00+08:00,前门,67.0,86.0,15.0,73.0,1.9,5.0,Quotsoft/Beijing-monitoring-archive,False
2019-02-02 09:00:00+08:00,天坛,112.0,146.0,3.0,59.0,1.4,11.0,Quotsoft/Beijing-monitoring-archive,False
2019-02-02 09:00:00+08:00,永定门内,110.0,144.0,9.0,65.0,1.5,2.0,Quotsoft/Beijing-monitoring-archive,False
2019-02-02 10:00:00+08:00,前门,72.0,98.0,15.0,73.0,2.0,8.0,Quotsoft/Beijing-monitoring-archive,False
2019-02-02 10:00:00+08:00,天坛,114.0,129.0,10.0,71.0,1.7,15.0,Quotsoft/Beijing-monitoring-archive,False
2019-02-02 10:00:00+08:00,永定门内,100.0,103.0,15.0,66.0,1.6,4.0,Quotsoft/Beijing-monitoring-archive,False
2019-02-02 11:00:00+08:00,前门,92.0,116.0,15.0,,1.9,,Quotsoft/Beijing-monitoring-archive,False
2019-02-02 11:00:00+08:00,天坛,106.0,140.0,13.0,82.0,2.0,15.0,Quotsoft/Beijing-monitoring-archive,False
2019-02-02 11:00:00+08:00,永定门内,86.0,129.0,18.0,,1.9,7.0,Quotsoft/Beijing-monitoring-archive,False
2019-02-02 12:00:00+08:00,前门,105.0,120.0,13.0,83.0,1.9,13.0,Quotsoft/Beijing-monitoring-archive,False
2019-02-02 12:00:00+08:00,天坛,144.0,158.0,11.0,85.0,1.9,17.0,Quotsoft/Beijing-monitoring-archive,False
2019-02-02 12:00:00+08:00,永定门内,108.0,146.0,17.0,79.0,1.6,17.0,Quotsoft/Beijing-monitoring-archive,False
2019-02-02 13:00:00+08:00,前门,110.0,127.0,13.0,89.0,2.0,12.0,Quotsoft/Beijing-monitoring-archive,False
2019-02-02 13:00:00+08:00,天坛,164.0,177.0,6.0,63.0,1.5,25.0,Quotsoft/Beijing-monitoring-archive,False
2019-02-02 13:00:00+08:00,永定门内,124.0,166.0,12.0,64.0,1.4,21.0,Quotsoft/Beijing-monitoring-archive,False
2019-02-02 14:00:00+08:00,前门,137.0,147.0,11.0,74.0,1.8,19.0,Quotsoft/Beijing-monitoring-archive,False
2019-02-02 14:00:00+08:00,天坛,163.0,167.0,6.0,52.0,1.6,30.0,Quotsoft/Beijing-monitoring-archive,False
2019-02-02 14:00:00+08:00,永定门内,136.0,155.0,11.0,55.0,1.4,24.0,Quotsoft/Beijing-monitoring-archive,False
2019-02-02 15:00:00+08:00,前门,152.0,,9.0,67.0,1.8,21.0,Quotsoft/Beijing-monitoring-archive,False
2019-02-02 15:00:00+08:00,天坛,175.0,,5.0,47.0,1.7,34.0,Quotsoft/Beijing-monitoring-archive,False
2019-02-02 15:00:00+08:00,永定门内,138.0,157.0,9.0,45.0,1.5,30.0,Quotsoft/Beijing-monitoring-archive,False
2019-02-02 16:00:00+08:00,前门,147.0,,8.0,70.0,1.8,23.0,Quotsoft/Beijing-monitoring-archive,False
2019-02-02 16:00:00+08:00,天坛,181.0,,4.0,47.0,1.6,34.0,Quotsoft/Beijing-monitoring-archive,False
2019-02-02 16:00:00+08:00,永定门内,140.0,161.0,10.0,46.0,1.5,28.0,Quotsoft/Beijing-monitoring-archive,False
2019-02-02 17:00:00+08:00,前门,159.0,,5.0,67.0,1.7,21.0,Quotsoft/Beijing-monitoring-archive,False
2019-02-02 17:00:00+08:00,天坛,,103.0,3.0,52.0,1.6,26.0,Quotsoft/Beijing-monitoring-archive,False
2019-02-02 17:00:00+08:00,永定门内,143.0,156.0,7.0,51.0,1.6,20.0,Quotsoft/Beijing-monitoring-archive,False
2019-02-02 18:00:00+08:00,前门,152.0,,4.0,63.0,1.7,15.0,Quotsoft/Beijing-monitoring-archive,False
2019-02-02 18:00:00+08:00,天坛,89.0,,2.0,54.0,1.6,19.0,Quotsoft/Beijing-monitoring-archive,False
2019-02-02 18:00:00+08:00,永定门内,144.0,156.0,6.0,51.0,1.5,12.0,Quotsoft/Beijing-monitoring-archive,False
2019-02-02 19:00:00+08:00,前门,148.0,,3.0,61.0,1.6,13.0,Quotsoft/Beijing-monitoring-archive,False
2019-02-02 19:00:00+08:00,天坛,145.0,,1.0,56.0,1.6,13.0,Quotsoft/Beijing-monitoring-archive,False
2019-02-02 19:00:00+08:00,永定门内,146.0,152.0,6.0,53.0,1.4,8.0,Quotsoft/Beijing-monitoring-archive,False
2019-02-02 20:00:00+08:00,前门,156.0,,3.0,63.0,1.6,11.0,Quotsoft/Beijing-monitoring-archive,False
2019-02-02 20:00:00+08:00,天坛,148.0,,2.0,55.0,1.5,10.0,Quotsoft/Beijing-monitoring-archive,False
2019-02-02 20:00:00+08:00,永定门内,141.0,,6.0,54.0,1.5,5.0,Quotsoft/Beijing-monitoring-archive,False
2019-02-02 21:00:00+08:00,前门,155.0,,2.0,64.0,1.7,6.0,Quotsoft/Beijing-monitoring-archive,False
2019-02-02 21:00:00+08:00,天坛,142.0,,1.0,53.0,1.6,8.0,Quotsoft/Beijing-monitoring-archive,False
2019-02-02 21:00:00+08:00,永定门内,141.0,,5.0,55.0,1.6,2.0,Quotsoft/Beijing-monitoring-archive,False
2019-02-02 22:00:00+08:00,前门,129.0,,2.0,60.0,1.6,9.0,Quotsoft/Beijing-monitoring-archive,False
2019-02-02 22:00:00+08:00,天坛,148.0,,1.0,52.0,1.6,7.0,Quotsoft/Beijing-monitoring-archive,False
2019-02-02 22:00:00+08:00,永定门内,143.0,,5.0,56.0,1.6,2.0,Quotsoft/Beijing-monitoring-archive,False
2019-02-02 23:00:00+08:00,前门,147.0,,2.0,65.0,1.7,6.0,Quotsoft/Beijing-monitoring-archive,False
2019-02-02 23:00:00+08:00,天坛,138.0,,1.0,51.0,1.6,7.0,Quotsoft/Beijing-monitoring-archive,False
2019-02-02 23:00:00+08:00,永定门内,138.0,140.0,5.0,60.0,1.6,2.0,Quotsoft/Beijing-monitoring-archive,False
2019-02-03 00:00:00+08:00,前门,149.0,,2.0,67.0,1.8,5.0,Quotsoft/Beijing-monitoring-archive,False
2019-02-03 00:00:00+08:00,天坛,140.0,,1.0,51.0,1.7,7.0,Quotsoft/Beijing-monitoring-archive,False
2019-02-03 00:00:00+08:00,永定门内,144.0,,5.0,59.0,1.7,2.0,Quotsoft/Beijing-monitoring-archive,False
2019-02-03 01:00:00+08:00,前门,146.0,,2.0,70.0,1.7,5.0,Quotsoft/Beijing-monitoring-archive,False
2019-02-03 01:00:00+08:00,天坛,148.0,,1.0,64.0,1.7,7.0,Quotsoft/Beijing-monitoring-archive,False
2019-02-03 01:00:00+08:00,永定门内,142.0,143.0,5.0,64.0,1.6,1.0,Quotsoft/Beijing-monitoring-archive,False
2019-02-03 02:00:00+08:00,前门,144.0,,2.0,67.0,1.5,9.0,Quotsoft/Beijing-monitoring-archive,False
2019-02-03 02:00:00+08:00,天坛,155.0,,2.0,62.0,1.5,12.0,Quotsoft/Beijing-monitoring-archive,False
2019-02-03 02:00:00+08:00,永定门内,142.0,142.0,5.0,59.0,1.4,9.0,Quotsoft/Beijing-monitoring-archive,False
2019-02-03 03:00:00+08:00,前门,74.0,140.0,2.0,45.0,0.9,30.0,Quotsoft/Beijing-monitoring-archive,False
2019-02-03 03:00:00+08:00,天坛,72.0,160.0,3.0,27.0,0.8,41.0,Quotsoft/Beijing-monitoring-archive,False
2019-02-03 03:00:00+08:00,永定门内,83.0,150.0,6.0,32.0,0.8,34.0,Quotsoft/Beijing-monitoring-archive,False
2019-02-03 04:00:00+08:00,前门,35.0,124.0,3.0,27.0,0.6,43.0,Quotsoft/Beijing-monitoring-archive,False
2019-02-03 04:00:00+08:00,天坛,38.0,168.0,2.0,15.0,0.5,53.0,Quotsoft/Beijing-monitoring-archive,False
2019-02-03 04:00:00+08:00,永定门内,42.0,144.0,6.0,17.0,0.4,50.0,Quotsoft/Beijing-monitoring-archive,False
2019-02-03 05:00:00+08:00,前门,35.0,91.0,3.0,21.0,0.5,47.0,Quotsoft/Beijing-monitoring-archive,False
2019-02-03 05:00:00+08:00,天坛,19.0,130.0,3.0,13.0,0.4,55.0,Quotsoft/Beijing-monitoring-archive,False
2019-02-03 05:00:00+08:00,永定门内,26.0,109.0,5.0,16.0,0.3,52.0,Quotsoft/Beijing-monitoring-archive,False
2019-02-03 06:00:00+08:00,前门,15.0,68.0,3.0,19.0,0.5,49.0,Quotsoft/Beijing-monitoring-archive,False
2019-02-03 06:00:00+08:00,天坛,13.0,101.0,2.0,12.0,0.4,58.0,Quotsoft/Beijing-monitoring-archive,False
2019-02-03 06:00:00+08:00,永定门内,19.0,80.0,6.0,13.0,0.3,57.0,Quotsoft/Beijing-monitoring-archive,False
2019-02-03 07:00:00+08:00,前门,13.0,55.0,3.0,20.0,0.5,47.0,Quotsoft/Beijing-monitoring-archive,False
2019-02-03 07:00:00+08:00,天坛,12.0,75.0,2.0,16.0,0.4,55.0,Quotsoft/Beijing-monitoring-archive,False
2019-02-03 07:00:00+08:00,永定门内,15.0,64.0,5.0,21.0,0.3,49.0,Quotsoft/Beijing-monitoring-archive,False
2019-02-03 08:00:00+08:00,前门,17.0,58.0,2.0,20.0,0.4,48.0,Quotsoft/Beijing-monitoring-archive,False
2019-02-03 08:00:00+08:00,天坛,10.0,85.0,2.0,16.0,0.4,55.0,Quotsoft/Beijing-monitoring-archive,False
2019-02-03 08:00:00+08:00,永定门内,13.0,70.0,4.0,20.0,0.3,52.0,Quotsoft/Beijing-monitoring-archive,False
2019-02-03 09:00:00+08:00,前门,12.0,53.0,2.0,21.0,0.4,46.0,Quotsoft/Beijing-monitoring-archive,False
2019-02-03 09:00:00+08:00,天坛,11.0,77.0,2.0,18.0,0.4,53.0,Quotsoft/Beijing-monitoring-archive,False
2019-02-03 09:00:00+08:00,永定门内,10.0,66.0,5.0,18.0,0.3,54.0,Quotsoft/Beijing-monitoring-archive,False
2019-02-03 10:00:00+08:00,前门,14.0,55.0,2.0,20.0,0.4,45.0,Quotsoft/Beijing-monitoring-archive,False
2019-02-03 10:00:00+08:00,天坛,12.0,77.0,3.0,19.0,0.4,53.0,Quotsoft/Beijing-monitoring-archive,False
2019-02-03 10:00:00+08:00,永定门内,15.0,68.0,5.0,17.0,0.3,55.0,Quotsoft/Beijing-monitoring-archive,False
2019-02-03 11:00:00+08:00,前门,21.0,81.0,2.0,20.0,0.4,48.0,Quotsoft/Beijing-monitoring-archive,False
2019-02-03 11:00:00+08:00,天坛,18.0,94.0,3.0,19.0,0.4,57.0,Quotsoft/Beijing-monitoring-archive,False
2019-02-03 11:00:00+08:00,永定门内,21.0,109.0,4.0,14.0,0.3,63.0,Quotsoft/Beijing-monitoring-archive,False
2019-02-03 12:00:00+08:00,前门,36.0,160.0,2.0,15.0,0.4,57.0,Quotsoft/Beijing-monitoring-archive,False
2019-02-03 12:00:00+08:00,天坛,49.0,186.0,2.0,16.0,0.4,65.0,Quotsoft/Beijing-monitoring-archive,False
2019-02-03 12:00:00+08:00,永定门内,38.0,197.0,4.0,9.0,0.3,72.0,Quotsoft/Beijing-monitoring-archive,False
2019-02-03 13:00:00+08:00,前门,40.0,178.0,2.0,14.0,0.4,63.0,Quotsoft/Beijing-monitoring-archive,False
2019-02-03 13:00:00+08:00,天坛,50.0,225.0,2.0,12.0,0.4,74.0,Quotsoft/Beijing-monitoring-archive,False
2019-02-03 13:00:00+08:00,永定门内,43.0,208.0,5.0,9.0,0.3,77.0,Quotsoft/Beijing-monitoring-archive,False
2019-02-03 14:00:00+08:00,前门,36.0,160.0,3.0,12.0,0.4,66.0,Quotsoft/Beijing-monitoring-archive,False
2019-02-03 14:00:00+08:00,天坛,42.0,210.0,3.0,14.0,0.4,74.0,Quotsoft/Beijing-monitoring-archive,False
2019-02-03 14:00:00+08:00,永定门内,38.0,191.0,6.0,10.0,0.3,78.0,Quotsoft/Beijing-monitoring-archive,False
2019-02-03 15:00:00+08:00,前门,38.0,168.0,5.0,14.0,0.4,66.0,Quotsoft/Beijing-monitoring-archive,False
2019-02-03 15:00:00+08:00,天坛,42.0,207.0,5.0,16.0,0.5,74.0,Quotsoft/Beijing-monitoring-archive,False
2019-02-03 15:00:00+08:00,永定门内,41.0,189.0,8.0,11.0,0.4,77.0,Quotsoft/Beijing-monitoring-archive,False
2019-02-03 16:00:00+08:00,前门,39.0,230.0,3.0,12.0,0.4,68.0,Quotsoft/Beijing-monitoring-archive,False
2019-02-03 16:00:00+08:00,天坛,39.0,275.0,3.0,15.0,0.4,75.0,Quotsoft/Beijing-monitoring-archive,False
2019-02-03 16:00:00+08:00,永定门内,39.0,244.0,6.0,10.0,0.4,79.0,Quotsoft/Beijing-monitoring-archive,False
2019-02-03 17:00:00+08:00,前门,34.0,245.0,2.0,13.0,0.4,66.0,Quotsoft/Beijing-monitoring-archive,False
2019-02-03 17:00:00+08:00,天坛,30.0,357.0,2.0,14.0,0.4,74.0,Quotsoft/Beijing-monitoring-archive,False
2019-02-03 17:00:00+08:00,永定门内,34.0,320.0,4.0,10.0,0.3,77.0,Quotsoft/Beijing-monitoring-archive,False
2019-02-03 18:00:00+08:00,前门,25.0,187.0,1.0,12.0,0.3,66.0,Quotsoft/Beijing-monitoring-archive,False
2019-02-03 18:00:00+08:00,天坛,26.0,283.0,1.0,13.0,0.4,75.0,Quotsoft/Beijing-monitoring-archive,False
2019-02-03 18:00:00+08:00,永定门内,26.0,237.0,3.0,10.0,0.3,77.0,Quotsoft/Beijing-monitoring-archive,False
2019-02-03 19:00:00+08:00,前门,16.0,168.0,1.0,11.0,0.3,67.0,Quotsoft/Beijing-monitoring-archive,False
2019-02-03 19:00:00+08:00,天坛,33.0,232.0,1.0,11.0,0.4,75.0,Quotsoft/Beijing-monitoring-archive,False
2019-02-03 19:00:00+08:00,永定门内,24.0,198.0,3.0,9.0,0.3,77.0,Quotsoft/Beijing-monitoring-archive,False
2019-02-03 20:00:00+08:00,前门,19.0,118.0,1.0,10.0,0.3,65.0,Quotsoft/Beijing-monitoring-archive,False
2019-02-03 20:00:00+08:00,天坛,22.0,166.0,2.0,11.0,0.4,74.0,Quotsoft/Beijing-monitoring-archive,False
2019-02-03 20:00:00+08:00,永定门内,22.0,145.0,2.0,8.0,0.3,76.0,Quotsoft/Beijing-monitoring-archive,False
2019-02-03 21:00:00+08:00,前门,18.0,92.0,1.0,11.0,0.3,63.0,Quotsoft/Beijing-monitoring-archive,False
2019-02-03 21:00:00+08:00,天坛,21.0,134.0,2.0,13.0,0.4,71.0,Quotsoft/Beijing-monitoring-archive,False
2019-02-03 21:00:00+08:00,永定门内,19.0,115.0,3.0,8.0,0.3,74.0,Quotsoft/Beijing-monitoring-archive,False
2019-02-03 22:00:00+08:00,前门,10.0,79.0,1.0,12.0,0.3,60.0,Quotsoft/Beijing-monitoring-archive,False
2019-02-03 22:00:00+08:00,天坛,13.0,112.0,2.0,16.0,0.4,65.0,Quotsoft/Beijing-monitoring-archive,False
2019-02-03 22:00:00+08:00,永定门内,15.0,99.0,3.0,11.0,0.3,70.0,Quotsoft/Beijing-monitoring-archive,False
2019-02-03 23:00:00+08:00,前门,11.0,64.0,2.0,14.0,0.3,55.0,Quotsoft/Beijing-monitoring-archive,False
2019-02-03 23:00:00+08:00,天坛,11.0,92.0,3.0,16.0,0.4,64.0,Quotsoft/Beijing-monitoring-archive,False
2019-02-03 23:00:00+08:00,永定门内,19.0,82.0,4.0,17.0,0.3,61.0,Quotsoft/Beijing-monitoring-archive,False
2019-02-04 00:00:00+08:00,前门,12.0,47.0,1.0,13.0,0.3,55.0,Quotsoft/Beijing-monitoring-archive,False
2019-02-04 00:00:00+08:00,天坛,14.0,59.0,2.0,15.0,0.3,62.0,Quotsoft/Beijing-monitoring-archive,False
2019-02-04 00:00:00+08:00,永定门内,16.0,56.0,3.0,14.0,0.3,63.0,Quotsoft/Beijing-monitoring-archive,False
2019-02-04 01:00:00+08:00,前门,10.0,42.0,3.0,15.0,0.3,50.0,Quotsoft/Beijing-monitoring-archive,False
2019-02-04 01:00:00+08:00,天坛,13.0,48.0,2.0,16.0,0.4,59.0,Quotsoft/Beijing-monitoring-archive,False
2019-02-04 01:00:00+08:00,永定门内,13.0,47.0,2.0,12.0,0.2,60.0,Quotsoft/Beijing-monitoring-archive,False
2019-02-04 02:00:00+08:00,前门,14.0,43.0,3.0,23.0,0.3,39.0,Quotsoft/Beijing-monitoring-archive,False
2019-02-04 02:00:00+08:00,天坛,8.0,46.0,1.0,18.0,0.4,54.0,Quotsoft/Beijing-monitoring-archive,False
2019-02-04 02:00:00+08:00,永定门内,13.0,45.0,7.0,20.0,0.3,47.0,Quotsoft/Beijing-monitoring-archive,False
2019-02-04 03:00:00+08:00,前门,12.0,46.0,3.0,46.0,0.4,23.0,Quotsoft/Beijing-monitoring-archive,False
2019-02-04 03:00:00+08:00,天坛,7.0,44.0,1.0,18.0,0.4,46.0,Quotsoft/Beijing-monitoring-archive,False
2019-02-04 03:00:00+08:00,永定门内,14.0,45.0,6.0,23.0,0.3,38.0,Quotsoft/Beijing-monitoring-archive,False
2019-02-04 04:00:00+08:00,前门,12.0,46.0,4.0,52.0,0.5,,Quotsoft/Beijing-monitoring-archive,False
2019-02-04 04:00:00+08:00,天坛,13.0,34.0,1.0,20.0,0.4,38.0,Quotsoft/Beijing-monitoring-archive,False
2019-02-04 04:00:00+08:00,永定门内,15.0,44.0,6.0,26.0,0.3,,Quotsoft/Beijing-monitoring-archive,False
2019-02-04 05:00:00+08:00,前门,9.0,44.0,3.0,36.0,0.4,22.0,Quotsoft/Beijing-monitoring-archive,False
2019-02-04 05:00:00+08:00,天坛,10.0,38.0,1.0,26.0,0.5,31.0,Quotsoft/Beijing-monitoring-archive,False
2019-02-04 05:00:00+08:00,永定门内,16.0,54.0,6.0,33.0,0.4,16.0,Quotsoft/Beijing-monitoring-archive,False
2019-02-04 06:00:00+08:00,前门,59.0,128.0,3.0,36.0,0.8,15.0,Quotsoft/Beijing-monitoring-archive,False
2019-02-04 06:00:00+08:00,天坛,65.0,166.0,2.0,35.0,1.1,24.0,Quotsoft/Beijing-monitoring-archive,False
2019-02-04 06:00:00+08:00,永定门内,61.0,161.0,6.0,36.0,0.9,12.0,Quotsoft/Beijing-monitoring-archive,False
2019-02-04 07:00:00+08:00,前门,71.0,120.0,3.0,35.0,0.9,14.0,Quotsoft/Beijing-monitoring-archive,False
2019-02-04 07:00:00+08:00,天坛,65.0,137.0,1.0,35.0,1.0,23.0,Quotsoft/Beijing-monitoring-archive,False
2019-02-04 07:00:00+08:00,永定门内,67.0,133.0,6.0,38.0,1.0,10.0,Quotsoft/Beijing-monitoring-archive,False
2019-02-04 08:00:00+08:00,前门,54.0,88.0,3.0,37.0,1.0,13.0,Quotsoft/Beijing-monitoring-archive,False
2019-02-04 08:00:00+08:00,天坛,48.0,99.0,1.0,37.0,1.1,21.0,Quotsoft/Beijing-monitoring-archive,False
2019-02-04 08:00:00+08:00,永定门内,56.0,100.0,7.0,39.0,1.0,9.0,Quotsoft/Beijing-monitoring-archive,False
2019-02-04 09:00:00+08:00,前门,52.0,76.0,3.0,37.0,1.1,16.0,Quotsoft/Beijing-monitoring-archive,False
2019-02-04 09:00:00+08:00,天坛,51.0,84.0,2.0,35.0,1.2,25.0,Quotsoft/Beijing-monitoring-archive,False
2019-02-04 09:00:00+08:00,永定门内,46.0,82.0,8.0,38.0,1.1,14.0,Quotsoft/Beijing-monitoring-archive,False
2019-02-04 10:00:00+08:00,前门,48.0,69.0,6.0,35.0,1.1,22.0,Quotsoft/Beijing-monitoring-archive,False
2019-02-04 10:00:00+08:00,天坛,44.0,83.0,5.0,29.0,1.2,35.0,Quotsoft/Beijing-monitoring-archive,False
2019-02-04 10:00:00+08:00,永定门内,47.0,81.0,10.0,32.0,1.2,22.0,Quotsoft/Beijing-monitoring-archive,False
2019-02-04 11:00:00+08:00,前门,46.0,71.0,7.0,33.0,1.2,29.0,Quotsoft/Beijing-monitoring-archive,False
2019-02-04 11:00:00+08:00,天坛,40.0,89.0,6.0,27.0,1.1,43.0,Quotsoft/Beijing-monitoring-archive,False
2019-02-04 11:00:00+08:00,永定门内,43.0,83.0,11.0,28.0,1.1,33.0,Quotsoft/Beijing-monitoring-archive,False
2019-02-04 12:00:00+08:00,前门,43.0,72.0,9.0,28.0,1.0,39.0,Quotsoft/Beijing-monitoring-archive,False
2019-02-04 12:00:00+08:00,天坛,49.0,88.0,7.0,25.0,1.0,52.0,Quotsoft/Beijing-monitoring-archive,False
2019-02-04 12:00:00+08:00,永定门内,41.0,89.0,12.0,23.0,0.9,46.0,Quotsoft/Beijing-monitoring-archive,False
2019-02-04 13:00:00+08:00,前门,43.0,81.0,9.0,28.0,1.1,45.0,Quotsoft/Beijing-monitoring-archive,False
2019-02-04 13:00:00+08:00,天坛,47.0,90.0,7.0,21.0,0.9,63.0,Quotsoft/Beijing-monitoring-archive,False
2019-02-04 13:00:00+08:00,永定门内,40.0,92.0,13.0,19.0,0.9,56.0,Quotsoft/Beijing-monitoring-archive,False
2019-02-04 14:00:00+08:00,前门,47.0,84.0,10.0,26.0,1.0,50.0,Quotsoft/Beijing-monitoring-archive,False
2019-02-04 14:00:00+08:00,天坛,47.0,87.0,8.0,19.0,0.9,70.0,Quotsoft/Beijing-monitoring-archive,False
2019-02-04 14:00:00+08:00,永定门内,44.0,100.0,16.0,18.0,0.9,60.0,Quotsoft/Beijing-monitoring-archive,False
2019-02-04 15:00:00+08:00,前门,51.0,93.0,10.0,23.0,0.9,57.0,Quotsoft/Beijing-monitoring-archive,False
2019-02-04 15:00:00+08:00,天坛,41.0,107.0,8.0,21.0,0.9,72.0,Quotsoft/Beijing-monitoring-archive,False
2019-02-04 15:00:00+08:00,永定门内,46.0,112.0,16.0,19.0,0.9,64.0,Quotsoft/Beijing-monitoring-archive,False
2019-02-04 16:00:00+08:00,前门,46.0,97.0,10.0,26.0,0.9,57.0,Quotsoft/Beijing-monitoring-archive,False
2019-02-04 16:00:00+08:00,天坛,48.0,115.0,9.0,21.0,0.9,75.0,Quotsoft/Beijing-monitoring-archive,False
2019-02-04 16:00:00+08:00,永定门内,49.0,115.0,15.0,22.0,0.9,65.0,Quotsoft/Beijing-monitoring-archive,False
2019-02-04 17:00:00+08:00,前门,56.0,105.0,9.0,31.0,1.1,51.0,Quotsoft/Beijing-monitoring-archive,False
2019-02-04 17:00:00+08:00,天坛,56.0,120.0,8.0,29.0,1.1,67.0,Quotsoft/Beijing-monitoring-archive,False
2019-02-04 17:00:00+08:00,永定门内,51.0,114.0,15.0,26.0,1.0,60.0,Quotsoft/Beijing-monitoring-archive,False
2019-02-04 18:00:00+08:00,前门,68.0,111.0,8.0,39.0,1.2,42.0,Quotsoft/Beijing-monitoring-archive,False
2019-02-04 18:00:00+08:00,天坛,61.0,117.0,4.0,33.0,1.2,53.0,Quotsoft/Beijing-monitoring-archive,False
2019-02-04 18:00:00+08:00,永定门内,60.0,127.0,13.0,38.0,1.2,46.0,Quotsoft/Beijing-monitoring-archive,False
2019-02-04 19:00:00+08:00,前门,73.0,115.0,7.0,42.0,1.3,36.0,Quotsoft/Beijing-monitoring-archive,False
2019-02-04 19:00:00+08:00,天坛,61.0,116.0,2.0,38.0,1.3,39.0,Quotsoft/Beijing-monitoring-archive,False
2019-02-04 19:00:00+08:00,永定门内,68.0,130.0,11.0,53.0,1.3,26.0,Quotsoft/Beijing-monitoring-archive,False
2019-02-04 20:00:00+08:00,前门,74.0,117.0,6.0,37.0,1.3,39.0,Quotsoft/Beijing-monitoring-archive,False
2019-02-04 20:00:00+08:00,天坛,82.0,131.0,4.0,41.0,1.3,43.0,Quotsoft/Beijing-monitoring-archive,False
2019-02-04 20:00:00+08:00,永定门内,80.0,134.0,10.0,56.0,1.3,23.0,Quotsoft/Beijing-monitoring-archive,False
2019-02-04 21:00:00+08:00,前门,,,,,,,Quotsoft/Beijing-monitoring-archive,False
2019-02-04 21:00:00+08:00,天坛,,,,,,,Quotsoft/Beijing-monitoring-archive,False
2019-02-04 21:00:00+08:00,永定门内,,,,,,,Quotsoft/Beijing-monitoring-archive,False
2019-02-04 22:00:00+08:00,前门,,,,,,,Quotsoft/Beijing-monitoring-archive,False
2019-02-04 22:00:00+08:00,天坛,,,,,,,Quotsoft/Beijing-monitoring-archive,False
2019-02-04 22:00:00+08:00,永定门内,,,,,,,Quotsoft/Beijing-monitoring-archive,False
2019-02-04 23:00:00+08:00,前门,69.0,109.0,6.0,53.0,1.2,21.0,Quotsoft/Beijing-monitoring-archive,False
2019-02-04 23:00:00+08:00,天坛,70.0,123.0,4.0,48.0,1.2,32.0,Quotsoft/Beijing-monitoring-archive,False
2019-02-04 23:00:00+08:00,永定门内,72.0,124.0,11.0,66.0,1.2,8.0,Quotsoft/Beijing-monitoring-archive,False
2019-02-05 00:00:00+08:00,前门,,,,,,,Quotsoft/Beijing-monitoring-archive,False
2019-02-05 00:00:00+08:00,天坛,,,,,,,Quotsoft/Beijing-monitoring-archive,False
2019-02-05 00:00:00+08:00,永定门内,,,,,,,Quotsoft/Beijing-monitoring-archive,False
2019-02-05 01:00:00+08:00,前门,,,,,,,Quotsoft/Beijing-monitoring-archive,False
2019-02-05 01:00:00+08:00,天坛,,,,,,,Quotsoft/Beijing-monitoring-archive,False
2019-02-05 01:00:00+08:00,永定门内,,,,,,,Quotsoft/Beijing-monitoring-archive,False
2019-02-05 02:00:00+08:00,前门,89.0,123.0,5.0,35.0,1.0,29.0,Quotsoft/Beijing-monitoring-archive,False
2019-02-05 02:00:00+08:00,天坛,69.0,114.0,3.0,35.0,0.9,30.0,Quotsoft/Beijing-monitoring-archive,False
2019-02-05 02:00:00+08:00,永定门内,79.0,132.0,9.0,36.0,0.9,25.0,Quotsoft/Beijing-monitoring-archive,False
2019-02-05 03:00:00+08:00,前门,97.0,142.0,4.0,34.0,1.0,26.0,Quotsoft/Beijing-monitoring-archive,False
2019-02-05 03:00:00+08:00,天坛,79.0,116.0,2.0,34.0,1.0,25.0,Quotsoft/Beijing-monitoring-archive,False
2019-02-05 03:00:00+08:00,永定门内,88.0,140.0,8.0,37.0,0.9,20.0,Quotsoft/Beijing-monitoring-archive,False
2019-02-05 04:00:00+08:00,前门,130.0,170.0,5.0,35.0,1.0,24.0,Quotsoft/Beijing-monitoring-archive,False
2019-02-05 04:00:00+08:00,天坛,99.0,127.0,2.0,36.0,1.0,20.0,Quotsoft/Beijing-monitoring-archive,False
2019-02-05 04:00:00+08:00,永定门内,117.0,174.0,9.0,32.0,0.9,23.0,Quotsoft/Beijing-monitoring-archive,False
2019-02-05 05:00:00+08:00,前门,141.0,178.0,5.0,34.0,0.9,24.0,Quotsoft/Beijing-monitoring-archive,False
2019-02-05 05:00:00+08:00,天坛,129.0,186.0,5.0,34.0,0.9,30.0,Quotsoft/Beijing-monitoring-archive,False
2019-02-05 05:00:00+08:00,永定门内,135.0,196.0,11.0,33.0,0.8,23.0,Quotsoft/Beijing-monitoring-archive,False
2019-02-05 06:00:00+08:00,前门,135.0,171.0,5.0,38.0,1.1,20.0,Quotsoft/Beijing-monitoring-archive,False
2019-02-05 06:00:00+08:00,天坛,125.0,183.0,4.0,31.0,0.9,30.0,Quotsoft/Beijing-monitoring-archive,False
2019-02-05 06:00:00+08:00,永定门内,130.0,186.0,9.0,38.0,0.9,17.0,Quotsoft/Beijing-monitoring-archive,False
2019-02-05 07:00:00+08:00,前门,133.0,168.0,6.0,43.0,1.1,16.0,Quotsoft/Beijing-monitoring-archive,False
2019-02-05 07:00:00+08:00,天坛,111.0,175.0,6.0,38.0,1.0,28.0,Quotsoft/Beijing-monitoring-archive,False
2019-02-05 07:00:00+08:00,永定门内,125.0,182.0,12.0,51.0,1.0,9.0,Quotsoft/Beijing-monitoring-archive,False
2019-02-05 08:00:00+08:00,前门,132.0,177.0,8.0,42.0,1.1,18.0,Quotsoft/Beijing-monitoring-archive,False
2019-02-05 08:00:00+08:00,天坛,130.0,202.0,10.0,49.0,1.2,20.0,Quotsoft/Beijing-monitoring-archive,False
2019-02-05 08:00:00+08:00,永定门内,129.0,189.0,16.0,49.0,1.1,12.0,Quotsoft/Beijing-monitoring-archive,False
2019-02-05 09:00:00+08:00,前门,89.0,123.0,12.0,40.0,0.9,23.0,Quotsoft/Beijing-monitoring-archive,False
2019-02-05 09:00:00+08:00,天坛,97.0,164.0,12.0,39.0,0.9,29.0,Quotsoft/Beijing-monitoring-archive,False
2019-02-05 09:00:00+08:00,永定门内,101.0,155.0,21.0,48.0,1.0,12.0,Quotsoft/Beijing-monitoring-archive,False
2019-02-05 10:00:00+08:00,前门,53.0,94.0,11.0,32.0,0.8,33.0,Quotsoft/Beijing-monitoring-archive,False
2019-02-05 10:00:00+08:00,天坛,55.0,111.0,12.0,34.0,0.8,39.0,Quotsoft/Beijing-monitoring-archive,False
2019-02-05 10:00:00+08:00,永定门内,59.0,111.0,21.0,34.0,0.7,33.0,Quotsoft/Beijing-monitoring-archive,False
2019-02-05 11:00:00+08:00,前门,54.0,98.0,11.0,34.0,0.8,35.0,Quotsoft/Beijing-monitoring-archive,False
2019-02-05 11:00:00+08:00,天坛,55.0,117.0,11.0,32.0,0.8,44.0,Quotsoft/Beijing-monitoring-archive,False
2019-02-05 11:00:00+08:00,永定门内,54.0,110.0,19.0,31.0,0.8,39.0,Quotsoft/Beijing-monitoring-archive,False
2019-02-05 12:00:00+08:00,前门,78.0,153.0,14.0,37.0,1.1,35.0,Quotsoft/Beijing-monitoring-archive,False
2019-02-05 12:00:00+08:00,天坛,103.0,171.0,15.0,32.0,1.2,49.0,Quotsoft/Beijing-monitoring-archive,False
2019-02-05 12:00:00+08:00,永定门内,107.0,202.0,22.0,33.0,1.2,41.0,Quotsoft/Beijing-monitoring-archive,False
2019-02-05 13:00:00+08:00,前门,124.0,194.0,13.0,31.0,1.2,44.0,Quotsoft/Beijing-monitoring-archive,False
2019-02-05 13:00:00+08:00,天坛,111.0,223.0,9.0,19.0,1.1,61.0,Quotsoft/Beijing-monitoring-archive,False
2019-02-05 13:00:00+08:00,永定门内,110.0,208.0,15.0,21.0,1.0,52.0,Quotsoft/Beijing-monitoring-archive,False
2019-02-05 14:00:00+08:00,前门,102.0,230.0,8.0,31.0,0.9,34.0,Quotsoft/Beijing-monitoring-archive,False
2019-02-05 14:00:00+08:00,天坛,93.0,247.0,5.0,19.0,0.8,49.0,Quotsoft/Beijing-monitoring-archive,False
2019-02-05 14:00:00+08:00,永定门内,93.0,259.0,12.0,21.0,0.8,40.0,Quotsoft/Beijing-monitoring-archive,False
2019-02-05 15:00:00+08:00,前门,89.0,273.0,7.0,28.0,1.0,34.0,Quotsoft/Beijing-monitoring-archive,False
2019-02-05 15:00:00+08:00,天坛,91.0,320.0,6.0,22.0,1.0,45.0,Quotsoft/Beijing-monitoring-archive,False
2019-02-05 15:00:00+08:00,永定门内,90.0,322.0,12.0,24.0,0.9,36.0,Quotsoft/Beijing-monitoring-archive,False
2019-02-05 16:00:00+08:00,前门,79.0,285.0,8.0,26.0,0.9,36.0,Quotsoft/Beijing-monitoring-archive,False
2019-02-05 16:00:00+08:00,天坛,83.0,348.0,5.0,18.0,0.8,50.0,Quotsoft/Beijing-monitoring-archive,False
2019-02-05 16:00:00+08:00,永定门内,80.0,335.0,11.0,18.0,0.7,41.0,Quotsoft/Beijing-monitoring-archive,False
2019-02-05 17:00:00+08:00,前门,79.0,259.0,7.0,27.0,0.9,32.0,Quotsoft/Beijing-monitoring-archive,False
2019-02-05 17:00:00+08:00,天坛,71.0,322.0,5.0,20.0,0.8,46.0,Quotsoft/Beijing-monitoring-archive,False
2019-02-05 17:00:00+08:00,永定门内,73.0,303.0,10.0,21.0,0.7,37.0,Quotsoft/Beijing-monitoring-archive,False
2019-02-05 18:00:00+08:00,前门,76.0,240.0,6.0,29.0,0.9,29.0,Quotsoft/Beijing-monitoring-archive,False
2019-02-05 18:00:00+08:00,天坛,65.0,285.0,4.0,22.0,0.8,42.0,Quotsoft/Beijing-monitoring-archive,False
2019-02-05 18:00:00+08:00,永定门内,69.0,271.0,11.0,25.0,0.7,31.0,Quotsoft/Beijing-monitoring-archive,False
2019-02-05 19:00:00+08:00,前门,66.0,209.0,5.0,29.0,0.8,27.0,Quotsoft/Beijing-monitoring-archive,False
2019-02-05 19:00:00+08:00,天坛,59.0,241.0,4.0,22.0,0.7,40.0,Quotsoft/Beijing-monitoring-archive,False
2019-02-05 19:00:00+08:00,永定门内,62.0,223.0,10.0,32.0,0.6,23.0,Quotsoft/Beijing-monitoring-archive,False
2019-02-05 20:00:00+08:00,前门,61.0,179.0,5.0,31.0,0.7,25.0,Quotsoft/Beijing-monitoring-archive,False
2019-02-05 20:00:00+08:00,天坛,58.0,192.0,3.0,22.0,0.7,38.0,Quotsoft/Beijing-monitoring-archive,False
2019-02-05 20:00:00+08:00,永定门内,59.0,198.0,10.0,31.0,0.6,24.0,Quotsoft/Beijing-monitoring-archive,False
2019-02-05 21:00:00+08:00,前门,62.0,164.0,5.0,31.0,0.7,25.0,Quotsoft/Beijing-monitoring-archive,False
2019-02-05 21:00:00+08:00,天坛,59.0,184.0,3.0,27.0,0.6,33.0,Quotsoft/Beijing-monitoring-archive,False
2019-02-05 21:00:00+08:00,永定门内,61.0,188.0,9.0,28.0,0.6,25.0,Quotsoft/Beijing-monitoring-archive,False
2019-02-05 22:00:00+08:00,前门,59.0,154.0,5.0,35.0,0.7,19.0,Quotsoft/Beijing-monitoring-archive,False
2019-02-05 22:00:00+08:00,天坛,59.0,172.0,4.0,26.0,0.7,33.0,Quotsoft/Beijing-monitoring-archive,False
2019-02-05 22:00:00+08:00,永定门内,61.0,173.0,11.0,28.0,0.6,24.0,Quotsoft/Beijing-monitoring-archive,False
2019-02-05 23:00:00+08:00,前门,67.0,147.0,5.0,40.0,0.8,15.0,Quotsoft/Beijing-monitoring-archive,False
2019-02-05 23:00:00+08:00,天坛,66.0,171.0,5.0,28.0,0.8,33.0,Quotsoft/Beijing-monitoring-archive,False
2019-02-05 23:00:00+08:00,永定门内,64.0,159.0,11.0,29.0,0.7,24.0,Quotsoft/Beijing-monitoring-archive,False
2019-02-06 00:00:00+08:00,前门,64.0,131.0,5.0,35.0,0.8,19.0,Quotsoft/Beijing-monitoring-archive,False
2019-02-06 00:00:00+08:00,天坛,69.0,152.0,5.0,29.0,0.8,31.0,Quotsoft/Beijing-monitoring-archive,False
2019-02-06 00:00:00+08:00,永定门内,68.0,144.0,11.0,26.0,0.7,25.0,Quotsoft/Beijing-monitoring-archive,False
2019-02-06 01:00:00+08:00,前门,65.0,136.0,6.0,34.0,0.9,19.0,Quotsoft/Beijing-monitoring-archive,False
2019-02-06 01:00:00+08:00,天坛,71.0,156.0,5.0,25.0,1.0,34.0,Quotsoft/Beijing-monitoring-archive,False
2019-02-06 01:00:00+08:00,永定门内,72.0,156.0,12.0,23.0,0.9,25.0,Quotsoft/Beijing-monitoring-archive,False
2019-02-06 02:00:00+08:00,前门,83.0,131.0,4.0,27.0,1.0,25.0,Quotsoft/Beijing-monitoring-archive,False
2019-02-06 02:00:00+08:00,天坛,75.0,154.0,6.0,21.0,1.1,37.0,Quotsoft/Beijing-monitoring-archive,False
2019-02-06 02:00:00+08:00,永定门内,73.0,142.0,8.0,19.0,1.0,26.0,Quotsoft/Beijing-monitoring-archive,False
2019-02-06 03:00:00+08:00,前门,65.0,114.0,4.0,25.0,1.0,29.0,Quotsoft/Beijing-monitoring-archive,False
2019-02-06 03:00:00+08:00,天坛,72.0,130.0,8.0,21.0,1.1,40.0,Quotsoft/Beijing-monitoring-archive,False
2019-02-06 03:00:00+08:00,永定门内,75.0,124.0,8.0,18.0,0.9,30.0,Quotsoft/Beijing-monitoring-archive,False
2019-02-06 04:00:00+08:00,前门,65.0,96.0,7.0,28.0,1.2,,Quotsoft/Beijing-monitoring-archive,False
2019-02-06 04:00:00+08:00,天坛,63.0,110.0,11.0,24.0,1.2,35.0,Quotsoft/Beijing-monitoring-archive,False
2019-02-06 04:00:00+08:00,永定门内,67.0,104.0,12.0,21.0,1.1,,Quotsoft/Beijing-monitoring-archive,False
2019-02-06 05:00:00+08:00,前门,74.0,93.0,10.0,34.0,1.6,15.0,Quotsoft/Beijing-monitoring-archive,False
2019-02-06 05:00:00+08:00,天坛,59.0,105.0,17.0,32.0,1.6,28.0,Quotsoft/Beijing-monitoring-archive,False
2019-02-06 05:00:00+08:00,永定门内,66.0,99.0,19.0,28.0,1.5,19.0,Quotsoft/Beijing-monitoring-archive,False
2019-02-06 06:00:00+08:00,前门,67.0,94.0,13.0,34.0,1.8,17.0,Quotsoft/Beijing-monitoring-archive,False
2019-02-06 06:00:00+08:00,天坛,66.0,110.0,22.0,32.0,1.8,28.0,Quotsoft/Beijing-monitoring-archive,False
2019-02-06 06:00:00+08:00,永定门内,67.0,101.0,23.0,32.0,1.6,17.0,Quotsoft/Beijing-monitoring-archive,False
2019-02-06 07:00:00+08:00,前门,61.0,88.0,12.0,42.0,1.5,14.0,Quotsoft/Beijing-monitoring-archive,False
2019-02-06 07:00:00+08:00,天坛,66.0,89.0,18.0,28.0,1.5,32.0,Quotsoft/Beijing-monitoring-archive,False
2019-02-06 07:00:00+08:00,永定门内,61.0,91.0,20.0,35.0,1.3,21.0,Quotsoft/Beijing-monitoring-archive,False
2019-02-06 08:00:00+08:00,前门,47.0,73.0,13.0,42.0,1.5,17.0,Quotsoft/Beijing-monitoring-archive,False
2019-02-06 08:00:00+08:00,天坛,46.0,80.0,18.0,25.0,1.3,37.0,Quotsoft/Beijing-monitoring-archive,False
2019-02-06 08:00:00+08:00,永定门内,51.0,77.0,21.0,30.0,1.2,24.0,Quotsoft/Beijing-monitoring-archive,False
2019-02-06 09:00:00+08:00,前门,43.0,70.0,13.0,44.0,1.4,18.0,Quotsoft/Beijing-monitoring-archive,False
2019-02-06 09:00:00+08:00,天坛,37.0,84.0,19.0,24.0,1.3,40.0,Quotsoft/Beijing-monitoring-archive,False
2019-02-06 09:00:00+08:00,永定门内,48.0,77.0,22.0,29.0,1.2,28.0,Quotsoft/Beijing-monitoring-archive,False
2019-02-06 10:00:00+08:00,前门,41.0,65.0,12.0,33.0,1.3,25.0,Quotsoft/Beijing-monitoring-archive,False
2019-02-06 10:00:00+08:00,天坛,40.0,75.0,18.0,23.0,1.2,43.0,Quotsoft/Beijing-monitoring-archive,False
2019-02-06 10:00:00+08:00,永定门内,43.0,72.0,19.0,27.0,1.1,29.0,Quotsoft/Beijing-monitoring-archive,False
2019-02-06 11:00:00+08:00,前门,45.0,62.0,13.0,30.0,1.2,29.0,Quotsoft/Beijing-monitoring-archive,False
2019-02-06 11:00:00+08:00,天坛,43.0,73.0,18.0,22.0,1.1,46.0,Quotsoft/Beijing-monitoring-archive,False
2019-02-06 11:00:00+08:00,永定门内,46.0,68.0,19.0,30.0,1.0,30.0,Quotsoft/Beijing-monitoring-archive,False
2019-02-06 12:00:00+08:00,前门,52.0,64.0,13.0,28.0,1.2,33.0,Quotsoft/Beijing-monitoring-archive,False
2019-02-06 12:00:00+08:00,天坛,42.0,73.0,18.0,22.0,1.1,49.0,Quotsoft/Beijing-monitoring-archive,False
2019-02-06 12:00:00+08:00,永定门内,42.0,63.0,19.0,28.0,1.0,34.0,Quotsoft/Beijing-monitoring-archive,False
2019-02-06 13:00:00+08:00,前门,54.0,67.0,14.0,33.0,1.2,31.0,Quotsoft/Beijing-monitoring-archive,False
2019-02-06 13:00:00+08:00,天坛,44.0,73.0,18.0,23.0,1.2,50.0,Quotsoft/Beijing-monitoring-archive,False
2019-02-06 13:00:00+08:00,永定门内,46.0,68.0,20.0,26.0,1.0,36.0,Quotsoft/Beijing-monitoring-archive,False
2019-02-06 14:00:00+08:00,前门,56.0,71.0,15.0,33.0,1.3,34.0,Quotsoft/Beijing-monitoring-archive,False
2019-02-06 14:00:00+08:00,天坛,50.0,84.0,19.0,25.0,1.3,50.0,Quotsoft/Beijing-monitoring-archive,False
2019-02-06 14:00:00+08:00,永定门内,51.0,79.0,21.0,25.0,1.1,39.0,Quotsoft/Beijing-monitoring-archive,False
2019-02-06 15:00:00+08:00,前门,,,,,,,Quotsoft/Beijing-monitoring-archive,False
2019-02-06 15:00:00+08:00,天坛,,,,,,,Quotsoft/Beijing-monitoring-archive,False
2019-02-06 15:00:00+08:00,永定门内,,,,,,,Quotsoft/Beijing-monitoring-archive,False
2019-02-06 16:00:00+08:00,前门,65.0,88.0,14.0,35.0,1.4,33.0,Quotsoft/Beijing-monitoring-archive,False
2019-02-06 16:00:00+08:00,天坛,61.0,96.0,18.0,29.0,1.4,50.0,Quotsoft/Beijing-monitoring-archive,False
2019-02-06 16:00:00+08:00,永定门内,63.0,92.0,20.0,32.0,1.2,37.0,Quotsoft/Beijing-monitoring-archive,False
2019-02-06 17:00:00+08:00,前门,61.0,84.0,11.0,35.0,1.4,32.0,Quotsoft/Beijing-monitoring-archive,False
2019-02-06 17:00:00+08:00,天坛,56.0,98.0,14.0,27.0,1.3,52.0,Quotsoft/Beijing-monitoring-archive,False
2019-02-06 17:00:00+08:00,永定门内,64.0,88.0,16.0,34.0,1.2,37.0,Quotsoft/Beijing-monitoring-archive,False
2019-02-06 18:00:00+08:00,前门,70.0,89.0,9.0,40.0,1.4,27.0,Quotsoft/Beijing-monitoring-archive,False
2019-02-06 18:00:00+08:00,天坛,61.0,99.0,11.0,28.0,1.2,46.0,Quotsoft/Beijing-monitoring-archive,False
2019-02-06 18:00:00+08:00,永定门内,64.0,93.0,13.0,39.0,1.1,31.0,Quotsoft/Beijing-monitoring-archive,False
2019-02-06 19:00:00+08:00,前门,71.0,91.0,8.0,42.0,1.4,24.0,Quotsoft/Beijing-monitoring-archive,False
2019-02-06 19:00:00+08:00,天坛,59.0,96.0,8.0,28.0,1.2,38.0,Quotsoft/Beijing-monitoring-archive,False
2019-02-06 19:00:00+08:00,永定门内,64.0,93.0,13.0,39.0,1.2,27.0,Quotsoft/Beijing-monitoring-archive,False
2019-02-06 20:00:00+08:00,前门,61.0,118.0,8.0,38.0,1.4,27.0,Quotsoft/Beijing-monitoring-archive,False
2019-02-06 20:00:00+08:00,天坛,78.0,130.0,12.0,36.0,1.4,38.0,Quotsoft/Beijing-monitoring-archive,False
2019-02-06 20:00:00+08:00,永定门内,73.0,132.0,13.0,40.0,1.3,27.0,Quotsoft/Beijing-monitoring-archive,False
2019-02-06 21:00:00+08:00,前门,12.0,21.0,1.0,16.0,0.6,51.0,Quotsoft/Beijing-monitoring-archive,False
2019-02-06 21:00:00+08:00,天坛,14.0,97.0,4.0,12.0,0.4,69.0,Quotsoft/Beijing-monitoring-archive,False
2019-02-06 21:00:00+08:00,永定门内,22.0,30.0,3.0,10.0,0.3,62.0,Quotsoft/Beijing-monitoring-archive,False
2019-02-06 22:00:00+08:00,前门,11.0,,1.0,11.0,0.5,57.0,Quotsoft/Beijing-monitoring-archive,False
2019-02-06 22:00:00+08:00,天坛,3.0,10.0,3.0,9.0,0.4,74.0,Quotsoft/Beijing-monitoring-archive,False
2019-02-06 22:00:00+08:00,永定门内,8.0,,3.0,10.0,0.2,65.0,Quotsoft/Beijing-monitoring-archive,False
2019-02-06 23:00:00+08:00,前门,7.0,28.0,3.0,9.0,0.4,58.0,Quotsoft/Beijing-monitoring-archive,False
2019-02-06 23:00:00+08:00,天坛,8.0,35.0,2.0,9.0,0.4,73.0,Quotsoft/Beijing-monitoring-archive,False
2019-02-06 23:00:00+08:00,永定门内,9.0,28.0,2.0,9.0,0.2,66.0,Quotsoft/Beijing-monitoring-archive,False
2019-02-07 00:00:00+08:00,前门,5.0,40.0,3.0,7.0,0.4,56.0,Quotsoft/Beijing-monitoring-archive,False
2019-02-07 00:00:00+08:00,天坛,6.0,55.0,3.0,8.0,0.4,71.0,Quotsoft/Beijing-monitoring-archive,False
2019-02-07 00:00:00+08:00,永定门内,12.0,50.0,3.0,7.0,0.2,65.0,Quotsoft/Beijing-monitoring-archive,False
2019-02-07 01:00:00+08:00,前门,8.0,27.0,3.0,5.0,0.3,57.0,Quotsoft/Beijing-monitoring-archive,False
2019-02-07 01:00:00+08:00,天坛,4.0,65.0,2.0,6.0,0.4,72.0,Quotsoft/Beijing-monitoring-archive,False
2019-02-07 01:00:00+08:00,永定门内,8.0,37.0,1.0,6.0,0.2,66.0,Quotsoft/Beijing-monitoring-archive,False
2019-02-07 02:00:00+08:00,前门,11.0,13.0,3.0,4.0,0.3,57.0,Quotsoft/Beijing-monitoring-archive,False
2019-02-07 02:00:00+08:00,天坛,4.0,40.0,2.0,5.0,0.4,72.0,Quotsoft/Beijing-monitoring-archive,False
2019-02-07 02:00:00+08:00,永定门内,4.0,13.0,3.0,4.0,0.2,68.0,Quotsoft/Beijing-monitoring-archive,False
2019-02-07 03:00:00+08:00,前门,4.0,16.0,3.0,4.0,0.3,56.0,Quotsoft/Beijing-monitoring-archive,False
2019-02-07 03:00:00+08:00,天坛,2.0,31.0,2.0,5.0,0.4,70.0,Quotsoft/Beijing-monitoring-archive,False
2019-02-07 03:00:00+08:00,永定门内,,,,,,,Quotsoft/Beijing-monitoring-archive,False
2019-02-07 04:00:00+08:00,前门,4.0,5.0,3.0,3.0,0.3,56.0,Quotsoft/Beijing-monitoring-archive,False
2019-02-07 04:00:00+08:00,天坛,1.0,15.0,2.0,5.0,0.4,70.0,Quotsoft/Beijing-monitoring-archive,False
2019-02-07 04:00:00+08:00,永定门内,9.0,,1.0,4.0,0.2,65.0,Quotsoft/Beijing-monitoring-archive,False
2019-02-07 05:00:00+08:00,前门,9.0,,3.0,3.0,0.3,54.0,Quotsoft/Beijing-monitoring-archive,False
2019-02-07 05:00:00+08:00,天坛,4.0,16.0,3.0,6.0,0.4,67.0,Quotsoft/Beijing-monitoring-archive,False
2019-02-07 05:00:00+08:00,永定门内,7.0,8.0,1.0,5.0,0.2,62.0,Quotsoft/Beijing-monitoring-archive,False
2019-02-07 06:00:00+08:00,前门,4.0,9.0,3.0,7.0,0.3,50.0,Quotsoft/Beijing-monitoring-archive,False
2019-02-07 06:00:00+08:00,天坛,3.0,12.0,3.0,7.0,0.5,65.0,Quotsoft/Beijing-monitoring-archive,False
2019-02-07 06:00:00+08:00,永定门内,9.0,,2.0,8.0,0.2,58.0,Quotsoft/Beijing-monitoring-archive,False
2019-02-07 07:00:00+08:00,前门,11.0,14.0,3.0,19.0,0.4,41.0,Quotsoft/Beijing-monitoring-archive,False
2019-02-07 07:00:00+08:00,天坛,2.0,19.0,3.0,13.0,0.5,60.0,Quotsoft/Beijing-monitoring-archive,False
2019-02-07 07:00:00+08:00,永定门内,4.0,12.0,3.0,16.0,0.2,50.0,Quotsoft/Beijing-monitoring-archive,False
2019-02-07 08:00:00+08:00,前门,10.0,,3.0,18.0,0.3,42.0,Quotsoft/Beijing-monitoring-archive,False
2019-02-07 08:00:00+08:00,天坛,3.0,14.0,4.0,18.0,0.5,57.0,Quotsoft/Beijing-monitoring-archive,False
2019-02-07 08:00:00+08:00,永定门内,7.0,,2.0,19.0,0.1,50.0,Quotsoft/Beijing-monitoring-archive,False
2019-02-07 09:00:00+08:00,前门,6.0,22.0,1.0,27.0,0.4,38.0,Quotsoft/Beijing-monitoring-archive,False
2019-02-07 09:00:00+08:00,天坛,3.0,18.0,4.0,15.0,0.5,60.0,Quotsoft/Beijing-monitoring-archive,False
2019-02-07 09:00:00+08:00,永定门内,8.0,14.0,1.0,17.0,0.2,53.0,Quotsoft/Beijing-monitoring-archive,False
2019-02-07 10:00:00+08:00,前门,11.0,20.0,3.0,18.0,0.4,47.0,Quotsoft/Beijing-monitoring-archive,False
2019-02-07 10:00:00+08:00,天坛,1.0,26.0,3.0,12.0,0.5,65.0,Quotsoft/Beijing-monitoring-archive,False
2019-02-07 10:00:00+08:00,永定门内,10.0,81.0,1.0,11.0,0.1,61.0,Quotsoft/Beijing-monitoring-archive,False
2019-02-07 11:00:00+08:00,前门,2.0,30.0,3.0,13.0,0.4,52.0,Quotsoft/Beijing-monitoring-archive,False
2019-02-07 11:00:00+08:00,天坛,4.0,43.0,3.0,13.0,0.5,65.0,Quotsoft/Beijing-monitoring-archive,False
2019-02-07 11:00:00+08:00,永定门内,6.0,43.0,2.0,10.0,0.3,62.0,Quotsoft/Beijing-monitoring-archive,False
2019-02-07 12:00:00+08:00,前门,13.0,24.0,3.0,11.0,0.3,54.0,Quotsoft/Beijing-monitoring-archive,False
2019-02-07 12:00:00+08:00,天坛,5.0,35.0,3.0,13.0,0.4,65.0,Quotsoft/Beijing-monitoring-archive,False
2019-02-07 12:00:00+08:00,永定门内,4.0,35.0,2.0,10.0,0.3,64.0,Quotsoft/Beijing-monitoring-archive,False
2019-02-07 13:00:00+08:00,前门,3.0,18.0,3.0,11.0,0.3,55.0,Quotsoft/Beijing-monitoring-archive,False
2019-02-07 13:00:00+08:00,天坛,10.0,19.0,3.0,14.0,0.4,67.0,Quotsoft/Beijing-monitoring-archive,False
2019-02-07 13:00:00+08:00,永定门内,7.0,29.0,2.0,11.0,0.3,65.0,Quotsoft/Beijing-monitoring-archive,False
2019-02-07 14:00:00+08:00,前门,15.0,24.0,1.0,11.0,0.4,56.0,Quotsoft/Beijing-monitoring-archive,False
2019-02-07 14:00:00+08:00,天坛,7.0,30.0,4.0,19.0,0.4,65.0,Quotsoft/Beijing-monitoring-archive,False
2019-02-07 14:00:00+08:00,永定门内,9.0,28.0,2.0,15.0,0.3,65.0,Quotsoft/Beijing-monitoring-archive,False
2019-02-07 15:00:00+08:00,前门,17.0,18.0,1.0,10.0,0.4,59.0,Quotsoft/Beijing-monitoring-archive,False
2019-02-07 15:00:00+08:00,天坛,11.0,25.0,4.0,20.0,0.4,66.0,Quotsoft/Beijing-monitoring-archive,False
2019-02-07 15:00:00+08:00,永定门内,10.0,23.0,1.0,18.0,0.3,,Quotsoft/Beijing-monitoring-archive,False
2019-02-07 16:00:00+08:00,前门,15.0,20.0,1.0,10.0,0.4,58.0,Quotsoft/Beijing-monitoring-archive,False
2019-02-07 16:00:00+08:00,天坛,6.0,25.0,4.0,23.0,0.4,65.0,Quotsoft/Beijing-monitoring-archive,False
2019-02-07 16:00:00+08:00,永定门内,10.0,29.0,1.0,17.0,0.4,,Quotsoft/Beijing-monitoring-archive,False
2019-02-07 17:00:00+08:00,前门,15.0,30.0,1.0,19.0,0.5,48.0,Quotsoft/Beijing-monitoring-archive,False
2019-02-07 17:00:00+08:00,天坛,9.0,34.0,4.0,25.0,0.4,59.0,Quotsoft/Beijing-monitoring-archive,False
2019-02-07 17:00:00+08:00,永定门内,12.0,41.0,1.0,28.0,0.5,,Quotsoft/Beijing-monitoring-archive,False
2019-02-07 18:00:00+08:00,前门,17.0,41.0,2.0,28.0,0.5,37.0,Quotsoft/Beijing-monitoring-archive,False
2019-02-07 18:00:00+08:00,天坛,7.0,45.0,4.0,22.0,0.5,58.0,Quotsoft/Beijing-monitoring-archive,False
2019-02-07 18:00:00+08:00,永定门内,13.0,36.0,2.0,33.0,0.5,,Quotsoft/Beijing-monitoring-archive,False
2019-02-07 19:00:00+08:00,前门,15.0,34.0,1.0,32.0,0.5,33.0,Quotsoft/Beijing-monitoring-archive,False
2019-02-07 19:00:00+08:00,天坛,7.0,36.0,3.0,19.0,0.4,57.0,Quotsoft/Beijing-monitoring-archive,False
2019-02-07 19:00:00+08:00,永定门内,13.0,28.0,3.0,42.0,0.4,,Quotsoft/Beijing-monitoring-archive,False
2019-02-07 20:00:00+08:00,前门,7.0,35.0,1.0,38.0,0.5,26.0,Quotsoft/Beijing-monitoring-archive,False
2019-02-07 20:00:00+08:00,天坛,9.0,33.0,3.0,30.0,0.5,44.0,Quotsoft/Beijing-monitoring-archive,False
2019-02-07 20:00:00+08:00,永定门内,16.0,37.0,1.0,33.0,0.4,36.0,Quotsoft/Beijing-monitoring-archive,False
2019-02-07 21:00:00+08:00,前门,22.0,35.0,1.0,40.0,0.5,22.0,Quotsoft/Beijing-monitoring-archive,False
2019-02-07 21:00:00+08:00,天坛,6.0,31.0,3.0,30.0,0.5,43.0,Quotsoft/Beijing-monitoring-archive,False
2019-02-07 21:00:00+08:00,永定门内,14.0,34.0,2.0,34.0,0.5,33.0,Quotsoft/Beijing-monitoring-archive,False
2019-02-07 22:00:00+08:00,前门,15.0,28.0,3.0,34.0,0.5,27.0,Quotsoft/Beijing-monitoring-archive,False
2019-02-07 22:00:00+08:00,天坛,8.0,37.0,2.0,23.0,0.5,41.0,Quotsoft/Beijing-monitoring-archive,False
2019-02-07 22:00:00+08:00,永定门内,18.0,32.0,2.0,35.0,0.5,30.0,Quotsoft/Beijing-monitoring-archive,False
2019-02-07 23:00:00+08:00,前门,14.0,23.0,3.0,33.0,0.5,28.0,Quotsoft/Beijing-monitoring-archive,False
2019-02-07 23:00:00+08:00,天坛,,,,,,,Quotsoft/Beijing-monitoring-archive,False
2019-02-07 23:00:00+08:00,永定门内,19.0,31.0,2.0,44.0,0.5,23.0,Quotsoft/Beijing-monitoring-archive,False
2019-02-08 00:00:00+08:00,前门,19.0,26.0,1.0,31.0,0.4,28.0,Quotsoft/Beijing-monitoring-archive,False
2019-02-08 00:00:00+08:00,天坛,6.0,29.0,2.0,26.0,0.5,35.0,Quotsoft/Beijing-monitoring-archive,False
2019-02-08 00:00:00+08:00,永定门内,12.0,24.0,2.0,27.0,0.4,,Quotsoft/Beijing-monitoring-archive,False
2019-02-08 01:00:00+08:00,前门,18.0,21.0,3.0,27.0,0.4,30.0,Quotsoft/Beijing-monitoring-archive,False
2019-02-08 01:00:00+08:00,天坛,10.0,25.0,2.0,25.0,0.5,34.0,Quotsoft/Beijing-monitoring-archive,False
2019-02-08 01:00:00+08:00,永定门内,13.0,21.0,2.0,23.0,0.4,,Quotsoft/Beijing-monitoring-archive,False
2019-02-08 02:00:00+08:00,前门,12.0,19.0,4.0,22.0,0.4,35.0,Quotsoft/Beijing-monitoring-archive,False
2019-02-08 02:00:00+08:00,天坛,17.0,18.0,2.0,19.0,0.5,42.0,Quotsoft/Beijing-monitoring-archive,False
2019-02-08 02:00:00+08:00,永定门内,22.0,27.0,6.0,19.0,0.4,,Quotsoft/Beijing-monitoring-archive,False
2019-02-08 03:00:00+08:00,前门,13.0,22.0,5.0,22.0,0.4,33.0,Quotsoft/Beijing-monitoring-archive,False
2019-02-08 03:00:00+08:00,天坛,12.0,22.0,3.0,18.0,0.4,41.0,Quotsoft/Beijing-monitoring-archive,False
2019-02-08 03:00:00+08:00,永定门内,15.0,24.0,5.0,18.0,0.4,,Quotsoft/Beijing-monitoring-archive,False
2019-02-08 04:00:00+08:00,前门,5.0,18.0,4.0,20.0,0.3,,Quotsoft/Beijing-monitoring-archive,False
2019-02-08 04:00:00+08:00,天坛,12.0,15.0,3.0,20.0,0.4,46.0,Quotsoft/Beijing-monitoring-archive,False
2019-02-08 04:00:00+08:00,永定门内,24.0,31.0,6.0,19.0,0.4,,Quotsoft/Beijing-monitoring-archive,False
2019-02-08 05:00:00+08:00,前门,9.0,14.0,4.0,22.0,0.3,38.0,Quotsoft/Beijing-monitoring-archive,False
2019-02-08 05:00:00+08:00,天坛,1.0,17.0,3.0,25.0,0.4,49.0,Quotsoft/Beijing-monitoring-archive,False
2019-02-08 05:00:00+08:00,永定门内,5.0,20.0,4.0,20.0,0.3,,Quotsoft/Beijing-monitoring-archive,False
2019-02-08 06:00:00+08:00,前门,11.0,,3.0,23.0,0.3,39.0,Quotsoft/Beijing-monitoring-archive,False
2019-02-08 06:00:00+08:00,天坛,2.0,16.0,2.0,25.0,0.4,49.0,Quotsoft/Beijing-monitoring-archive,False
2019-02-08 06:00:00+08:00,永定门内,7.0,17.0,4.0,28.0,0.3,,Quotsoft/Beijing-monitoring-archive,False
2019-02-08 07:00:00+08:00,前门,10.0,,5.0,38.0,0.3,29.0,Quotsoft/Beijing-monitoring-archive,False
2019-02-08 07:00:00+08:00,天坛,2.0,9.0,1.0,23.0,0.4,54.0,Quotsoft/Beijing-monitoring-archive,False
2019-02-08 07:00:00+08:00,永定门内,8.0,10.0,3.0,29.0,0.3,,Quotsoft/Beijing-monitoring-archive,False
2019-02-08 08:00:00+08:00,前门,1.0,16.0,4.0,38.0,0.3,30.0,Quotsoft/Beijing-monitoring-archive,False
2019-02-08 08:00:00+08:00,天坛,2.0,15.0,2.0,26.0,0.4,51.0,Quotsoft/Beijing-monitoring-archive,False
2019-02-08 08:00:00+08:00,永定门内,5.0,14.0,4.0,32.0,0.3,,Quotsoft/Beijing-monitoring-archive,False
2019-02-08 09:00:00+08:00,前门,10.0,14.0,5.0,42.0,0.3,30.0,Quotsoft/Beijing-monitoring-archive,False
2019-02-08 09:00:00+08:00,天坛,5.0,15.0,3.0,33.0,0.4,44.0,Quotsoft/Beijing-monitoring-archive,False
2019-02-08 09:00:00+08:00,永定门内,11.0,15.0,5.0,33.0,0.4,,Quotsoft/Beijing-monitoring-archive,False
2019-02-08 10:00:00+08:00,前门,9.0,19.0,4.0,39.0,0.4,31.0,Quotsoft/Beijing-monitoring-archive,False
2019-02-08 10:00:00+08:00,天坛,4.0,18.0,3.0,26.0,0.4,50.0,Quotsoft/Beijing-monitoring-archive,False
2019-02-08 10:00:00+08:00,永定门内,7.0,18.0,5.0,31.0,0.4,,Quotsoft/Beijing-monitoring-archive,False
2019-02-08 11:00:00+08:00,前门,16.0,23.0,5.0,33.0,0.4,34.0,Quotsoft/Beijing-monitoring-archive,False
2019-02-08 11:00:00+08:00,天坛,12.0,32.0,4.0,24.0,0.5,53.0,Quotsoft/Beijing-monitoring-archive,False
2019-02-08 11:00:00+08:00,永定门内,16.0,26.0,6.0,27.0,0.4,,Quotsoft/Beijing-monitoring-archive,False
2019-02-08 12:00:00+08:00,前门,22.0,31.0,7.0,33.0,0.5,36.0,Quotsoft/Beijing-monitoring-archive,False
2019-02-08 12:00:00+08:00,天坛,30.0,32.0,6.0,22.0,0.6,56.0,Quotsoft/Beijing-monitoring-archive,False
2019-02-08 12:00:00+08:00,永定门内,33.0,40.0,9.0,23.0,0.6,,Quotsoft/Beijing-monitoring-archive,False
2019-02-08 13:00:00+08:00,前门,39.0,44.0,10.0,30.0,0.6,40.0,Quotsoft/Beijing-monitoring-archive,False
2019-02-08 13:00:00+08:00,天坛,40.0,54.0,10.0,20.0,0.7,62.0,Quotsoft/Beijing-monitoring-archive,False
2019-02-08 13:00:00+08:00,永定门内,44.0,51.0,12.0,20.0,0.5,53.0,Quotsoft/Beijing-monitoring-archive,False
2019-02-08 14:00:00+08:00,前门,57.0,69.0,13.0,34.0,0.8,43.0,Quotsoft/Beijing-monitoring-archive,False
2019-02-08 14:00:00+08:00,天坛,50.0,71.0,12.0,21.0,0.7,67.0,Quotsoft/Beijing-monitoring-archive,False
2019-02-08 14:00:00+08:00,永定门内,45.0,73.0,18.0,17.0,0.6,57.0,Quotsoft/Beijing-monitoring-archive,False
2019-02-08 15:00:00+08:00,前门,63.0,66.0,12.0,34.0,0.8,48.0,Quotsoft/Beijing-monitoring-archive,False
2019-02-08 15:00:00+08:00,天坛,51.0,72.0,10.0,19.0,0.8,74.0,Quotsoft/Beijing-monitoring-archive,False
2019-02-08 15:00:00+08:00,永定门内,56.0,71.0,18.0,18.0,0.6,62.0,Quotsoft/Beijing-monitoring-archive,False
2019-02-08 16:00:00+08:00,前门,44.0,64.0,11.0,30.0,0.7,52.0,Quotsoft/Beijing-monitoring-archive,False
2019-02-08 16:00:00+08:00,天坛,43.0,72.0,8.0,17.0,0.7,77.0,Quotsoft/Beijing-monitoring-archive,False
2019-02-08 16:00:00+08:00,永定门内,43.0,66.0,14.0,19.0,0.5,62.0,Quotsoft/Beijing-monitoring-archive,False
2019-02-08 17:00:00+08:00,前门,47.0,64.0,11.0,32.0,0.7,50.0,Quotsoft/Beijing-monitoring-archive,False
2019-02-08 17:00:00+08:00,天坛,45.0,73.0,9.0,18.0,0.7,79.0,Quotsoft/Beijing-monitoring-archive,False
2019-02-08 17:00:00+08:00,永定门内,45.0,73.0,17.0,18.0,0.5,67.0,Quotsoft/Beijing-monitoring-archive,False
2019-02-08 18:00:00+08:00,前门,52.0,74.0,11.0,38.0,0.8,45.0,Quotsoft/Beijing-monitoring-archive,False
2019-02-08 18:00:00+08:00,天坛,45.0,80.0,11.0,18.0,0.7,78.0,Quotsoft/Beijing-monitoring-archive,False
2019-02-08 18:00:00+08:00,永定门内,51.0,77.0,18.0,23.0,0.5,60.0,Quotsoft/Beijing-monitoring-archive,False
2019-02-08 19:00:00+08:00,前门,55.0,77.0,10.0,41.0,0.8,41.0,Quotsoft/Beijing-monitoring-archive,False
2019-02-08 19:00:00+08:00,天坛,49.0,82.0,8.0,20.0,0.7,71.0,Quotsoft/Beijing-monitoring-archive,False
2019-02-08 19:00:00+08:00,永定门内,53.0,78.0,15.0,27.0,0.5,54.0,Quotsoft/Beijing-monitoring-archive,False
2019-02-08 20:00:00+08:00,前门,,,,,,,Quotsoft/Beijing-monitoring-archive,False
2019-02-08 20:00:00+08:00,天坛,,,,,,,Quotsoft/Beijing-monitoring-archive,False
2019-02-08 20:00:00+08:00,永定门内,,,,,,,Quotsoft/Beijing-monitoring-archive,False
2019-02-08 21:00:00+08:00,前门,57.0,75.0,9.0,42.0,0.8,35.0,Quotsoft/Beijing-monitoring-archive,False
2019-02-08 21:00:00+08:00,天坛,52.0,75.0,5.0,24.0,0.7,53.0,Quotsoft/Beijing-monitoring-archive,False
2019-02-08 21:00:00+08:00,永定门内,49.0,77.0,14.0,25.0,0.5,50.0,Quotsoft/Beijing-monitoring-archive,False
2019-02-08 22:00:00+08:00,前门,49.0,60.0,9.0,41.0,0.7,31.0,Quotsoft/Beijing-monitoring-archive,False
2019-02-08 22:00:00+08:00,天坛,39.0,79.0,9.0,40.0,0.8,44.0,Quotsoft/Beijing-monitoring-archive,False
2019-02-08 22:00:00+08:00,永定门内,51.0,73.0,13.0,37.0,0.6,34.0,Quotsoft/Beijing-monitoring-archive,False
2019-02-08 23:00:00+08:00,前门,7.0,18.0,4.0,17.0,0.4,55.0,Quotsoft/Beijing-monitoring-archive,False
2019-02-08 23:00:00+08:00,天坛,5.0,35.0,2.0,13.0,0.4,72.0,Quotsoft/Beijing-monitoring-archive,False
2019-02-08 23:00:00+08:00,永定门内,16.0,23.0,6.0,10.0,0.1,63.0,Quotsoft/Beijing-monitoring-archive,False
2019-02-09 00:00:00+08:00,前门,9.0,13.0,2.0,12.0,0.3,56.0,Quotsoft/Beijing-monitoring-archive,False
2019-02-09 00:00:00+08:00,天坛,2.0,33.0,2.0,8.0,0.4,73.0,Quotsoft/Beijing-monitoring-archive,False
2019-02-09 00:00:00+08:00,永定门内,8.0,16.0,4.0,2.0,,66.0,Quotsoft/Beijing-monitoring-archive,False
2019-02-09 01:00:00+08:00,前门,5.0,12.0,3.0,10.0,0.3,54.0,Quotsoft/Beijing-monitoring-archive,False
2019-02-09 01:00:00+08:00,天坛,2.0,24.0,2.0,9.0,0.4,69.0,Quotsoft/Beijing-monitoring-archive,False
2019-02-09 01:00:00+08:00,永定门内,7.0,13.0,5.0,3.0,0.1,63.0,Quotsoft/Beijing-monitoring-archive,False
2019-02-09 02:00:00+08:00,前门,6.0,12.0,3.0,10.0,0.3,51.0,Quotsoft/Beijing-monitoring-archive,False
2019-02-09 02:00:00+08:00,天坛,2.0,28.0,1.0,9.0,0.4,66.0,Quotsoft/Beijing-monitoring-archive,False
2019-02-09 02:00:00+08:00,永定门内,7.0,16.0,5.0,3.0,0.2,60.0,Quotsoft/Beijing-monitoring-archive,False
2019-02-09 03:00:00+08:00,前门,11.0,14.0,3.0,10.0,0.3,50.0,Quotsoft/Beijing-monitoring-archive,False
2019-02-09 03:00:00+08:00,天坛,3.0,26.0,2.0,9.0,0.4,65.0,Quotsoft/Beijing-monitoring-archive,False
2019-02-09 03:00:00+08:00,永定门内,9.0,13.0,5.0,4.0,0.2,58.0,Quotsoft/Beijing-monitoring-archive,False
2019-02-09 04:00:00+08:00,前门,16.0,,5.0,9.0,0.3,49.0,Quotsoft/Beijing-monitoring-archive,False
2019-02-09 04:00:00+08:00,天坛,3.0,19.0,4.0,10.0,0.5,63.0,Quotsoft/Beijing-monitoring-archive,False
2019-02-09 04:00:00+08:00,永定门内,3.0,10.0,6.0,5.0,0.2,57.0,Quotsoft/Beijing-monitoring-archive,False
2019-02-09 05:00:00+08:00,前门,9.0,9.0,4.0,10.0,0.3,47.0,Quotsoft/Beijing-monitoring-archive,False
2019-02-09 05:00:00+08:00,天坛,5.0,22.0,4.0,11.0,0.5,62.0,Quotsoft/Beijing-monitoring-archive,False
2019-02-09 05:00:00+08:00,永定门内,7.0,11.0,7.0,6.0,0.2,55.0,Quotsoft/Beijing-monitoring-archive,False
2019-02-09 06:00:00+08:00,前门,8.0,13.0,4.0,16.0,0.4,43.0,Quotsoft/Beijing-monitoring-archive,False
2019-02-09 06:00:00+08:00,天坛,2.0,23.0,3.0,13.0,0.5,60.0,Quotsoft/Beijing-monitoring-archive,False
2019-02-09 06:00:00+08:00,永定门内,7.0,13.0,5.0,12.0,0.2,49.0,Quotsoft/Beijing-monitoring-archive,False
2019-02-09 07:00:00+08:00,前门,9.0,12.0,4.0,21.0,0.4,39.0,Quotsoft/Beijing-monitoring-archive,False
2019-02-09 07:00:00+08:00,天坛,1.0,18.0,3.0,20.0,0.5,54.0,Quotsoft/Beijing-monitoring-archive,False
2019-02-09 07:00:00+08:00,永定门内,8.0,14.0,5.0,19.0,0.3,43.0,Quotsoft/Beijing-monitoring-archive,False
2019-02-09 08:00:00+08:00,前门,11.0,19.0,4.0,25.0,0.5,36.0,Quotsoft/Beijing-monitoring-archive,False
2019-02-09 08:00:00+08:00,天坛,5.0,27.0,4.0,19.0,0.5,55.0,Quotsoft/Beijing-monitoring-archive,False
2019-02-09 08:00:00+08:00,永定门内,9.0,21.0,6.0,17.0,0.3,45.0,Quotsoft/Beijing-monitoring-archive,False
2019-02-09 09:00:00+08:00,前门,2.0,14.0,5.0,26.0,0.5,36.0,Quotsoft/Beijing-monitoring-archive,False
2019-02-09 09:00:00+08:00,天坛,9.0,24.0,6.0,26.0,0.6,50.0,Quotsoft/Beijing-monitoring-archive,False
2019-02-09 09:00:00+08:00,永定门内,11.0,19.0,6.0,23.0,0.3,41.0,Quotsoft/Beijing-monitoring-archive,False
2019-02-09 10:00:00+08:00,前门,6.0,9.0,5.0,23.0,0.5,41.0,Quotsoft/Beijing-monitoring-archive,False
2019-02-09 10:00:00+08:00,天坛,2.0,11.0,6.0,22.0,0.5,55.0,Quotsoft/Beijing-monitoring-archive,False
2019-02-09 10:00:00+08:00,永定门内,9.0,15.0,8.0,15.0,0.3,51.0,Quotsoft/Beijing-monitoring-archive,False
2019-02-09 11:00:00+08:00,前门,8.0,11.0,5.0,20.0,0.5,46.0,Quotsoft/Beijing-monitoring-archive,False
2019-02-09 11:00:00+08:00,天坛,6.0,9.0,5.0,15.0,0.5,63.0,Quotsoft/Beijing-monitoring-archive,False
2019-02-09 11:00:00+08:00,永定门内,8.0,15.0,6.0,13.0,0.3,57.0,Quotsoft/Beijing-monitoring-archive,False
2019-02-09 12:00:00+08:00,前门,14.0,,5.0,18.0,0.4,49.0,Quotsoft/Beijing-monitoring-archive,False
2019-02-09 12:00:00+08:00,天坛,8.0,,4.0,19.0,0.5,61.0,Quotsoft/Beijing-monitoring-archive,False
2019-02-09 12:00:00+08:00,永定门内,7.0,14.0,5.0,11.0,0.3,59.0,Quotsoft/Beijing-monitoring-archive,False
2019-02-09 13:00:00+08:00,前门,7.0,,4.0,14.0,0.4,51.0,Quotsoft/Beijing-monitoring-archive,False
2019-02-09 13:00:00+08:00,天坛,3.0,16.0,4.0,20.0,0.5,61.0,Quotsoft/Beijing-monitoring-archive,False
2019-02-09 13:00:00+08:00,永定门内,5.0,11.0,5.0,12.0,0.3,,Quotsoft/Beijing-monitoring-archive,False
2019-02-09 14:00:00+08:00,前门,3.0,5.0,4.0,14.0,0.4,51.0,Quotsoft/Beijing-monitoring-archive,False
2019-02-09 14:00:00+08:00,天坛,10.0,,4.0,21.0,0.5,62.0,Quotsoft/Beijing-monitoring-archive,False
2019-02-09 14:00:00+08:00,永定门内,7.0,8.0,5.0,13.0,0.3,,Quotsoft/Beijing-monitoring-archive,False
2019-02-09 15:00:00+08:00,前门,14.0,,5.0,17.0,0.4,48.0,Quotsoft/Beijing-monitoring-archive,False
2019-02-09 15:00:00+08:00,天坛,6.0,9.0,4.0,22.0,0.5,60.0,Quotsoft/Beijing-monitoring-archive,False
2019-02-09 15:00:00+08:00,永定门内,9.0,12.0,3.0,15.0,0.4,,Quotsoft/Beijing-monitoring-archive,False
2019-02-09 16:00:00+08:00,前门,6.0,8.0,5.0,15.0,0.4,50.0,Quotsoft/Beijing-monitoring-archive,False
2019-02-09 16:00:00+08:00,天坛,8.0,9.0,4.0,19.0,0.4,64.0,Quotsoft/Beijing-monitoring-archive,False
2019-02-09 16:00:00+08:00,永定门内,6.0,,3.0,10.0,0.3,,Quotsoft/Beijing-monitoring-archive,False
2019-02-09 17:00:00+08:00,前门,6.0,9.0,4.0,14.0,0.4,52.0,Quotsoft/Beijing-monitoring-archive,False
2019-02-09 17:00:00+08:00,天坛,8.0,,4.0,19.0,0.4,64.0,Quotsoft/Beijing-monitoring-archive,False
2019-02-09 17:00:00+08:00,永定门内,16.0,,7.0,15.0,0.3,53.0,Quotsoft/Beijing-monitoring-archive,False
2019-02-09 18:00:00+08:00,前门,14.0,,4.0,17.0,0.4,47.0,Quotsoft/Beijing-monitoring-archive,False
2019-02-09 18:00:00+08:00,天坛,5.0,23.0,4.0,26.0,0.5,53.0,Quotsoft/Beijing-monitoring-archive,False
2019-02-09 18:00:00+08:00,永定门内,11.0,16.0,8.0,27.0,0.3,41.0,Quotsoft/Beijing-monitoring-archive,False
2019-02-09 19:00:00+08:00,前门,13.0,26.0,5.0,38.0,0.6,25.0,Quotsoft/Beijing-monitoring-archive,False
2019-02-09 19:00:00+08:00,天坛,5.0,34.0,4.0,29.0,0.6,46.0,Quotsoft/Beijing-monitoring-archive,False
2019-02-09 19:00:00+08:00,永定门内,14.0,25.0,8.0,38.0,0.5,25.0,Quotsoft/Beijing-monitoring-archive,False
2019-02-09 20:00:00+08:00,前门,12.0,21.0,4.0,38.0,0.6,26.0,Quotsoft/Beijing-monitoring-archive,False
2019-02-09 20:00:00+08:00,天坛,9.0,24.0,3.0,27.0,0.6,43.0,Quotsoft/Beijing-monitoring-archive,False
2019-02-09 20:00:00+08:00,永定门内,11.0,17.0,6.0,32.0,0.3,34.0,Quotsoft/Beijing-monitoring-archive,False
2019-02-09 21:00:00+08:00,前门,21.0,26.0,4.0,30.0,0.5,37.0,Quotsoft/Beijing-monitoring-archive,False
2019-02-09 21:00:00+08:00,天坛,8.0,14.0,3.0,24.0,0.5,51.0,Quotsoft/Beijing-monitoring-archive,False
2019-02-09 21:00:00+08:00,永定门内,16.0,23.0,5.0,36.0,0.3,31.0,Quotsoft/Beijing-monitoring-archive,False
2019-02-09 22:00:00+08:00,前门,24.0,34.0,5.0,32.0,0.5,35.0,Quotsoft/Beijing-monitoring-archive,False
2019-02-09 22:00:00+08:00,天坛,17.0,30.0,3.0,24.0,0.5,46.0,Quotsoft/Beijing-monitoring-archive,False
2019-02-09 22:00:00+08:00,永定门内,23.0,32.0,6.0,41.0,0.3,24.0,Quotsoft/Beijing-monitoring-archive,False
2019-02-09 23:00:00+08:00,前门,26.0,37.0,5.0,33.0,0.5,32.0,Quotsoft/Beijing-monitoring-archive,False
2019-02-09 23:00:00+08:00,天坛,14.0,32.0,2.0,25.0,0.5,38.0,Quotsoft/Beijing-monitoring-archive,False
2019-02-09 23:00:00+08:00,永定门内,28.0,40.0,7.0,40.0,0.4,23.0,Quotsoft/Beijing-monitoring-archive,False
2019-02-10 00:00:00+08:00,前门,31.0,33.0,5.0,39.0,0.5,25.0,Quotsoft/Beijing-monitoring-archive,False
2019-02-10 00:00:00+08:00,天坛,25.0,37.0,2.0,24.0,0.5,38.0,Quotsoft/Beijing-monitoring-archive,False
2019-02-10 00:00:00+08:00,永定门内,34.0,42.0,6.0,51.0,0.4,12.0,Quotsoft/Beijing-monitoring-archive,False
2019-02-10 01:00:00+08:00,前门,13.0,,5.0,40.0,0.4,23.0,Quotsoft/Beijing-monitoring-archive,False
2019-02-10 01:00:00+08:00,天坛,17.0,24.0,3.0,32.0,0.5,38.0,Quotsoft/Beijing-monitoring-archive,False
2019-02-10 01:00:00+08:00,永定门内,24.0,36.0,5.0,47.0,0.3,9.0,Quotsoft/Beijing-monitoring-archive,False
2019-02-10 02:00:00+08:00,前门,14.0,,4.0,21.0,0.4,38.0,Quotsoft/Beijing-monitoring-archive,False
2019-02-10 02:00:00+08:00,天坛,11.0,17.0,3.0,22.0,0.5,50.0,Quotsoft/Beijing-monitoring-archive,False
2019-02-10 02:00:00+08:00,永定门内,13.0,,4.0,19.0,0.2,35.0,Quotsoft/Beijing-monitoring-archive,False
2019-02-10 03:00:00+08:00,前门,16.0,,3.0,21.0,0.3,38.0,Quotsoft/Beijing-monitoring-archive,False
2019-02-10 03:00:00+08:00,天坛,4.0,10.0,3.0,20.0,0.4,52.0,Quotsoft/Beijing-monitoring-archive,False
2019-02-10 03:00:00+08:00,永定门内,14.0,,4.0,12.0,0.2,42.0,Quotsoft/Beijing-monitoring-archive,False
2019-02-10 04:00:00+08:00,前门,13.0,,4.0,24.0,0.3,,Quotsoft/Beijing-monitoring-archive,False
2019-02-10 04:00:00+08:00,天坛,4.0,5.0,3.0,23.0,0.4,49.0,Quotsoft/Beijing-monitoring-archive,False
2019-02-10 04:00:00+08:00,永定门内,13.0,,4.0,13.0,0.3,,Quotsoft/Beijing-monitoring-archive,False
2019-02-10 05:00:00+08:00,前门,10.0,,3.0,18.0,0.3,39.0,Quotsoft/Beijing-monitoring-archive,False
2019-02-10 05:00:00+08:00,天坛,3.0,7.0,2.0,23.0,0.4,49.0,Quotsoft/Beijing-monitoring-archive,False
2019-02-10 05:00:00+08:00,永定门内,8.0,,4.0,18.0,0.3,44.0,Quotsoft/Beijing-monitoring-archive,False
2019-02-10 06:00:00+08:00,前门,4.0,7.0,3.0,20.0,0.3,38.0,Quotsoft/Beijing-monitoring-archive,False
2019-02-10 06:00:00+08:00,天坛,2.0,9.0,2.0,20.0,0.4,51.0,Quotsoft/Beijing-monitoring-archive,False
2019-02-10 06:00:00+08:00,永定门内,7.0,7.0,4.0,22.0,0.2,41.0,Quotsoft/Beijing-monitoring-archive,False
2019-02-10 07:00:00+08:00,前门,5.0,14.0,3.0,25.0,0.4,30.0,Quotsoft/Beijing-monitoring-archive,False
2019-02-10 07:00:00+08:00,天坛,2.0,24.0,3.0,26.0,0.4,44.0,Quotsoft/Beijing-monitoring-archive,False
2019-02-10 07:00:00+08:00,永定门内,5.0,19.0,4.0,43.0,0.3,23.0,Quotsoft/Beijing-monitoring-archive,False
2019-02-10 08:00:00+08:00,前门,7.0,9.0,3.0,32.0,0.4,29.0,Quotsoft/Beijing-monitoring-archive,False
2019-02-10 08:00:00+08:00,天坛,6.0,24.0,2.0,29.0,0.5,42.0,Quotsoft/Beijing-monitoring-archive,False
2019-02-10 08:00:00+08:00,永定门内,11.0,17.0,4.0,44.0,0.4,17.0,Quotsoft/Beijing-monitoring-archive,False
2019-02-10 09:00:00+08:00,前门,6.0,13.0,3.0,28.0,0.4,29.0,Quotsoft/Beijing-monitoring-archive,False
2019-02-10 09:00:00+08:00,天坛,8.0,15.0,2.0,32.0,0.5,39.0,Quotsoft/Beijing-monitoring-archive,False
2019-02-10 09:00:00+08:00,永定门内,12.0,16.0,4.0,40.0,0.4,23.0,Quotsoft/Beijing-monitoring-archive,False
2019-02-10 10:00:00+08:00,前门,10.0,10.0,3.0,28.0,0.4,32.0,Quotsoft/Beijing-monitoring-archive,False
2019-02-10 10:00:00+08:00,天坛,5.0,11.0,2.0,30.0,0.5,41.0,Quotsoft/Beijing-monitoring-archive,False
2019-02-10 10:00:00+08:00,永定门内,8.0,12.0,4.0,29.0,0.4,33.0,Quotsoft/Beijing-monitoring-archive,False
2019-02-10 11:00:00+08:00,前门,12.0,,3.0,25.0,0.4,35.0,Quotsoft/Beijing-monitoring-archive,False
2019-02-10 11:00:00+08:00,天坛,8.0,11.0,3.0,26.0,0.5,47.0,Quotsoft/Beijing-monitoring-archive,False
2019-02-10 11:00:00+08:00,永定门内,11.0,,4.0,30.0,0.4,37.0,Quotsoft/Beijing-monitoring-archive,False
2019-02-10 12:00:00+08:00,前门,6.0,7.0,4.0,26.0,0.4,36.0,Quotsoft/Beijing-monitoring-archive,False
2019-02-10 12:00:00+08:00,天坛,3.0,11.0,3.0,24.0,0.5,51.0,Quotsoft/Beijing-monitoring-archive,False
2019-02-10 12:00:00+08:00,永定门内,10.0,,4.0,26.0,0.4,41.0,Quotsoft/Beijing-monitoring-archive,False
2019-02-10 13:00:00+08:00,前门,17.0,,4.0,26.0,0.4,38.0,Quotsoft/Beijing-monitoring-archive,False
2019-02-10 13:00:00+08:00,天坛,11.0,,3.0,22.0,0.5,56.0,Quotsoft/Beijing-monitoring-archive,False
2019-02-10 13:00:00+08:00,永定门内,,,,,,,Quotsoft/Beijing-monitoring-archive,False
2019-02-10 14:00:00+08:00,前门,11.0,14.0,5.0,30.0,0.5,38.0,Quotsoft/Beijing-monitoring-archive,False
2019-02-10 14:00:00+08:00,天坛,11.0,13.0,4.0,23.0,0.6,59.0,Quotsoft/Beijing-monitoring-archive,False
2019-02-10 14:00:00+08:00,永定门内,,,,,,,Quotsoft/Beijing-monitoring-archive,False
2019-02-10 15:00:00+08:00,前门,28.0,33.0,7.0,31.0,0.5,39.0,Quotsoft/Beijing-monitoring-archive,False
2019-02-10 15:00:00+08:00,天坛,22.0,23.0,5.0,23.0,0.6,60.0,Quotsoft/Beijing-monitoring-archive,False
2019-02-10 15:00:00+08:00,永定门内,29.0,32.0,10.0,27.0,0.5,47.0,Quotsoft/Beijing-monitoring-archive,False
2019-02-10 16:00:00+08:00,前门,39.0,42.0,8.0,32.0,0.6,39.0,Quotsoft/Beijing-monitoring-archive,False
2019-02-10 16:00:00+08:00,天坛,,4.0,,,0.7,63.0,Quotsoft/Beijing-monitoring-archive,False
2019-02-10 16:00:00+08:00,永定门内,40.0,50.0,11.0,26.0,0.6,49.0,Quotsoft/Beijing-monitoring-archive,False
2019-02-10 17:00:00+08:00,前门,60.0,66.0,11.0,36.0,0.7,38.0,Quotsoft/Beijing-monitoring-archive,False
2019-02-10 17:00:00+08:00,天坛,73.0,,10.0,25.0,0.9,,Quotsoft/Beijing-monitoring-archive,False
2019-02-10 17:00:00+08:00,永定门内,62.0,80.0,15.0,31.0,0.7,49.0,Quotsoft/Beijing-monitoring-archive,False
2019-02-10 18:00:00+08:00,前门,79.0,92.0,13.0,39.0,0.9,38.0,Quotsoft/Beijing-monitoring-archive,False
2019-02-10 18:00:00+08:00,天坛,80.0,,13.0,30.0,0.9,54.0,Quotsoft/Beijing-monitoring-archive,False
2019-02-10 18:00:00+08:00,永定门内,81.0,99.0,17.0,42.0,0.8,40.0,Quotsoft/Beijing-monitoring-archive,False
2019-02-10 19:00:00+08:00,前门,93.0,103.0,13.0,44.0,1.1,32.0,Quotsoft/Beijing-monitoring-archive,False
2019-02-10 19:00:00+08:00,天坛,82.0,110.0,11.0,35.0,1.0,46.0,Quotsoft/Beijing-monitoring-archive,False
2019-02-10 19:00:00+08:00,永定门内,85.0,102.0,16.0,40.0,0.9,37.0,Quotsoft/Beijing-monitoring-archive,False
2019-02-10 20:00:00+08:00,前门,84.0,90.0,12.0,48.0,1.0,25.0,Quotsoft/Beijing-monitoring-archive,False
2019-02-10 20:00:00+08:00,天坛,77.0,95.0,8.0,39.0,1.0,37.0,Quotsoft/Beijing-monitoring-archive,False
2019-02-10 20:00:00+08:00,永定门内,78.0,92.0,16.0,49.0,0.9,25.0,Quotsoft/Beijing-monitoring-archive,False
2019-02-10 21:00:00+08:00,前门,78.0,,13.0,47.0,0.9,24.0,Quotsoft/Beijing-monitoring-archive,False
2019-02-10 21:00:00+08:00,天坛,74.0,83.0,9.0,39.0,0.9,37.0,Quotsoft/Beijing-monitoring-archive,False
2019-02-10 21:00:00+08:00,永定门内,72.0,86.0,16.0,51.0,0.9,19.0,Quotsoft/Beijing-monitoring-archive,False
2019-02-10 22:00:00+08:00,前门,70.0,,11.0,48.0,0.9,21.0,Quotsoft/Beijing-monitoring-archive,False
2019-02-10 22:00:00+08:00,天坛,68.0,77.0,8.0,40.0,0.9,32.0,Quotsoft/Beijing-monitoring-archive,False
2019-02-10 22:00:00+08:00,永定门内,67.0,80.0,14.0,58.0,0.9,12.0,Quotsoft/Beijing-monitoring-archive,False
2019-02-10 23:00:00+08:00,前门,69.0,,12.0,51.0,1.0,16.0,Quotsoft/Beijing-monitoring-archive,False
2019-02-10 23:00:00+08:00,天坛,65.0,76.0,7.0,43.0,1.0,26.0,Quotsoft/Beijing-monitoring-archive,False
2019-02-10 23:00:00+08:00,永定门内,65.0,76.0,14.0,59.0,0.9,9.0,Quotsoft/Beijing-monitoring-archive,False
2019-02-11 00:00:00+08:00,前门,69.0,,21.0,50.0,1.0,16.0,Quotsoft/Beijing-monitoring-archive,False
2019-02-11 00:00:00+08:00,天坛,60.0,72.0,4.0,42.0,1.0,22.0,Quotsoft/Beijing-monitoring-archive,False
2019-02-11 00:00:00+08:00,永定门内,61.0,69.0,17.0,57.0,0.9,7.0,Quotsoft/Beijing-monitoring-archive,False
2019-02-11 01:00:00+08:00,前门,68.0,,19.0,48.0,1.0,16.0,Quotsoft/Beijing-monitoring-archive,False
2019-02-11 01:00:00+08:00,天坛,54.0,62.0,10.0,44.0,1.0,23.0,Quotsoft/Beijing-monitoring-archive,False
2019-02-11 01:00:00+08:00,永定门内,62.0,66.0,21.0,52.0,1.0,10.0,Quotsoft/Beijing-monitoring-archive,False
2019-02-11 02:00:00+08:00,前门,66.0,,18.0,49.0,1.0,13.0,Quotsoft/Beijing-monitoring-archive,False
2019-02-11 02:00:00+08:00,天坛,63.0,63.0,11.0,41.0,1.1,22.0,Quotsoft/Beijing-monitoring-archive,False
2019-02-11 02:00:00+08:00,永定门内,66.0,71.0,23.0,50.0,1.1,8.0,Quotsoft/Beijing-monitoring-archive,False
2019-02-11 03:00:00+08:00,前门,78.0,,20.0,51.0,1.2,11.0,Quotsoft/Beijing-monitoring-archive,False
2019-02-11 03:00:00+08:00,天坛,67.0,71.0,12.0,41.0,1.2,19.0,Quotsoft/Beijing-monitoring-archive,False
2019-02-11 03:00:00+08:00,永定门内,77.0,86.0,25.0,49.0,1.2,8.0,Quotsoft/Beijing-monitoring-archive,False
2019-02-11 04:00:00+08:00,前门,88.0,,19.0,49.0,1.2,11.0,Quotsoft/Beijing-monitoring-archive,False
2019-02-11 04:00:00+08:00,天坛,82.0,82.0,10.0,41.0,1.3,16.0,Quotsoft/Beijing-monitoring-archive,False
2019-02-11 04:00:00+08:00,永定门内,83.0,89.0,23.0,52.0,1.2,2.0,Quotsoft/Beijing-monitoring-archive,False
2019-02-11 05:00:00+08:00,前门,71.0,77.0,16.0,58.0,1.2,5.0,Quotsoft/Beijing-monitoring-archive,False
2019-02-11 05:00:00+08:00,天坛,91.0,,10.0,48.0,1.4,11.0,Quotsoft/Beijing-monitoring-archive,False
2019-02-11 05:00:00+08:00,永定门内,92.0,99.0,25.0,57.0,1.3,2.0,Quotsoft/Beijing-monitoring-archive,False
2019-02-11 06:00:00+08:00,前门,60.0,,12.0,61.0,1.3,2.0,Quotsoft/Beijing-monitoring-archive,False
2019-02-11 06:00:00+08:00,天坛,79.0,82.0,11.0,59.0,1.4,7.0,Quotsoft/Beijing-monitoring-archive,False
2019-02-11 06:00:00+08:00,永定门内,78.0,,17.0,62.0,1.2,2.0,Quotsoft/Beijing-monitoring-archive,False
2019-02-11 07:00:00+08:00,前门,63.0,64.0,10.0,60.0,1.3,2.0,Quotsoft/Beijing-monitoring-archive,False
2019-02-11 07:00:00+08:00,天坛,63.0,77.0,11.0,68.0,1.4,5.0,Quotsoft/Beijing-monitoring-archive,False
2019-02-11 07:00:00+08:00,永定门内,63.0,72.0,16.0,64.0,1.2,2.0,Quotsoft/Beijing-monitoring-archive,False
2019-02-11 08:00:00+08:00,前门,63.0,65.0,9.0,58.0,1.3,5.0,Quotsoft/Beijing-monitoring-archive,False
2019-02-11 08:00:00+08:00,天坛,68.0,91.0,10.0,62.0,1.3,10.0,Quotsoft/Beijing-monitoring-archive,False
2019-02-11 08:00:00+08:00,永定门内,65.0,73.0,14.0,63.0,1.2,2.0,Quotsoft/Beijing-monitoring-archive,False
2019-02-11 09:00:00+08:00,前门,58.0,,9.0,47.0,1.1,15.0,Quotsoft/Beijing-monitoring-archive,False
2019-02-11 09:00:00+08:00,天坛,57.0,75.0,9.0,48.0,1.1,22.0,Quotsoft/Beijing-monitoring-archive,False
2019-02-11 09:00:00+08:00,永定门内,59.0,60.0,13.0,49.0,1.0,11.0,Quotsoft/Beijing-monitoring-archive,False
2019-02-11 10:00:00+08:00,前门,50.0,55.0,10.0,47.0,1.1,21.0,Quotsoft/Beijing-monitoring-archive,False
2019-02-11 10:00:00+08:00,天坛,60.0,73.0,10.0,43.0,1.0,31.0,Quotsoft/Beijing-monitoring-archive,False
2019-02-11 10:00:00+08:00,永定门内,56.0,65.0,12.0,43.0,0.9,25.0,Quotsoft/Beijing-monitoring-archive,False
2019-02-11 11:00:00+08:00,前门,67.0,,14.0,44.0,1.2,27.0,Quotsoft/Beijing-monitoring-archive,False
2019-02-11 11:00:00+08:00,天坛,59.0,87.0,14.0,39.0,1.1,37.0,Quotsoft/Beijing-monitoring-archive,False
2019-02-11 11:00:00+08:00,永定门内,55.0,72.0,18.0,40.0,1.0,30.0,Quotsoft/Beijing-monitoring-archive,False
2019-02-11 12:00:00+08:00,前门,58.0,,14.0,37.0,1.1,33.0,Quotsoft/Beijing-monitoring-archive,False
2019-02-11 12:00:00+08:00,天坛,54.0,65.0,13.0,33.0,1.0,44.0,Quotsoft/Beijing-monitoring-archive,False
2019-02-11 12:00:00+08:00,永定门内,49.0,58.0,17.0,34.0,0.9,37.0,Quotsoft/Beijing-monitoring-archive,False
2019-02-11 13:00:00+08:00,前门,18.0,22.0,6.0,21.0,0.6,52.0,Quotsoft/Beijing-monitoring-archive,False
2019-02-11 13:00:00+08:00,天坛,25.0,33.0,5.0,18.0,0.6,64.0,Quotsoft/Beijing-monitoring-archive,False
2019-02-11 13:00:00+08:00,永定门内,23.0,26.0,7.0,14.0,0.4,66.0,Quotsoft/Beijing-monitoring-archive,False
2019-02-11 14:00:00+08:00,前门,12.0,15.0,4.0,16.0,0.5,59.0,Quotsoft/Beijing-monitoring-archive,False
2019-02-11 14:00:00+08:00,天坛,14.0,14.0,3.0,13.0,0.4,72.0,Quotsoft/Beijing-monitoring-archive,False
2019-02-11 14:00:00+08:00,永定门内,9.0,16.0,5.0,11.0,0.4,72.0,Quotsoft/Beijing-monitoring-archive,False
2019-02-11 15:00:00+08:00,前门,12.0,16.0,4.0,15.0,0.5,60.0,Quotsoft/Beijing-monitoring-archive,False
2019-02-11 15:00:00+08:00,天坛,11.0,21.0,3.0,17.0,0.5,69.0,Quotsoft/Beijing-monitoring-archive,False
2019-02-11 15:00:00+08:00,永定门内,11.0,12.0,4.0,10.0,0.3,75.0,Quotsoft/Beijing-monitoring-archive,False
2019-02-11 16:00:00+08:00,前门,14.0,16.0,4.0,15.0,0.5,59.0,Quotsoft/Beijing-monitoring-archive,False
2019-02-11 16:00:00+08:00,天坛,15.0,21.0,2.0,18.0,0.5,70.0,Quotsoft/Beijing-monitoring-archive,False
2019-02-11 16:00:00+08:00,永定门内,13.0,35.0,5.0,14.0,0.2,61.0,Quotsoft/Beijing-monitoring-archive,False
2019-02-11 17:00:00+08:00,前门,6.0,11.0,4.0,14.0,0.5,60.0,Quotsoft/Beijing-monitoring-archive,False
2019-02-11 17:00:00+08:00,天坛,10.0,21.0,3.0,20.0,0.4,69.0,Quotsoft/Beijing-monitoring-archive,False
2019-02-11 17:00:00+08:00,永定门内,13.0,,6.0,17.0,0.3,63.0,Quotsoft/Beijing-monitoring-archive,False
2019-02-11 18:00:00+08:00,前门,16.0,21.0,5.0,19.0,0.5,53.0,Quotsoft/Beijing-monitoring-archive,False
2019-02-11 18:00:00+08:00,天坛,12.0,30.0,3.0,27.0,0.5,61.0,Quotsoft/Beijing-monitoring-archive,False
2019-02-11 18:00:00+08:00,永定门内,10.0,22.0,6.0,27.0,0.4,53.0,Quotsoft/Beijing-monitoring-archive,False
2019-02-11 19:00:00+08:00,前门,23.0,36.0,5.0,46.0,0.6,26.0,Quotsoft/Beijing-monitoring-archive,False
2019-02-11 19:00:00+08:00,天坛,19.0,45.0,3.0,32.0,0.6,51.0,Quotsoft/Beijing-monitoring-archive,False
2019-02-11 19:00:00+08:00,永定门内,22.0,41.0,7.0,34.0,0.5,41.0,Quotsoft/Beijing-monitoring-archive,False
2019-02-11 20:00:00+08:00,前门,19.0,35.0,5.0,48.0,0.6,25.0,Quotsoft/Beijing-monitoring-archive,False
2019-02-11 20:00:00+08:00,天坛,20.0,43.0,3.0,35.0,0.6,38.0,Quotsoft/Beijing-monitoring-archive,False
2019-02-11 20:00:00+08:00,永定门内,26.0,47.0,7.0,56.0,0.6,14.0,Quotsoft/Beijing-monitoring-archive,False
2019-02-11 21:00:00+08:00,前门,22.0,34.0,5.0,53.0,0.7,18.0,Quotsoft/Beijing-monitoring-archive,False
2019-02-11 21:00:00+08:00,天坛,26.0,37.0,2.0,35.0,0.6,33.0,Quotsoft/Beijing-monitoring-archive,False
2019-02-11 21:00:00+08:00,永定门内,30.0,59.0,7.0,82.0,0.8,2.0,Quotsoft/Beijing-monitoring-archive,False
2019-02-11 22:00:00+08:00,前门,24.0,,4.0,40.0,0.5,31.0,Quotsoft/Beijing-monitoring-archive,False
2019-02-11 22:00:00+08:00,天坛,20.0,27.0,2.0,39.0,0.6,34.0,Quotsoft/Beijing-monitoring-archive,False
2019-02-11 22:00:00+08:00,永定门内,38.0,40.0,7.0,65.0,0.8,15.0,Quotsoft/Beijing-monitoring-archive,False
2019-02-11 23:00:00+08:00,前门,18.0,,3.0,25.0,0.4,46.0,Quotsoft/Beijing-monitoring-archive,False
2019-02-11 23:00:00+08:00,天坛,2.0,12.0,1.0,25.0,0.4,56.0,Quotsoft/Beijing-monitoring-archive,False
2019-02-11 23:00:00+08:00,永定门内,7.0,7.0,5.0,25.0,0.3,53.0,Quotsoft/Beijing-monitoring-archive,False
2019-02-12 00:00:00+08:00,前门,2.0,4.0,3.0,21.0,0.3,47.0,Quotsoft/Beijing-monitoring-archive,False
2019-02-12 00:00:00+08:00,天坛,2.0,10.0,2.0,25.0,0.4,55.0,Quotsoft/Beijing-monitoring-archive,False
2019-02-12 00:00:00+08:00,永定门内,6.0,,4.0,21.0,0.3,54.0,Quotsoft/Beijing-monitoring-archive,False
2019-02-12 01:00:00+08:00,前门,10.0,11.0,4.0,21.0,0.4,44.0,Quotsoft/Beijing-monitoring-archive,False
2019-02-12 01:00:00+08:00,天坛,6.0,13.0,4.0,25.0,0.4,54.0,Quotsoft/Beijing-monitoring-archive,False
2019-02-12 01:00:00+08:00,永定门内,9.0,11.0,5.0,22.0,0.3,49.0,Quotsoft/Beijing-monitoring-archive,False
2019-02-12 02:00:00+08:00,前门,12.0,,7.0,19.0,0.3,43.0,Quotsoft/Beijing-monitoring-archive,False
2019-02-12 02:00:00+08:00,天坛,11.0,18.0,7.0,26.0,0.4,51.0,Quotsoft/Beijing-monitoring-archive,False
2019-02-12 02:00:00+08:00,永定门内,10.0,15.0,10.0,18.0,0.4,46.0,Quotsoft/Beijing-monitoring-archive,False
2019-02-12 03:00:00+08:00,前门,13.0,15.0,7.0,18.0,0.3,43.0,Quotsoft/Beijing-monitoring-archive,False
2019-02-12 03:00:00+08:00,天坛,13.0,23.0,7.0,24.0,0.5,52.0,Quotsoft/Beijing-monitoring-archive,False
2019-02-12 03:00:00+08:00,永定门内,7.0,19.0,11.0,18.0,0.3,46.0,Quotsoft/Beijing-monitoring-archive,False
2019-02-12 04:00:00+08:00,前门,15.0,17.0,7.0,20.0,0.4,,Quotsoft/Beijing-monitoring-archive,False
2019-02-12 04:00:00+08:00,天坛,12.0,29.0,7.0,27.0,0.5,48.0,Quotsoft/Beijing-monitoring-archive,False
2019-02-12 04:00:00+08:00,永定门内,20.0,28.0,11.0,20.0,0.4,,Quotsoft/Beijing-monitoring-archive,False
2019-02-12 05:00:00+08:00,前门,14.0,14.0,8.0,23.0,0.4,37.0,Quotsoft/Beijing-monitoring-archive,False
2019-02-12 05:00:00+08:00,天坛,20.0,24.0,8.0,26.0,0.5,48.0,Quotsoft/Beijing-monitoring-archive,False
2019-02-12 05:00:00+08:00,永定门内,26.0,,13.0,21.0,0.5,44.0,Quotsoft/Beijing-monitoring-archive,False
2019-02-12 06:00:00+08:00,前门,17.0,,8.0,23.0,0.4,39.0,Quotsoft/Beijing-monitoring-archive,False
2019-02-12 06:00:00+08:00,天坛,16.0,22.0,9.0,27.0,0.5,46.0,Quotsoft/Beijing-monitoring-archive,False
2019-02-12 06:00:00+08:00,永定门内,15.0,21.0,13.0,25.0,0.5,43.0,Quotsoft/Beijing-monitoring-archive,False
2019-02-12 07:00:00+08:00,前门,46.0,94.0,11.0,51.0,1.2,13.0,Quotsoft/Beijing-monitoring-archive,False
2019-02-12 07:00:00+08:00,天坛,56.0,107.0,15.0,41.0,1.4,29.0,Quotsoft/Beijing-monitoring-archive,False
2019-02-12 07:00:00+08:00,永定门内,48.0,119.0,18.0,43.0,1.3,20.0,Quotsoft/Beijing-monitoring-archive,False
2019-02-12 08:00:00+08:00,前门,73.0,92.0,9.0,50.0,1.6,12.0,Quotsoft/Beijing-monitoring-archive,False
2019-02-12 08:00:00+08:00,天坛,63.0,115.0,18.0,46.0,1.7,23.0,Quotsoft/Beijing-monitoring-archive,False
2019-02-12 08:00:00+08:00,永定门内,65.0,102.0,19.0,51.0,1.6,11.0,Quotsoft/Beijing-monitoring-archive,False
2019-02-12 09:00:00+08:00,前门,52.0,86.0,9.0,49.0,1.4,13.0,Quotsoft/Beijing-monitoring-archive,False
2019-02-12 09:00:00+08:00,天坛,58.0,110.0,14.0,39.0,1.5,27.0,Quotsoft/Beijing-monitoring-archive,False
2019-02-12 09:00:00+08:00,永定门内,54.0,96.0,16.0,44.0,1.4,16.0,Quotsoft/Beijing-monitoring-archive,False
2019-02-12 10:00:00+08:00,前门,44.0,71.0,5.0,42.0,1.3,17.0,Quotsoft/Beijing-monitoring-archive,False
2019-02-12 10:00:00+08:00,天坛,42.0,96.0,8.0,34.0,1.3,31.0,Quotsoft/Beijing-monitoring-archive,False
2019-02-12 10:00:00+08:00,永定门内,38.0,83.0,9.0,34.0,1.0,26.0,Quotsoft/Beijing-monitoring-archive,False
2019-02-12 11:00:00+08:00,前门,34.0,62.0,3.0,36.0,1.1,22.0,Quotsoft/Beijing-monitoring-archive,False
2019-02-12 11:00:00+08:00,天坛,34.0,87.0,5.0,30.0,1.1,34.0,Quotsoft/Beijing-monitoring-archive,False
2019-02-12 11:00:00+08:00,永定门内,30.0,72.0,7.0,32.0,0.9,27.0,Quotsoft/Beijing-monitoring-archive,False
2019-02-12 12:00:00+08:00,前门,43.0,53.0,3.0,39.0,1.2,18.0,Quotsoft/Beijing-monitoring-archive,False
2019-02-12 12:00:00+08:00,天坛,42.0,66.0,4.0,32.0,1.2,32.0,Quotsoft/Beijing-monitoring-archive,False
2019-02-12 12:00:00+08:00,永定门内,40.0,55.0,6.0,33.0,1.0,25.0,Quotsoft/Beijing-monitoring-archive,False
2019-02-12 13:00:00+08:00,前门,46.0,48.0,3.0,39.0,1.2,22.0,Quotsoft/Beijing-monitoring-archive,False
2019-02-12 13:00:00+08:00,天坛,42.0,55.0,5.0,28.0,1.2,39.0,Quotsoft/Beijing-monitoring-archive,False
2019-02-12 13:00:00+08:00,永定门内,42.0,52.0,7.0,30.0,1.0,31.0,Quotsoft/Beijing-monitoring-archive,False
2019-02-12 14:00:00+08:00,前门,39.0,42.0,4.0,33.0,1.1,28.0,Quotsoft/Beijing-monitoring-archive,False
2019-02-12 14:00:00+08:00,天坛,34.0,47.0,7.0,27.0,1.0,42.0,Quotsoft/Beijing-monitoring-archive,False
2019-02-12 14:00:00+08:00,永定门内,40.0,47.0,9.0,34.0,0.9,32.0,Quotsoft/Beijing-monitoring-archive,False
2019-02-12 15:00:00+08:00,前门,31.0,43.0,5.0,35.0,1.0,29.0,Quotsoft/Beijing-monitoring-archive,False
2019-02-12 15:00:00+08:00,天坛,33.0,44.0,10.0,27.0,1.1,44.0,Quotsoft/Beijing-monitoring-archive,False
2019-02-12 15:00:00+08:00,永定门内,37.0,48.0,10.0,31.0,0.9,35.0,Quotsoft/Beijing-monitoring-archive,False
2019-02-12 16:00:00+08:00,前门,36.0,50.0,7.0,36.0,1.1,29.0,Quotsoft/Beijing-monitoring-archive,False
2019-02-12 16:00:00+08:00,天坛,34.0,54.0,12.0,27.0,1.1,45.0,Quotsoft/Beijing-monitoring-archive,False
2019-02-12 16:00:00+08:00,永定门内,37.0,51.0,12.0,31.0,0.9,36.0,Quotsoft/Beijing-monitoring-archive,False
2019-02-12 17:00:00+08:00,前门,45.0,51.0,7.0,39.0,1.1,26.0,Quotsoft/Beijing-monitoring-archive,False
2019-02-12 17:00:00+08:00,天坛,34.0,62.0,12.0,31.0,1.1,42.0,Quotsoft/Beijing-monitoring-archive,False
2019-02-12 17:00:00+08:00,永定门内,34.0,56.0,13.0,38.0,1.0,30.0,Quotsoft/Beijing-monitoring-archive,False
2019-02-12 18:00:00+08:00,前门,37.0,52.0,5.0,40.0,1.1,25.0,Quotsoft/Beijing-monitoring-archive,False
2019-02-12 18:00:00+08:00,天坛,32.0,67.0,9.0,30.0,1.0,41.0,Quotsoft/Beijing-monitoring-archive,False
2019-02-12 18:00:00+08:00,永定门内,35.0,55.0,11.0,37.0,0.9,32.0,Quotsoft/Beijing-monitoring-archive,False
2019-02-12 19:00:00+08:00,前门,39.0,50.0,4.0,42.0,1.0,23.0,Quotsoft/Beijing-monitoring-archive,False
2019-02-12 19:00:00+08:00,天坛,36.0,72.0,5.0,30.0,1.0,34.0,Quotsoft/Beijing-monitoring-archive,False
2019-02-12 19:00:00+08:00,永定门内,37.0,57.0,9.0,51.0,0.9,17.0,Quotsoft/Beijing-monitoring-archive,False
2019-02-12 20:00:00+08:00,前门,41.0,49.0,4.0,40.0,1.0,24.0,Quotsoft/Beijing-monitoring-archive,False
2019-02-12 20:00:00+08:00,天坛,36.0,54.0,4.0,30.0,1.0,28.0,Quotsoft/Beijing-monitoring-archive,False
2019-02-12 20:00:00+08:00,永定门内,36.0,58.0,9.0,50.0,0.9,13.0,Quotsoft/Beijing-monitoring-archive,False
2019-02-12 21:00:00+08:00,前门,34.0,67.0,4.0,44.0,1.1,17.0,Quotsoft/Beijing-monitoring-archive,False
2019-02-12 21:00:00+08:00,天坛,37.0,53.0,3.0,34.0,1.1,23.0,Quotsoft/Beijing-monitoring-archive,False
2019-02-12 21:00:00+08:00,永定门内,32.0,65.0,10.0,44.0,0.9,17.0,Quotsoft/Beijing-monitoring-archive,False
2019-02-12 22:00:00+08:00,前门,39.0,58.0,4.0,40.0,1.0,20.0,Quotsoft/Beijing-monitoring-archive,False
2019-02-12 22:00:00+08:00,天坛,32.0,58.0,3.0,36.0,1.1,23.0,Quotsoft/Beijing-monitoring-archive,False
2019-02-12 22:00:00+08:00,永定门内,35.0,62.0,9.0,38.0,0.9,19.0,Quotsoft/Beijing-monitoring-archive,False
2019-02-12 23:00:00+08:00,前门,42.0,57.0,3.0,43.0,1.0,15.0,Quotsoft/Beijing-monitoring-archive,False
2019-02-12 23:00:00+08:00,天坛,30.0,57.0,3.0,37.0,1.0,21.0,Quotsoft/Beijing-monitoring-archive,False
2019-02-12 23:00:00+08:00,永定门内,35.0,60.0,8.0,38.0,0.8,19.0,Quotsoft/Beijing-monitoring-archive,False
2019-02-13 00:00:00+08:00,前门,40.0,54.0,3.0,44.0,0.9,14.0,Quotsoft/Beijing-monitoring-archive,False
2019-02-13 00:00:00+08:00,天坛,34.0,58.0,2.0,36.0,1.0,20.0,Quotsoft/Beijing-monitoring-archive,False
2019-02-13 00:00:00+08:00,永定门内,34.0,60.0,7.0,38.0,0.8,16.0,Quotsoft/Beijing-monitoring-archive,False
2019-02-13 01:00:00+08:00,前门,35.0,53.0,3.0,44.0,0.9,15.0,Quotsoft/Beijing-monitoring-archive,False
2019-02-13 01:00:00+08:00,天坛,38.0,55.0,1.0,36.0,1.0,17.0,Quotsoft/Beijing-monitoring-archive,False
2019-02-13 01:00:00+08:00,永定门内,37.0,59.0,6.0,39.0,0.7,14.0,Quotsoft/Beijing-monitoring-archive,False
2019-02-13 02:00:00+08:00,前门,40.0,53.0,2.0,37.0,0.9,17.0,Quotsoft/Beijing-monitoring-archive,False
2019-02-13 02:00:00+08:00,天坛,38.0,54.0,1.0,34.0,0.9,14.0,Quotsoft/Beijing-monitoring-archive,False
2019-02-13 02:00:00+08:00,永定门内,39.0,60.0,5.0,47.0,0.8,2.0,Quotsoft/Beijing-monitoring-archive,False
2019-02-13 03:00:00+08:00,前门,51.0,54.0,2.0,43.0,1.0,11.0,Quotsoft/Beijing-monitoring-archive,False
2019-02-13 03:00:00+08:00,天坛,39.0,56.0,2.0,38.0,1.0,12.0,Quotsoft/Beijing-monitoring-archive,False
2019-02-13 03:00:00+08:00,永定门内,42.0,55.0,5.0,43.0,0.8,5.0,Quotsoft/Beijing-monitoring-archive,False
2019-02-13 04:00:00+08:00,前门,67.0,,2.0,48.0,1.2,8.0,Quotsoft/Beijing-monitoring-archive,False
2019-02-13 04:00:00+08:00,天坛,66.0,69.0,4.0,54.0,1.3,10.0,Quotsoft/Beijing-monitoring-archive,False
2019-02-13 04:00:00+08:00,永定门内,59.0,,5.0,49.0,1.1,1.0,Quotsoft/Beijing-monitoring-archive,False
2019-02-13 05:00:00+08:00,前门,61.0,,2.0,49.0,1.1,8.0,Quotsoft/Beijing-monitoring-archive,False
2019-02-13 05:00:00+08:00,天坛,59.0,64.0,3.0,53.0,1.3,10.0,Quotsoft/Beijing-monitoring-archive,False
2019-02-13 05:00:00+08:00,永定门内,61.0,,5.0,53.0,1.1,2.0,Quotsoft/Beijing-monitoring-archive,False
2019-02-13 06:00:00+08:00,前门,53.0,,2.0,36.0,1.0,19.0,Quotsoft/Beijing-monitoring-archive,False
2019-02-13 06:00:00+08:00,天坛,51.0,,3.0,37.0,1.0,26.0,Quotsoft/Beijing-monitoring-archive,False
2019-02-13 06:00:00+08:00,永定门内,49.0,,5.0,38.0,0.8,14.0,Quotsoft/Beijing-monitoring-archive,False
2019-02-13 07:00:00+08:00,前门,38.0,,2.0,39.0,1.0,20.0,Quotsoft/Beijing-monitoring-archive,False
2019-02-13 07:00:00+08:00,天坛,40.0,,3.0,30.0,0.8,34.0,Quotsoft/Beijing-monitoring-archive,False
2019-02-13 07:00:00+08:00,永定门内,35.0,,5.0,40.0,0.6,22.0,Quotsoft/Beijing-monitoring-archive,False
2019-02-13 08:00:00+08:00,前门,25.0,,2.0,39.0,0.8,25.0,Quotsoft/Beijing-monitoring-archive,False
2019-02-13 08:00:00+08:00,天坛,26.0,,3.0,32.0,0.7,34.0,Quotsoft/Beijing-monitoring-archive,False
2019-02-13 08:00:00+08:00,永定门内,23.0,,5.0,42.0,0.6,24.0,Quotsoft/Beijing-monitoring-archive,False
2019-02-13 09:00:00+08:00,前门,15.0,,3.0,36.0,0.7,30.0,Quotsoft/Beijing-monitoring-archive,False
2019-02-13 09:00:00+08:00,天坛,4.0,5.0,3.0,26.0,0.6,45.0,Quotsoft/Beijing-monitoring-archive,False
2019-02-13 09:00:00+08:00,永定门内,17.0,,5.0,32.0,0.4,39.0,Quotsoft/Beijing-monitoring-archive,False
2019-02-13 10:00:00+08:00,前门,11.0,,3.0,28.0,0.6,39.0,Quotsoft/Beijing-monitoring-archive,False
2019-02-13 10:00:00+08:00,天坛,8.0,9.0,3.0,22.0,0.5,49.0,Quotsoft/Beijing-monitoring-archive,False
2019-02-13 10:00:00+08:00,永定门内,15.0,15.0,5.0,24.0,0.4,48.0,Quotsoft/Beijing-monitoring-archive,False
2019-02-13 11:00:00+08:00,前门,9.0,,2.0,20.0,0.5,47.0,Quotsoft/Beijing-monitoring-archive,False
2019-02-13 11:00:00+08:00,天坛,8.0,10.0,2.0,17.0,0.5,57.0,Quotsoft/Beijing-monitoring-archive,False
2019-02-13 11:00:00+08:00,永定门内,8.0,10.0,4.0,17.0,0.3,57.0,Quotsoft/Beijing-monitoring-archive,False
2019-02-13 12:00:00+08:00,前门,10.0,,3.0,21.0,0.4,51.0,Quotsoft/Beijing-monitoring-archive,False
2019-02-13 12:00:00+08:00,天坛,2.0,12.0,2.0,16.0,0.5,61.0,Quotsoft/Beijing-monitoring-archive,False
2019-02-13 12:00:00+08:00,永定门内,12.0,13.0,5.0,14.0,0.3,62.0,Quotsoft/Beijing-monitoring-archive,False
2019-02-13 13:00:00+08:00,前门,12.0,,3.0,23.0,0.4,52.0,Quotsoft/Beijing-monitoring-archive,False
2019-02-13 13:00:00+08:00,天坛,4.0,,2.0,14.0,0.4,66.0,Quotsoft/Beijing-monitoring-archive,False
2019-02-13 13:00:00+08:00,永定门内,12.0,,4.0,12.0,0.3,67.0,Quotsoft/Beijing-monitoring-archive,False
2019-02-13 14:00:00+08:00,前门,12.0,,3.0,21.0,0.4,53.0,Quotsoft/Beijing-monitoring-archive,False
2019-02-13 14:00:00+08:00,天坛,4.0,,2.0,15.0,0.4,67.0,Quotsoft/Beijing-monitoring-archive,False
2019-02-13 14:00:00+08:00,永定门内,8.0,,5.0,14.0,0.3,68.0,Quotsoft/Beijing-monitoring-archive,False
2019-02-13 15:00:00+08:00,前门,9.0,,3.0,17.0,0.4,57.0,Quotsoft/Beijing-monitoring-archive,False
2019-02-13 15:00:00+08:00,天坛,9.0,,2.0,15.0,0.4,68.0,Quotsoft/Beijing-monitoring-archive,False
2019-02-13 15:00:00+08:00,永定门内,10.0,,5.0,16.0,0.3,66.0,Quotsoft/Beijing-monitoring-archive,False
2019-02-13 16:00:00+08:00,前门,8.0,,3.0,21.0,0.4,52.0,Quotsoft/Beijing-monitoring-archive,False
2019-02-13 16:00:00+08:00,天坛,8.0,,2.0,19.0,0.4,65.0,Quotsoft/Beijing-monitoring-archive,False
2019-02-13 16:00:00+08:00,永定门内,7.0,8.0,4.0,19.0,0.4,63.0,Quotsoft/Beijing-monitoring-archive,False
2019-02-13 17:00:00+08:00,前门,8.0,9.0,3.0,22.0,0.4,51.0,Quotsoft/Beijing-monitoring-archive,False
2019-02-13 17:00:00+08:00,天坛,6.0,,2.0,19.0,0.4,65.0,Quotsoft/Beijing-monitoring-archive,False
2019-02-13 17:00:00+08:00,永定门内,9.0,13.0,4.0,27.0,0.4,58.0,Quotsoft/Beijing-monitoring-archive,False
2019-02-13 18:00:00+08:00,前门,7.0,16.0,3.0,29.0,0.4,43.0,Quotsoft/Beijing-monitoring-archive,False
2019-02-13 18:00:00+08:00,天坛,12.0,25.0,2.0,22.0,0.4,57.0,Quotsoft/Beijing-monitoring-archive,False
2019-02-13 18:00:00+08:00,永定门内,11.0,19.0,5.0,36.0,0.4,46.0,Quotsoft/Beijing-monitoring-archive,False
2019-02-13 19:00:00+08:00,前门,11.0,22.0,3.0,37.0,0.5,33.0,Quotsoft/Beijing-monitoring-archive,False
2019-02-13 19:00:00+08:00,天坛,7.0,20.0,2.0,25.0,0.5,49.0,Quotsoft/Beijing-monitoring-archive,False
2019-02-13 19:00:00+08:00,永定门内,11.0,23.0,4.0,49.0,0.4,30.0,Quotsoft/Beijing-monitoring-archive,False
2019-02-13 20:00:00+08:00,前门,22.0,27.0,3.0,39.0,0.5,31.0,Quotsoft/Beijing-monitoring-archive,False
2019-02-13 20:00:00+08:00,天坛,10.0,17.0,2.0,31.0,0.5,45.0,Quotsoft/Beijing-monitoring-archive,False
2019-02-13 20:00:00+08:00,永定门内,12.0,23.0,4.0,45.0,0.5,33.0,Quotsoft/Beijing-monitoring-archive,False
2019-02-13 21:00:00+08:00,前门,15.0,28.0,3.0,39.0,0.6,31.0,Quotsoft/Beijing-monitoring-archive,False
2019-02-13 21:00:00+08:00,天坛,8.0,28.0,2.0,32.0,0.5,36.0,Quotsoft/Beijing-monitoring-archive,False
2019-02-13 21:00:00+08:00,永定门内,16.0,30.0,5.0,48.0,0.4,27.0,Quotsoft/Beijing-monitoring-archive,False
2019-02-13 22:00:00+08:00,前门,22.0,33.0,3.0,39.0,0.6,30.0,Quotsoft/Beijing-monitoring-archive,False
2019-02-13 22:00:00+08:00,天坛,13.0,21.0,2.0,33.0,0.5,34.0,Quotsoft/Beijing-monitoring-archive,False
2019-02-13 22:00:00+08:00,永定门内,21.0,42.0,5.0,52.0,0.4,22.0,Quotsoft/Beijing-monitoring-archive,False
2019-02-13 23:00:00+08:00,前门,63.0,90.0,3.0,43.0,1.0,24.0,Quotsoft/Beijing-monitoring-archive,False
2019-02-13 23:00:00+08:00,天坛,34.0,60.0,3.0,42.0,0.8,25.0,Quotsoft/Beijing-monitoring-archive,False
2019-02-13 23:00:00+08:00,永定门内,60.0,103.0,7.0,50.0,0.9,18.0,Quotsoft/Beijing-monitoring-archive,False
2019-02-14 00:00:00+08:00,前门,83.0,,3.0,49.0,1.1,18.0,Quotsoft/Beijing-monitoring-archive,False
2019-02-14 00:00:00+08:00,天坛,75.0,88.0,1.0,50.0,1.2,18.0,Quotsoft/Beijing-monitoring-archive,False
2019-02-14 00:00:00+08:00,永定门内,77.0,,6.0,53.0,1.1,9.0,Quotsoft/Beijing-monitoring-archive,False
2019-02-14 01:00:00+08:00,前门,75.0,,3.0,57.0,1.2,8.0,Quotsoft/Beijing-monitoring-archive,False
2019-02-14 01:00:00+08:00,天坛,79.0,81.0,1.0,51.0,1.3,15.0,Quotsoft/Beijing-monitoring-archive,False
2019-02-14 01:00:00+08:00,永定门内,82.0,,6.0,57.0,1.2,2.0,Quotsoft/Beijing-monitoring-archive,False
2019-02-14 02:00:00+08:00,前门,77.0,,3.0,59.0,1.2,6.0,Quotsoft/Beijing-monitoring-archive,False
2019-02-14 02:00:00+08:00,天坛,82.0,,2.0,54.0,1.4,12.0,Quotsoft/Beijing-monitoring-archive,False
2019-02-14 02:00:00+08:00,永定门内,82.0,,7.0,57.0,1.2,2.0,Quotsoft/Beijing-monitoring-archive,False
2019-02-14 03:00:00+08:00,前门,67.0,,4.0,61.0,1.3,7.0,Quotsoft/Beijing-monitoring-archive,False
2019-02-14 03:00:00+08:00,天坛,73.0,,5.0,55.0,1.5,15.0,Quotsoft/Beijing-monitoring-archive,False
2019-02-14 03:00:00+08:00,永定门内,70.0,,10.0,58.0,1.3,2.0,Quotsoft/Beijing-monitoring-archive,False
2019-02-14 04:00:00+08:00,前门,67.0,,6.0,52.0,1.5,,Quotsoft/Beijing-monitoring-archive,False
2019-02-14 04:00:00+08:00,天坛,67.0,,10.0,49.0,1.7,20.0,Quotsoft/Beijing-monitoring-archive,False
2019-02-14 04:00:00+08:00,永定门内,66.0,,13.0,48.0,1.5,,Quotsoft/Beijing-monitoring-archive,False
2019-02-14 05:00:00+08:00,前门,72.0,,5.0,58.0,1.5,7.0,Quotsoft/Beijing-monitoring-archive,False
2019-02-14 05:00:00+08:00,天坛,74.0,,10.0,66.0,1.7,6.0,Quotsoft/Beijing-monitoring-archive,False
2019-02-14 05:00:00+08:00,永定门内,59.0,,12.0,46.0,1.3,13.0,Quotsoft/Beijing-monitoring-archive,False
2019-02-14 06:00:00+08:00,前门,75.0,,5.0,64.0,1.7,2.0,Quotsoft/Beijing-monitoring-archive,False
2019-02-14 06:00:00+08:00,天坛,79.0,,8.0,69.0,2.0,4.0,Quotsoft/Beijing-monitoring-archive,False
2019-02-14 06:00:00+08:00,永定门内,71.0,,12.0,71.0,1.6,2.0,Quotsoft/Beijing-monitoring-archive,False
2019-02-14 07:00:00+08:00,前门,73.0,,6.0,66.0,1.7,2.0,Quotsoft/Beijing-monitoring-archive,False
2019-02-14 07:00:00+08:00,天坛,80.0,,8.0,68.0,1.9,4.0,Quotsoft/Beijing-monitoring-archive,False
2019-02-14 07:00:00+08:00,永定门内,67.0,,11.0,73.0,1.6,2.0,Quotsoft/Beijing-monitoring-archive,False
2019-02-14 08:00:00+08:00,前门,73.0,,5.0,61.0,1.5,4.0,Quotsoft/Beijing-monitoring-archive,False
2019-02-14 08:00:00+08:00,天坛,79.0,,7.0,64.0,1.5,6.0,Quotsoft/Beijing-monitoring-archive,False
2019-02-14 08:00:00+08:00,永定门内,73.0,,10.0,70.0,1.5,2.0,Quotsoft/Beijing-monitoring-archive,False
2019-02-14 09:00:00+08:00,前门,66.0,,5.0,62.0,1.4,6.0,Quotsoft/Beijing-monitoring-archive,False
2019-02-14 09:00:00+08:00,天坛,74.0,75.0,6.0,58.0,1.3,10.0,Quotsoft/Beijing-monitoring-archive,False
2019-02-14 09:00:00+08:00,永定门内,61.0,,9.0,59.0,1.2,7.0,Quotsoft/Beijing-monitoring-archive,False
2019-02-14 10:00:00+08:00,前门,55.0,,6.0,47.0,1.2,20.0,Quotsoft/Beijing-monitoring-archive,False
2019-02-14 10:00:00+08:00,天坛,59.0,60.0,8.0,36.0,1.1,31.0,Quotsoft/Beijing-monitoring-archive,False
2019-02-14 10:00:00+08:00,永定门内,57.0,,11.0,50.0,1.1,17.0,Quotsoft/Beijing-monitoring-archive,False
2019-02-14 11:00:00+08:00,前门,54.0,,7.0,39.0,1.0,31.0,Quotsoft/Beijing-monitoring-archive,False
2019-02-14 11:00:00+08:00,天坛,,1.0,42.0,,,45.0,Quotsoft/Beijing-monitoring-archive,False
2019-02-14 11:00:00+08:00,永定门内,49.0,,12.0,37.0,0.9,33.0,Quotsoft/Beijing-monitoring-archive,False
2019-02-14 12:00:00+08:00,前门,25.0,35.0,5.0,30.0,0.7,42.0,Quotsoft/Beijing-monitoring-archive,False
2019-02-14 12:00:00+08:00,天坛,6.0,18.0,5.0,,0.6,,Quotsoft/Beijing-monitoring-archive,False
2019-02-14 12:00:00+08:00,永定门内,26.0,51.0,8.0,21.0,0.5,51.0,Quotsoft/Beijing-monitoring-archive,False
2019-02-14 13:00:00+08:00,前门,29.0,,3.0,29.0,0.7,37.0,Quotsoft/Beijing-monitoring-archive,False
2019-02-14 13:00:00+08:00,天坛,16.0,43.0,3.0,15.0,0.6,55.0,Quotsoft/Beijing-monitoring-archive,False
2019-02-14 13:00:00+08:00,永定门内,30.0,36.0,6.0,25.0,0.5,45.0,Quotsoft/Beijing-monitoring-archive,False
2019-02-14 14:00:00+08:00,前门,30.0,,3.0,26.0,0.6,39.0,Quotsoft/Beijing-monitoring-archive,False
2019-02-14 14:00:00+08:00,天坛,24.0,,4.0,16.0,0.6,57.0,Quotsoft/Beijing-monitoring-archive,False
2019-02-14 14:00:00+08:00,永定门内,31.0,,7.0,25.0,0.5,45.0,Quotsoft/Beijing-monitoring-archive,False
2019-02-14 15:00:00+08:00,前门,35.0,,3.0,25.0,0.6,40.0,Quotsoft/Beijing-monitoring-archive,False
2019-02-14 15:00:00+08:00,天坛,30.0,,3.0,17.0,0.5,57.0,Quotsoft/Beijing-monitoring-archive,False
2019-02-14 15:00:00+08:00,永定门内,37.0,,7.0,25.0,0.5,44.0,Quotsoft/Beijing-monitoring-archive,False
2019-02-14 16:00:00+08:00,前门,42.0,,3.0,28.0,0.7,34.0,Quotsoft/Beijing-monitoring-archive,False
2019-02-14 16:00:00+08:00,天坛,37.0,,3.0,21.0,0.6,52.0,Quotsoft/Beijing-monitoring-archive,False
2019-02-14 16:00:00+08:00,永定门内,41.0,,6.0,26.0,0.6,40.0,Quotsoft/Beijing-monitoring-archive,False
2019-02-14 17:00:00+08:00,前门,37.0,,3.0,27.0,0.6,33.0,Quotsoft/Beijing-monitoring-archive,False
2019-02-14 17:00:00+08:00,天坛,34.0,,3.0,21.0,0.6,52.0,Quotsoft/Beijing-monitoring-archive,False
2019-02-14 17:00:00+08:00,永定门内,40.0,,6.0,30.0,0.6,36.0,Quotsoft/Beijing-monitoring-archive,False
2019-02-14 18:00:00+08:00,前门,38.0,,2.0,30.0,0.7,28.0,Quotsoft/Beijing-monitoring-archive,False
2019-02-14 18:00:00+08:00,天坛,39.0,42.0,2.0,27.0,0.6,43.0,Quotsoft/Beijing-monitoring-archive,False
2019-02-14 18:00:00+08:00,永定门内,41.0,,5.0,31.0,0.6,32.0,Quotsoft/Beijing-monitoring-archive,False
2019-02-14 19:00:00+08:00,前门,46.0,,3.0,31.0,0.7,31.0,Quotsoft/Beijing-monitoring-archive,False
2019-02-14 19:00:00+08:00,天坛,40.0,,2.0,25.0,0.6,46.0,Quotsoft/Beijing-monitoring-archive,False
2019-02-14 19:00:00+08:00,永定门内,43.0,,6.0,30.0,0.6,36.0,Quotsoft/Beijing-monitoring-archive,False
2019-02-14 20:00:00+08:00,前门,45.0,,3.0,31.0,0.7,31.0,Quotsoft/Beijing-monitoring-archive,False
2019-02-14 20:00:00+08:00,天坛,42.0,,2.0,26.0,0.6,44.0,Quotsoft/Beijing-monitoring-archive,False
2019-02-14 20:00:00+08:00,永定门内,43.0,,6.0,29.0,0.5,36.0,Quotsoft/Beijing-monitoring-archive,False
2019-02-14 21:00:00+08:00,前门,54.0,,3.0,28.0,0.7,33.0,Quotsoft/Beijing-monitoring-archive,False
2019-02-14 21:00:00+08:00,天坛,40.0,,2.0,26.0,0.6,45.0,Quotsoft/Beijing-monitoring-archive,False
2019-02-14 21:00:00+08:00,永定门内,41.0,,6.0,28.0,0.5,39.0,Quotsoft/Beijing-monitoring-archive,False
2019-02-14 22:00:00+08:00,前门,52.0,,3.0,29.0,0.6,32.0,Quotsoft/Beijing-monitoring-archive,False
2019-02-14 22:00:00+08:00,天坛,42.0,,2.0,21.0,0.5,49.0,Quotsoft/Beijing-monitoring-archive,False
2019-02-14 22:00:00+08:00,永定门内,44.0,,5.0,23.0,0.5,41.0,Quotsoft/Beijing-monitoring-archive,False
2019-02-14 23:00:00+08:00,前门,58.0,,2.0,31.0,0.6,28.0,Quotsoft/Beijing-monitoring-archive,False
2019-02-14 23:00:00+08:00,天坛,41.0,,1.0,24.0,0.6,34.0,Quotsoft/Beijing-monitoring-archive,False
2019-02-14 23:00:00+08:00,永定门内,51.0,,5.0,27.0,0.5,33.0,Quotsoft/Beijing-monitoring-archive,False
2019-02-15 00:00:00+08:00,前门,63.0,,3.0,27.0,0.6,30.0,Quotsoft/Beijing-monitoring-archive,False
2019-02-15 00:00:00+08:00,天坛,53.0,,1.0,28.0,0.7,32.0,Quotsoft/Beijing-monitoring-archive,False
2019-02-15 00:00:00+08:00,永定门内,62.0,,6.0,29.0,0.6,27.0,Quotsoft/Beijing-monitoring-archive,False
2019-02-15 01:00:00+08:00,前门,58.0,,2.0,28.0,0.7,28.0,Quotsoft/Beijing-monitoring-archive,False
2019-02-15 01:00:00+08:00,天坛,54.0,,1.0,29.0,0.7,33.0,Quotsoft/Beijing-monitoring-archive,False
2019-02-15 01:00:00+08:00,永定门内,56.0,,5.0,30.0,0.6,31.0,Quotsoft/Beijing-monitoring-archive,False
2019-02-15 02:00:00+08:00,前门,13.0,,3.0,12.0,0.3,55.0,Quotsoft/Beijing-monitoring-archive,False
2019-02-15 02:00:00+08:00,天坛,7.0,,2.0,11.0,0.4,66.0,Quotsoft/Beijing-monitoring-archive,False
2019-02-15 02:00:00+08:00,永定门内,16.0,,6.0,10.0,0.3,65.0,Quotsoft/Beijing-monitoring-archive,False
2019-02-15 03:00:00+08:00,前门,1.0,4.0,3.0,7.0,0.3,58.0,Quotsoft/Beijing-monitoring-archive,False
2019-02-15 03:00:00+08:00,天坛,,10.0,1.0,10.0,0.3,67.0,Quotsoft/Beijing-monitoring-archive,False
2019-02-15 03:00:00+08:00,永定门内,4.0,9.0,6.0,8.0,0.3,65.0,Quotsoft/Beijing-monitoring-archive,False
2019-02-15 04:00:00+08:00,前门,2.0,,3.0,7.0,0.3,56.0,Quotsoft/Beijing-monitoring-archive,False
2019-02-15 04:00:00+08:00,天坛,,6.0,2.0,12.0,0.3,64.0,Quotsoft/Beijing-monitoring-archive,False
2019-02-15 04:00:00+08:00,永定门内,4.0,,6.0,9.0,0.3,64.0,Quotsoft/Beijing-monitoring-archive,False
2019-02-15 05:00:00+08:00,前门,11.0,,3.0,6.0,0.3,56.0,Quotsoft/Beijing-monitoring-archive,False
2019-02-15 05:00:00+08:00,天坛,2.0,9.0,1.0,12.0,0.3,63.0,Quotsoft/Beijing-monitoring-archive,False
2019-02-15 05:00:00+08:00,永定门内,5.0,,7.0,7.0,0.2,65.0,Quotsoft/Beijing-monitoring-archive,False
2019-02-15 06:00:00+08:00,前门,9.0,,3.0,5.0,0.2,56.0,Quotsoft/Beijing-monitoring-archive,False
2019-02-15 06:00:00+08:00,天坛,,10.0,3.0,11.0,0.3,64.0,Quotsoft/Beijing-monitoring-archive,False
2019-02-15 06:00:00+08:00,永定门内,7.0,,3.0,8.0,0.2,,Quotsoft/Beijing-monitoring-archive,False
2019-02-15 07:00:00+08:00,前门,8.0,,2.0,9.0,0.3,51.0,Quotsoft/Beijing-monitoring-archive,False
2019-02-15 07:00:00+08:00,天坛,2.0,20.0,3.0,21.0,0.4,55.0,Quotsoft/Beijing-monitoring-archive,False
2019-02-15 07:00:00+08:00,永定门内,5.0,10.0,5.0,13.0,0.2,59.0,Quotsoft/Beijing-monitoring-archive,False
2019-02-15 08:00:00+08:00,前门,2.0,11.0,2.0,10.0,0.2,52.0,Quotsoft/Beijing-monitoring-archive,False
2019-02-15 08:00:00+08:00,天坛,4.0,23.0,1.0,15.0,0.3,61.0,Quotsoft/Beijing-monitoring-archive,False
2019-02-15 08:00:00+08:00,永定门内,5.0,19.0,5.0,17.0,0.3,55.0,Quotsoft/Beijing-monitoring-archive,False
2019-02-15 09:00:00+08:00,前门,3.0,12.0,2.0,14.0,0.3,47.0,Quotsoft/Beijing-monitoring-archive,False
2019-02-15 09:00:00+08:00,天坛,2.0,26.0,1.0,18.0,0.4,58.0,Quotsoft/Beijing-monitoring-archive,False
2019-02-15 09:00:00+08:00,永定门内,8.0,21.0,5.0,13.0,0.3,58.0,Quotsoft/Beijing-monitoring-archive,False
2019-02-15 10:00:00+08:00,前门,5.0,14.0,3.0,8.0,0.3,53.0,Quotsoft/Beijing-monitoring-archive,False
2019-02-15 10:00:00+08:00,天坛,3.0,21.0,1.0,14.0,0.3,61.0,Quotsoft/Beijing-monitoring-archive,False
2019-02-15 10:00:00+08:00,永定门内,3.0,16.0,5.0,11.0,0.3,62.0,Quotsoft/Beijing-monitoring-archive,False
2019-02-15 11:00:00+08:00,前门,2.0,17.0,3.0,12.0,0.3,53.0,Quotsoft/Beijing-monitoring-archive,False
2019-02-15 11:00:00+08:00,天坛,5.0,24.0,1.0,12.0,0.3,64.0,Quotsoft/Beijing-monitoring-archive,False
2019-02-15 11:00:00+08:00,永定门内,6.0,23.0,4.0,8.0,0.3,64.0,Quotsoft/Beijing-monitoring-archive,False
2019-02-15 12:00:00+08:00,前门,2.0,16.0,3.0,7.0,0.3,56.0,Quotsoft/Beijing-monitoring-archive,False
2019-02-15 12:00:00+08:00,天坛,9.0,29.0,2.0,12.0,0.3,66.0,Quotsoft/Beijing-monitoring-archive,False
2019-02-15 12:00:00+08:00,永定门内,6.0,19.0,5.0,8.0,0.3,65.0,Quotsoft/Beijing-monitoring-archive,False
2019-02-15 13:00:00+08:00,前门,9.0,13.0,3.0,8.0,0.3,56.0,Quotsoft/Beijing-monitoring-archive,False
2019-02-15 13:00:00+08:00,天坛,2.0,25.0,2.0,12.0,0.3,67.0,Quotsoft/Beijing-monitoring-archive,False
2019-02-15 13:00:00+08:00,永定门内,7.0,16.0,5.0,6.0,0.3,68.0,Quotsoft/Beijing-monitoring-archive,False
2019-02-15 14:00:00+08:00,前门,2.0,19.0,3.0,6.0,0.3,59.0,Quotsoft/Beijing-monitoring-archive,False
2019-02-15 14:00:00+08:00,天坛,6.0,26.0,2.0,11.0,0.3,70.0,Quotsoft/Beijing-monitoring-archive,False
2019-02-15 14:00:00+08:00,永定门内,9.0,19.0,6.0,5.0,0.3,71.0,Quotsoft/Beijing-monitoring-archive,False
2019-02-15 15:00:00+08:00,前门,15.0,21.0,4.0,7.0,0.3,60.0,Quotsoft/Beijing-monitoring-archive,False
2019-02-15 15:00:00+08:00,天坛,5.0,26.0,3.0,10.0,0.3,71.0,Quotsoft/Beijing-monitoring-archive,False
2019-02-15 15:00:00+08:00,永定门内,7.0,25.0,7.0,6.0,0.3,,Quotsoft/Beijing-monitoring-archive,False
2019-02-15 16:00:00+08:00,前门,11.0,25.0,4.0,7.0,0.3,60.0,Quotsoft/Beijing-monitoring-archive,False
2019-02-15 16:00:00+08:00,天坛,10.0,41.0,2.0,11.0,0.3,71.0,Quotsoft/Beijing-monitoring-archive,False
2019-02-15 16:00:00+08:00,永定门内,10.0,38.0,7.0,7.0,0.3,,Quotsoft/Beijing-monitoring-archive,False
2019-02-15 17:00:00+08:00,前门,12.0,24.0,4.0,7.0,0.3,59.0,Quotsoft/Beijing-monitoring-archive,False
2019-02-15 17:00:00+08:00,天坛,6.0,34.0,2.0,12.0,0.3,70.0,Quotsoft/Beijing-monitoring-archive,False
2019-02-15 17:00:00+08:00,永定门内,6.0,24.0,6.0,8.0,0.3,,Quotsoft/Beijing-monitoring-archive,False
2019-02-15 18:00:00+08:00,前门,8.0,18.0,4.0,10.0,0.3,56.0,Quotsoft/Beijing-monitoring-archive,False
2019-02-15 18:00:00+08:00,天坛,2.0,33.0,2.0,16.0,0.3,67.0,Quotsoft/Beijing-monitoring-archive,False
2019-02-15 18:00:00+08:00,永定门内,11.0,20.0,7.0,12.0,0.3,,Quotsoft/Beijing-monitoring-archive,False
2019-02-15 19:00:00+08:00,前门,12.0,22.0,4.0,14.0,0.3,51.0,Quotsoft/Beijing-monitoring-archive,False
2019-02-15 19:00:00+08:00,天坛,7.0,30.0,2.0,21.0,0.4,61.0,Quotsoft/Beijing-monitoring-archive,False
2019-02-15 19:00:00+08:00,永定门内,9.0,21.0,7.0,17.0,0.3,,Quotsoft/Beijing-monitoring-archive,False
2019-02-15 20:00:00+08:00,前门,18.0,22.0,4.0,13.0,0.3,52.0,Quotsoft/Beijing-monitoring-archive,False
2019-02-15 20:00:00+08:00,天坛,5.0,32.0,2.0,18.0,0.4,64.0,Quotsoft/Beijing-monitoring-archive,False
2019-02-15 20:00:00+08:00,永定门内,11.0,18.0,6.0,15.0,0.3,,Quotsoft/Beijing-monitoring-archive,False
2019-02-15 21:00:00+08:00,前门,6.0,16.0,3.0,11.0,0.3,54.0,Quotsoft/Beijing-monitoring-archive,False
2019-02-15 21:00:00+08:00,天坛,5.0,28.0,2.0,16.0,0.3,65.0,Quotsoft/Beijing-monitoring-archive,False
2019-02-15 21:00:00+08:00,永定门内,9.0,17.0,6.0,13.0,0.3,,Quotsoft/Beijing-monitoring-archive,False
2019-02-15 22:00:00+08:00,前门,8.0,13.0,3.0,11.0,0.3,54.0,Quotsoft/Beijing-monitoring-archive,False
2019-02-15 22:00:00+08:00,天坛,4.0,21.0,2.0,16.0,0.3,65.0,Quotsoft/Beijing-monitoring-archive,False
2019-02-15 22:00:00+08:00,永定门内,10.0,13.0,7.0,13.0,0.3,62.0,Quotsoft/Beijing-monitoring-archive,False
2019-02-15 23:00:00+08:00,前门,12.0,14.0,3.0,12.0,0.3,52.0,Quotsoft/Beijing-monitoring-archive,False
2019-02-15 23:00:00+08:00,天坛,5.0,19.0,3.0,17.0,0.4,64.0,Quotsoft/Beijing-monitoring-archive,False
2019-02-15 23:00:00+08:00,永定门内,10.0,14.0,6.0,14.0,0.3,59.0,Quotsoft/Beijing-monitoring-archive,False
2019-02-16 00:00:00+08:00,前门,8.0,12.0,4.0,12.0,0.3,51.0,Quotsoft/Beijing-monitoring-archive,False
2019-02-16 00:00:00+08:00,天坛,3.0,16.0,4.0,18.0,0.4,61.0,Quotsoft/Beijing-monitoring-archive,False
2019-02-16 00:00:00+08:00,永定门内,9.0,12.0,7.0,15.0,0.4,56.0,Quotsoft/Beijing-monitoring-archive,False
2019-02-16 01:00:00+08:00,前门,5.0,15.0,4.0,12.0,0.4,48.0,Quotsoft/Beijing-monitoring-archive,False
2019-02-16 01:00:00+08:00,天坛,5.0,23.0,3.0,19.0,0.4,59.0,Quotsoft/Beijing-monitoring-archive,False
2019-02-16 01:00:00+08:00,永定门内,8.0,17.0,7.0,15.0,0.4,53.0,Quotsoft/Beijing-monitoring-archive,False
2019-02-16 02:00:00+08:00,前门,3.0,11.0,5.0,16.0,0.4,43.0,Quotsoft/Beijing-monitoring-archive,False
2019-02-16 02:00:00+08:00,天坛,5.0,21.0,4.0,22.0,0.4,55.0,Quotsoft/Beijing-monitoring-archive,False
2019-02-16 02:00:00+08:00,永定门内,8.0,14.0,6.0,18.0,0.4,46.0,Quotsoft/Beijing-monitoring-archive,False
2019-02-16 03:00:00+08:00,前门,2.0,9.0,4.0,14.0,0.3,45.0,Quotsoft/Beijing-monitoring-archive,False
2019-02-16 03:00:00+08:00,天坛,2.0,18.0,4.0,20.0,0.4,57.0,Quotsoft/Beijing-monitoring-archive,False
2019-02-16 03:00:00+08:00,永定门内,7.0,8.0,5.0,15.0,0.3,49.0,Quotsoft/Beijing-monitoring-archive,False
2019-02-16 04:00:00+08:00,前门,3.0,6.0,4.0,10.0,0.3,,Quotsoft/Beijing-monitoring-archive,False
2019-02-16 04:00:00+08:00,天坛,3.0,14.0,4.0,15.0,0.4,60.0,Quotsoft/Beijing-monitoring-archive,False
2019-02-16 04:00:00+08:00,永定门内,6.0,7.0,5.0,12.0,0.3,,Quotsoft/Beijing-monitoring-archive,False
2019-02-16 05:00:00+08:00,前门,2.0,12.0,4.0,12.0,0.3,49.0,Quotsoft/Beijing-monitoring-archive,False
2019-02-16 05:00:00+08:00,天坛,6.0,21.0,4.0,14.0,0.4,61.0,Quotsoft/Beijing-monitoring-archive,False
2019-02-16 05:00:00+08:00,永定门内,8.0,11.0,5.0,11.0,0.3,57.0,Quotsoft/Beijing-monitoring-archive,False
2019-02-16 06:00:00+08:00,前门,7.0,10.0,4.0,14.0,0.4,50.0,Quotsoft/Beijing-monitoring-archive,False
2019-02-16 06:00:00+08:00,天坛,5.0,23.0,4.0,15.0,0.4,60.0,Quotsoft/Beijing-monitoring-archive,False
2019-02-16 06:00:00+08:00,永定门内,6.0,10.0,6.0,14.0,0.3,55.0,Quotsoft/Beijing-monitoring-archive,False
2019-02-16 07:00:00+08:00,前门,4.0,12.0,4.0,16.0,0.3,49.0,Quotsoft/Beijing-monitoring-archive,False
2019-02-16 07:00:00+08:00,天坛,10.0,24.0,4.0,18.0,0.4,60.0,Quotsoft/Beijing-monitoring-archive,False
2019-02-16 07:00:00+08:00,永定门内,5.0,12.0,5.0,17.0,0.3,53.0,Quotsoft/Beijing-monitoring-archive,False
2019-02-16 08:00:00+08:00,前门,6.0,16.0,4.0,19.0,0.4,47.0,Quotsoft/Beijing-monitoring-archive,False
2019-02-16 08:00:00+08:00,天坛,9.0,30.0,4.0,20.0,0.4,59.0,Quotsoft/Beijing-monitoring-archive,False
2019-02-16 08:00:00+08:00,永定门内,11.0,18.0,4.0,21.0,0.3,52.0,Quotsoft/Beijing-monitoring-archive,False
2019-02-16 09:00:00+08:00,前门,2.0,18.0,4.0,21.0,0.4,48.0,Quotsoft/Beijing-monitoring-archive,False
2019-02-16 09:00:00+08:00,天坛,7.0,30.0,3.0,19.0,0.4,63.0,Quotsoft/Beijing-monitoring-archive,False
2019-02-16 09:00:00+08:00,永定门内,5.0,21.0,5.0,19.0,0.4,56.0,Quotsoft/Beijing-monitoring-archive,False
2019-02-16 10:00:00+08:00,前门,3.0,11.0,5.0,19.0,0.4,54.0,Quotsoft/Beijing-monitoring-archive,False
2019-02-16 10:00:00+08:00,天坛,5.0,13.0,3.0,15.0,0.4,67.0,Quotsoft/Beijing-monitoring-archive,False
2019-02-16 10:00:00+08:00,永定门内,8.0,15.0,5.0,14.0,0.3,64.0,Quotsoft/Beijing-monitoring-archive,False
2019-02-16 11:00:00+08:00,前门,8.0,9.0,5.0,13.0,0.3,59.0,Quotsoft/Beijing-monitoring-archive,False
2019-02-16 11:00:00+08:00,天坛,4.0,,3.0,16.0,0.4,69.0,Quotsoft/Beijing-monitoring-archive,False
2019-02-16 11:00:00+08:00,永定门内,9.0,14.0,6.0,12.0,0.3,68.0,Quotsoft/Beijing-monitoring-archive,False
2019-02-16 12:00:00+08:00,前门,2.0,12.0,4.0,11.0,0.3,62.0,Quotsoft/Beijing-monitoring-archive,False
2019-02-16 12:00:00+08:00,天坛,7.0,19.0,2.0,15.0,0.3,73.0,Quotsoft/Beijing-monitoring-archive,False
2019-02-16 12:00:00+08:00,永定门内,9.0,13.0,4.0,10.0,0.3,71.0,Quotsoft/Beijing-monitoring-archive,False
2019-02-16 13:00:00+08:00,前门,15.0,,4.0,10.0,0.3,63.0,Quotsoft/Beijing-monitoring-archive,False
2019-02-16 13:00:00+08:00,天坛,8.0,13.0,2.0,13.0,0.3,75.0,Quotsoft/Beijing-monitoring-archive,False
2019-02-16 13:00:00+08:00,永定门内,8.0,10.0,5.0,8.0,0.3,72.0,Quotsoft/Beijing-monitoring-archive,False
2019-02-16 14:00:00+08:00,前门,2.0,7.0,4.0,10.0,0.3,64.0,Quotsoft/Beijing-monitoring-archive,False
2019-02-16 14:00:00+08:00,天坛,6.0,13.0,2.0,13.0,0.3,76.0,Quotsoft/Beijing-monitoring-archive,False
2019-02-16 14:00:00+08:00,永定门内,8.0,11.0,4.0,10.0,0.3,,Quotsoft/Beijing-monitoring-archive,False
2019-02-16 15:00:00+08:00,前门,12.0,,4.0,11.0,0.3,65.0,Quotsoft/Beijing-monitoring-archive,False
2019-02-16 15:00:00+08:00,天坛,10.0,,2.0,15.0,0.3,76.0,Quotsoft/Beijing-monitoring-archive,False
2019-02-16 15:00:00+08:00,永定门内,6.0,12.0,4.0,8.0,0.3,,Quotsoft/Beijing-monitoring-archive,False
2019-02-16 16:00:00+08:00,前门,11.0,12.0,4.0,10.0,0.3,65.0,Quotsoft/Beijing-monitoring-archive,False
2019-02-16 16:00:00+08:00,天坛,10.0,19.0,1.0,14.0,0.3,76.0,Quotsoft/Beijing-monitoring-archive,False
2019-02-16 16:00:00+08:00,永定门内,8.0,16.0,3.0,9.0,0.3,,Quotsoft/Beijing-monitoring-archive,False
2019-02-16 17:00:00+08:00,前门,12.0,,4.0,11.0,0.3,63.0,Quotsoft/Beijing-monitoring-archive,False
2019-02-16 17:00:00+08:00,天坛,3.0,24.0,2.0,16.0,0.3,74.0,Quotsoft/Beijing-monitoring-archive,False
2019-02-16 17:00:00+08:00,永定门内,9.0,17.0,3.0,9.0,0.3,,Quotsoft/Beijing-monitoring-archive,False
2019-02-16 18:00:00+08:00,前门,9.0,15.0,4.0,14.0,0.3,59.0,Quotsoft/Beijing-monitoring-archive,False
2019-02-16 18:00:00+08:00,天坛,9.0,25.0,2.0,18.0,0.4,70.0,Quotsoft/Beijing-monitoring-archive,False
2019-02-16 18:00:00+08:00,永定门内,10.0,19.0,4.0,14.0,0.3,,Quotsoft/Beijing-monitoring-archive,False
2019-02-16 19:00:00+08:00,前门,15.0,19.0,4.0,18.0,0.3,53.0,Quotsoft/Beijing-monitoring-archive,False
2019-02-16 19:00:00+08:00,天坛,7.0,27.0,2.0,24.0,0.4,63.0,Quotsoft/Beijing-monitoring-archive,False
2019-02-16 19:00:00+08:00,永定门内,10.0,19.0,4.0,17.0,0.3,,Quotsoft/Beijing-monitoring-archive,False
2019-02-16 20:00:00+08:00,前门,12.0,19.0,5.0,19.0,0.4,52.0,Quotsoft/Beijing-monitoring-archive,False
2019-02-16 20:00:00+08:00,天坛,13.0,35.0,3.0,25.0,0.4,61.0,Quotsoft/Beijing-monitoring-archive,False
2019-02-16 20:00:00+08:00,永定门内,12.0,21.0,5.0,20.0,0.4,,Quotsoft/Beijing-monitoring-archive,False
2019-02-16 21:00:00+08:00,前门,11.0,15.0,5.0,18.0,0.3,53.0,Quotsoft/Beijing-monitoring-archive,False
2019-02-16 21:00:00+08:00,天坛,8.0,19.0,3.0,23.0,0.4,64.0,Quotsoft/Beijing-monitoring-archive,False
2019-02-16 21:00:00+08:00,永定门内,10.0,18.0,6.0,22.0,0.4,,Quotsoft/Beijing-monitoring-archive,False
2019-02-16 22:00:00+08:00,前门,14.0,15.0,5.0,20.0,0.4,50.0,Quotsoft/Beijing-monitoring-archive,False
2019-02-16 22:00:00+08:00,天坛,10.0,27.0,5.0,24.0,0.4,62.0,Quotsoft/Beijing-monitoring-archive,False
2019-02-16 22:00:00+08:00,永定门内,9.0,16.0,5.0,20.0,0.4,57.0,Quotsoft/Beijing-monitoring-archive,False
2019-02-16 23:00:00+08:00,前门,16.0,,6.0,19.0,0.5,49.0,Quotsoft/Beijing-monitoring-archive,False
2019-02-16 23:00:00+08:00,天坛,9.0,29.0,6.0,24.0,0.5,60.0,Quotsoft/Beijing-monitoring-archive,False
2019-02-16 23:00:00+08:00,永定门内,11.0,19.0,7.0,26.0,0.4,,Quotsoft/Beijing-monitoring-archive,False
2019-02-17 00:00:00+08:00,前门,13.0,15.0,5.0,18.0,0.5,49.0,Quotsoft/Beijing-monitoring-archive,False
2019-02-17 00:00:00+08:00,天坛,11.0,21.0,5.0,22.0,0.5,60.0,Quotsoft/Beijing-monitoring-archive,False
2019-02-17 00:00:00+08:00,永定门内,12.0,15.0,6.0,19.0,0.4,56.0,Quotsoft/Beijing-monitoring-archive,False
2019-02-17 01:00:00+08:00,前门,7.0,13.0,5.0,16.0,0.4,50.0,Quotsoft/Beijing-monitoring-archive,False
2019-02-17 01:00:00+08:00,天坛,11.0,19.0,5.0,20.0,0.5,62.0,Quotsoft/Beijing-monitoring-archive,False
2019-02-17 01:00:00+08:00,永定门内,12.0,15.0,6.0,17.0,0.4,55.0,Quotsoft/Beijing-monitoring-archive,False
2019-02-17 02:00:00+08:00,前门,13.0,,5.0,17.0,0.4,50.0,Quotsoft/Beijing-monitoring-archive,False
2019-02-17 02:00:00+08:00,天坛,8.0,20.0,5.0,19.0,0.5,62.0,Quotsoft/Beijing-monitoring-archive,False
2019-02-17 02:00:00+08:00,永定门内,11.0,15.0,6.0,17.0,0.4,54.0,Quotsoft/Beijing-monitoring-archive,False
2019-02-17 03:00:00+08:00,前门,7.0,10.0,5.0,17.0,0.4,49.0,Quotsoft/Beijing-monitoring-archive,False
2019-02-17 03:00:00+08:00,天坛,5.0,16.0,5.0,20.0,0.5,61.0,Quotsoft/Beijing-monitoring-archive,False
2019-02-17 03:00:00+08:00,永定门内,10.0,,6.0,21.0,0.4,49.0,Quotsoft/Beijing-monitoring-archive,False
2019-02-17 04:00:00+08:00,前门,14.0,,5.0,16.0,0.4,48.0,Quotsoft/Beijing-monitoring-archive,False
2019-02-17 04:00:00+08:00,天坛,8.0,8.0,5.0,18.0,0.4,61.0,Quotsoft/Beijing-monitoring-archive,False
2019-02-17 04:00:00+08:00,永定门内,13.0,,6.0,20.0,0.4,49.0,Quotsoft/Beijing-monitoring-archive,False
2019-02-17 05:00:00+08:00,前门,12.0,,5.0,15.0,0.4,49.0,Quotsoft/Beijing-monitoring-archive,False
2019-02-17 05:00:00+08:00,天坛,7.0,10.0,5.0,19.0,0.5,60.0,Quotsoft/Beijing-monitoring-archive,False
2019-02-17 05:00:00+08:00,永定门内,9.0,,6.0,17.0,0.4,52.0,Quotsoft/Beijing-monitoring-archive,False
2019-02-17 06:00:00+08:00,前门,13.0,,6.0,15.0,0.4,49.0,Quotsoft/Beijing-monitoring-archive,False
2019-02-17 06:00:00+08:00,天坛,6.0,14.0,6.0,24.0,0.5,56.0,Quotsoft/Beijing-monitoring-archive,False
2019-02-17 06:00:00+08:00,永定门内,6.0,9.0,6.0,17.0,0.3,52.0,Quotsoft/Beijing-monitoring-archive,False
2019-02-17 07:00:00+08:00,前门,15.0,,6.0,24.0,0.6,41.0,Quotsoft/Beijing-monitoring-archive,False
2019-02-17 07:00:00+08:00,天坛,7.0,16.0,6.0,30.0,0.5,51.0,Quotsoft/Beijing-monitoring-archive,False
2019-02-17 07:00:00+08:00,永定门内,12.0,15.0,7.0,35.0,0.4,36.0,Quotsoft/Beijing-monitoring-archive,False
2019-02-17 08:00:00+08:00,前门,7.0,13.0,6.0,28.0,0.6,38.0,Quotsoft/Beijing-monitoring-archive,False
2019-02-17 08:00:00+08:00,天坛,10.0,19.0,6.0,27.0,0.5,54.0,Quotsoft/Beijing-monitoring-archive,False
2019-02-17 08:00:00+08:00,永定门内,12.0,13.0,7.0,38.0,0.4,36.0,Quotsoft/Beijing-monitoring-archive,False
2019-02-17 09:00:00+08:00,前门,11.0,14.0,7.0,23.0,0.5,47.0,Quotsoft/Beijing-monitoring-archive,False
2019-02-17 09:00:00+08:00,天坛,10.0,19.0,7.0,24.0,0.5,59.0,Quotsoft/Beijing-monitoring-archive,False
2019-02-17 09:00:00+08:00,永定门内,10.0,16.0,8.0,28.0,0.5,50.0,Quotsoft/Beijing-monitoring-archive,False
2019-02-17 10:00:00+08:00,前门,16.0,,7.0,21.0,0.6,50.0,Quotsoft/Beijing-monitoring-archive,False
2019-02-17 10:00:00+08:00,天坛,8.0,11.0,6.0,23.0,0.6,62.0,Quotsoft/Beijing-monitoring-archive,False
2019-02-17 10:00:00+08:00,永定门内,12.0,15.0,8.0,21.0,0.5,,Quotsoft/Beijing-monitoring-archive,False
2019-02-17 11:00:00+08:00,前门,10.0,,6.0,17.0,0.5,55.0,Quotsoft/Beijing-monitoring-archive,False
2019-02-17 11:00:00+08:00,天坛,4.0,17.0,4.0,19.0,0.5,66.0,Quotsoft/Beijing-monitoring-archive,False
2019-02-17 11:00:00+08:00,永定门内,7.0,12.0,7.0,17.0,0.5,60.0,Quotsoft/Beijing-monitoring-archive,False
2019-02-17 12:00:00+08:00,前门,9.0,,5.0,17.0,0.5,56.0,Quotsoft/Beijing-monitoring-archive,False
2019-02-17 12:00:00+08:00,天坛,3.0,19.0,3.0,21.0,0.5,67.0,Quotsoft/Beijing-monitoring-archive,False
2019-02-17 12:00:00+08:00,永定门内,12.0,,6.0,16.0,0.4,,Quotsoft/Beijing-monitoring-archive,False
2019-02-17 13:00:00+08:00,前门,2.0,2.0,5.0,14.0,0.4,58.0,Quotsoft/Beijing-monitoring-archive,False
2019-02-17 13:00:00+08:00,天坛,5.0,9.0,2.0,19.0,0.4,71.0,Quotsoft/Beijing-monitoring-archive,False
2019-02-17 13:00:00+08:00,永定门内,9.0,,5.0,13.0,0.4,,Quotsoft/Beijing-monitoring-archive,False
2019-02-17 14:00:00+08:00,前门,6.0,,5.0,16.0,0.4,59.0,Quotsoft/Beijing-monitoring-archive,False
2019-02-17 14:00:00+08:00,天坛,12.0,,2.0,18.0,0.4,72.0,Quotsoft/Beijing-monitoring-archive,False
2019-02-17 14:00:00+08:00,永定门内,10.0,,6.0,13.0,0.4,,Quotsoft/Beijing-monitoring-archive,False
2019-02-17 15:00:00+08:00,前门,9.0,,5.0,17.0,0.4,57.0,Quotsoft/Beijing-monitoring-archive,False
2019-02-17 15:00:00+08:00,天坛,6.0,,2.0,18.0,0.4,72.0,Quotsoft/Beijing-monitoring-archive,False
2019-02-17 15:00:00+08:00,永定门内,9.0,10.0,5.0,15.0,0.4,,Quotsoft/Beijing-monitoring-archive,False
2019-02-17 16:00:00+08:00,前门,3.0,7.0,5.0,15.0,0.3,58.0,Quotsoft/Beijing-monitoring-archive,False
2019-02-17 16:00:00+08:00,天坛,8.0,,2.0,18.0,0.4,72.0,Quotsoft/Beijing-monitoring-archive,False
2019-02-17 16:00:00+08:00,永定门内,8.0,11.0,5.0,12.0,0.4,,Quotsoft/Beijing-monitoring-archive,False
2019-02-17 17:00:00+08:00,前门,6.0,12.0,5.0,25.0,0.4,50.0,Quotsoft/Beijing-monitoring-archive,False
2019-02-17 17:00:00+08:00,天坛,13.0,15.0,2.0,21.0,0.4,70.0,Quotsoft/Beijing-monitoring-archive,False
2019-02-17 17:00:00+08:00,永定门内,9.0,16.0,5.0,21.0,0.4,,Quotsoft/Beijing-monitoring-archive,False
2019-02-17 18:00:00+08:00,前门,15.0,25.0,5.0,40.0,0.5,42.0,Quotsoft/Beijing-monitoring-archive,False
2019-02-17 18:00:00+08:00,天坛,10.0,20.0,2.0,28.0,0.4,67.0,Quotsoft/Beijing-monitoring-archive,False
2019-02-17 18:00:00+08:00,永定门内,10.0,20.0,5.0,30.0,0.4,,Quotsoft/Beijing-monitoring-archive,False
2019-02-17 19:00:00+08:00,前门,26.0,32.0,5.0,42.0,0.6,37.0,Quotsoft/Beijing-monitoring-archive,False
2019-02-17 19:00:00+08:00,天坛,13.0,27.0,2.0,31.0,0.5,61.0,Quotsoft/Beijing-monitoring-archive,False
2019-02-17 19:00:00+08:00,永定门内,20.0,30.0,6.0,35.0,0.5,,Quotsoft/Beijing-monitoring-archive,False
2019-02-17 20:00:00+08:00,前门,33.0,35.0,5.0,51.0,0.6,26.0,Quotsoft/Beijing-monitoring-archive,False
2019-02-17 20:00:00+08:00,天坛,21.0,36.0,2.0,36.0,0.5,48.0,Quotsoft/Beijing-monitoring-archive,False
2019-02-17 20:00:00+08:00,永定门内,28.0,40.0,5.0,67.0,0.6,,Quotsoft/Beijing-monitoring-archive,False
2019-02-17 21:00:00+08:00,前门,25.0,38.0,6.0,59.0,0.7,17.0,Quotsoft/Beijing-monitoring-archive,False
2019-02-17 21:00:00+08:00,天坛,26.0,41.0,1.0,42.0,0.6,33.0,Quotsoft/Beijing-monitoring-archive,False
2019-02-17 21:00:00+08:00,永定门内,32.0,42.0,6.0,77.0,0.7,,Quotsoft/Beijing-monitoring-archive,False
2019-02-17 22:00:00+08:00,前门,32.0,42.0,7.0,58.0,0.7,20.0,Quotsoft/Beijing-monitoring-archive,False
2019-02-17 22:00:00+08:00,天坛,32.0,,2.0,55.0,0.6,30.0,Quotsoft/Beijing-monitoring-archive,False
2019-02-17 22:00:00+08:00,永定门内,37.0,44.0,7.0,65.0,0.7,,Quotsoft/Beijing-monitoring-archive,False
2019-02-17 23:00:00+08:00,前门,49.0,53.0,8.0,68.0,1.0,10.0,Quotsoft/Beijing-monitoring-archive,False
2019-02-17 23:00:00+08:00,天坛,32.0,56.0,3.0,53.0,0.7,28.0,Quotsoft/Beijing-monitoring-archive,False
2019-02-17 23:00:00+08:00,永定门内,45.0,63.0,9.0,72.0,0.8,,Quotsoft/Beijing-monitoring-archive,False
2019-02-18 00:00:00+08:00,前门,57.0,69.0,8.0,72.0,0.9,5.0,Quotsoft/Beijing-monitoring-archive,False
2019-02-18 00:00:00+08:00,天坛,43.0,58.0,3.0,64.0,0.8,17.0,Quotsoft/Beijing-monitoring-archive,False
2019-02-18 00:00:00+08:00,永定门内,54.0,66.0,10.0,79.0,0.8,,Quotsoft/Beijing-monitoring-archive,False
2019-02-18 01:00:00+08:00,前门,52.0,57.0,11.0,76.0,1.0,3.0,Quotsoft/Beijing-monitoring-archive,False
2019-02-18 01:00:00+08:00,天坛,50.0,57.0,4.0,73.0,0.8,11.0,Quotsoft/Beijing-monitoring-archive,False
2019-02-18 01:00:00+08:00,永定门内,,,,,,,Quotsoft/Beijing-monitoring-archive,False
2019-02-18 02:00:00+08:00,前门,59.0,61.0,14.0,78.0,1.0,5.0,Quotsoft/Beijing-monitoring-archive,False
2019-02-18 02:00:00+08:00,天坛,57.0,59.0,5.0,55.0,0.8,27.0,Quotsoft/Beijing-monitoring-archive,False
2019-02-18 02:00:00+08:00,永定门内,64.0,74.0,11.0,62.0,0.8,,Quotsoft/Beijing-monitoring-archive,False
2019-02-18 03:00:00+08:00,前门,59.0,,9.0,75.0,0.9,4.0,Quotsoft/Beijing-monitoring-archive,False
2019-02-18 03:00:00+08:00,天坛,66.0,76.0,4.0,78.0,0.9,5.0,Quotsoft/Beijing-monitoring-archive,False
2019-02-18 03:00:00+08:00,永定门内,63.0,,9.0,66.0,0.7,,Quotsoft/Beijing-monitoring-archive,False
2019-02-18 04:00:00+08:00,前门,17.0,,6.0,64.0,0.8,,Quotsoft/Beijing-monitoring-archive,False
2019-02-18 04:00:00+08:00,天坛,40.0,49.0,4.0,77.0,0.8,7.0,Quotsoft/Beijing-monitoring-archive,False
2019-02-18 04:00:00+08:00,永定门内,44.0,,7.0,68.0,0.8,,Quotsoft/Beijing-monitoring-archive,False
2019-02-18 05:00:00+08:00,前门,14.0,,4.0,42.0,0.6,24.0,Quotsoft/Beijing-monitoring-archive,False
2019-02-18 05:00:00+08:00,天坛,20.0,35.0,2.0,64.0,0.6,13.0,Quotsoft/Beijing-monitoring-archive,False
2019-02-18 05:00:00+08:00,永定门内,13.0,,6.0,47.0,0.5,,Quotsoft/Beijing-monitoring-archive,False
2019-02-18 06:00:00+08:00,前门,11.0,,4.0,46.0,0.6,21.0,Quotsoft/Beijing-monitoring-archive,False
2019-02-18 06:00:00+08:00,天坛,16.0,27.0,1.0,56.0,0.6,10.0,Quotsoft/Beijing-monitoring-archive,False
2019-02-18 06:00:00+08:00,永定门内,14.0,15.0,6.0,60.0,0.5,,Quotsoft/Beijing-monitoring-archive,False
2019-02-18 07:00:00+08:00,前门,15.0,,3.0,53.0,0.6,14.0,Quotsoft/Beijing-monitoring-archive,False
2019-02-18 07:00:00+08:00,天坛,11.0,34.0,1.0,55.0,0.6,9.0,Quotsoft/Beijing-monitoring-archive,False
2019-02-18 07:00:00+08:00,永定门内,12.0,19.0,6.0,73.0,0.5,,Quotsoft/Beijing-monitoring-archive,False
2019-02-18 08:00:00+08:00,前门,16.0,,4.0,57.0,0.7,12.0,Quotsoft/Beijing-monitoring-archive,False
2019-02-18 08:00:00+08:00,天坛,12.0,64.0,1.0,62.0,0.7,6.0,Quotsoft/Beijing-monitoring-archive,False
2019-02-18 08:00:00+08:00,永定门内,9.0,21.0,7.0,72.0,0.7,,Quotsoft/Beijing-monitoring-archive,False
2019-02-18 09:00:00+08:00,前门,10.0,20.0,4.0,54.0,0.7,15.0,Quotsoft/Beijing-monitoring-archive,False
2019-02-18 09:00:00+08:00,天坛,9.0,30.0,2.0,57.0,0.8,13.0,Quotsoft/Beijing-monitoring-archive,False
2019-02-18 09:00:00+08:00,永定门内,15.0,27.0,7.0,64.0,0.7,,Quotsoft/Beijing-monitoring-archive,False
2019-02-18 10:00:00+08:00,前门,12.0,16.0,4.0,49.0,0.7,24.0,Quotsoft/Beijing-monitoring-archive,False
2019-02-18 10:00:00+08:00,天坛,16.0,,4.0,60.0,0.9,22.0,Quotsoft/Beijing-monitoring-archive,False
2019-02-18 10:00:00+08:00,永定门内,13.0,18.0,7.0,55.0,0.7,,Quotsoft/Beijing-monitoring-archive,False
2019-02-18 11:00:00+08:00,前门,13.0,16.0,6.0,40.0,0.7,35.0,Quotsoft/Beijing-monitoring-archive,False
2019-02-18 11:00:00+08:00,天坛,17.0,20.0,6.0,45.0,0.7,39.0,Quotsoft/Beijing-monitoring-archive,False
2019-02-18 11:00:00+08:00,永定门内,17.0,18.0,9.0,43.0,0.6,,Quotsoft/Beijing-monitoring-archive,False
2019-02-18 12:00:00+08:00,前门,18.0,,6.0,43.0,0.7,34.0,Quotsoft/Beijing-monitoring-archive,False
2019-02-18 12:00:00+08:00,天坛,19.0,25.0,5.0,46.0,0.7,39.0,Quotsoft/Beijing-monitoring-archive,False
2019-02-18 12:00:00+08:00,永定门内,16.0,20.0,10.0,,0.7,,Quotsoft/Beijing-monitoring-archive,False
2019-02-18 13:00:00+08:00,前门,22.0,27.0,7.0,51.0,0.7,31.0,Quotsoft/Beijing-monitoring-archive,False
2019-02-18 13:00:00+08:00,天坛,,1.0,6.0,58.0,0.9,31.0,Quotsoft/Beijing-monitoring-archive,False
2019-02-18 13:00:00+08:00,永定门内,24.0,44.0,11.0,39.0,0.4,31.0,Quotsoft/Beijing-monitoring-archive,False
2019-02-18 14:00:00+08:00,前门,36.0,37.0,9.0,51.0,0.8,34.0,Quotsoft/Beijing-monitoring-archive,False
2019-02-18 14:00:00+08:00,天坛,23.0,,8.0,47.0,0.8,46.0,Quotsoft/Beijing-monitoring-archive,False
2019-02-18 14:00:00+08:00,永定门内,41.0,,14.0,52.0,0.5,34.0,Quotsoft/Beijing-monitoring-archive,False
2019-02-18 15:00:00+08:00,前门,33.0,40.0,9.0,47.0,0.7,39.0,Quotsoft/Beijing-monitoring-archive,False
2019-02-18 15:00:00+08:00,天坛,39.0,40.0,8.0,43.0,0.7,49.0,Quotsoft/Beijing-monitoring-archive,False
2019-02-18 15:00:00+08:00,永定门内,37.0,,14.0,44.0,0.7,41.0,Quotsoft/Beijing-monitoring-archive,False
2019-02-18 16:00:00+08:00,前门,38.0,41.0,10.0,47.0,0.7,42.0,Quotsoft/Beijing-monitoring-archive,False
2019-02-18 16:00:00+08:00,天坛,44.0,,8.0,43.0,0.7,52.0,Quotsoft/Beijing-monitoring-archive,False
2019-02-18 16:00:00+08:00,永定门内,42.0,47.0,15.0,49.0,0.7,42.0,Quotsoft/Beijing-monitoring-archive,False
2019-02-18 17:00:00+08:00,前门,51.0,,10.0,48.0,0.8,42.0,Quotsoft/Beijing-monitoring-archive,False
2019-02-18 17:00:00+08:00,天坛,51.0,55.0,9.0,42.0,0.7,54.0,Quotsoft/Beijing-monitoring-archive,False
2019-02-18 17:00:00+08:00,永定门内,51.0,58.0,16.0,51.0,0.7,41.0,Quotsoft/Beijing-monitoring-archive,False
2019-02-18 18:00:00+08:00,前门,60.0,,10.0,58.0,0.9,34.0,Quotsoft/Beijing-monitoring-archive,False
2019-02-18 18:00:00+08:00,天坛,50.0,59.0,9.0,51.0,0.8,44.0,Quotsoft/Beijing-monitoring-archive,False
2019-02-18 18:00:00+08:00,永定门内,,,,,,,Quotsoft/Beijing-monitoring-archive,False
2019-02-18 19:00:00+08:00,前门,92.0,,12.0,62.0,1.1,36.0,Quotsoft/Beijing-monitoring-archive,False
2019-02-18 19:00:00+08:00,天坛,69.0,80.0,10.0,52.0,1.0,47.0,Quotsoft/Beijing-monitoring-archive,False
2019-02-18 19:00:00+08:00,永定门内,,,,,,,Quotsoft/Beijing-monitoring-archive,False
2019-02-18 20:00:00+08:00,前门,98.0,,13.0,65.0,1.2,37.0,Quotsoft/Beijing-monitoring-archive,False
2019-02-18 20:00:00+08:00,天坛,96.0,,10.0,51.0,1.2,51.0,Quotsoft/Beijing-monitoring-archive,False
2019-02-18 20:00:00+08:00,永定门内,,,,,,,Quotsoft/Beijing-monitoring-archive,False
2019-02-18 21:00:00+08:00,前门,97.0,,12.0,72.0,1.3,28.0,Quotsoft/Beijing-monitoring-archive,False
2019-02-18 21:00:00+08:00,天坛,93.0,98.0,7.0,56.0,1.2,40.0,Quotsoft/Beijing-monitoring-archive,False
2019-02-18 21:00:00+08:00,永定门内,,,,,,,Quotsoft/Beijing-monitoring-archive,False
2019-02-18 22:00:00+08:00,前门,118.0,,13.0,64.0,1.3,33.0,Quotsoft/Beijing-monitoring-archive,False
2019-02-18 22:00:00+08:00,天坛,104.0,,7.0,60.0,1.2,35.0,Quotsoft/Beijing-monitoring-archive,False
2019-02-18 22:00:00+08:00,永定门内,,,,,,,Quotsoft/Beijing-monitoring-archive,False
2019-02-18 23:00:00+08:00,前门,145.0,,14.0,69.0,1.5,25.0,Quotsoft/Beijing-monitoring-archive,False
2019-02-18 23:00:00+08:00,天坛,142.0,,9.0,65.0,1.4,27.0,Quotsoft/Beijing-monitoring-archive,False
2019-02-18 23:00:00+08:00,永定门内,,,,,,,Quotsoft/Beijing-monitoring-archive,False
2019-02-19 00:00:00+08:00,前门,149.0,,11.0,76.0,1.5,16.0,Quotsoft/Beijing-monitoring-archive,False
2019-02-19 00:00:00+08:00,天坛,162.0,,7.0,70.0,1.5,20.0,Quotsoft/Beijing-monitoring-archive,False
2019-02-19 00:00:00+08:00,永定门内,,,,,,,Quotsoft/Beijing-monitoring-archive,False
2019-02-19 01:00:00+08:00,前门,127.0,,9.0,70.0,1.5,18.0,Quotsoft/Beijing-monitoring-archive,False
2019-02-19 01:00:00+08:00,天坛,151.0,,5.0,67.0,1.5,19.0,Quotsoft/Beijing-monitoring-archive,False
2019-02-19 01:00:00+08:00,永定门内,,,,,,,Quotsoft/Beijing-monitoring-archive,False
2019-02-19 02:00:00+08:00,前门,129.0,,7.0,59.0,1.5,26.0,Quotsoft/Beijing-monitoring-archive,False
2019-02-19 02:00:00+08:00,天坛,145.0,155.0,8.0,45.0,1.4,38.0,Quotsoft/Beijing-monitoring-archive,False
2019-02-19 02:00:00+08:00,永定门内,,,,,,,Quotsoft/Beijing-monitoring-archive,False
2019-02-19 03:00:00+08:00,前门,,,,,,,Quotsoft/Beijing-monitoring-archive,False
2019-02-19 03:00:00+08:00,天坛,124.0,134.0,4.0,33.0,1.3,45.0,Quotsoft/Beijing-monitoring-archive,False
2019-02-19 03:00:00+08:00,永定门内,,,,,,,Quotsoft/Beijing-monitoring-archive,False
2019-02-19 04:00:00+08:00,前门,110.0,,3.0,42.0,1.3,27.0,Quotsoft/Beijing-monitoring-archive,False
2019-02-19 04:00:00+08:00,天坛,131.0,,2.0,34.0,1.3,29.0,Quotsoft/Beijing-monitoring-archive,False
2019-02-19 04:00:00+08:00,永定门内,,,,,,,Quotsoft/Beijing-monitoring-archive,False
2019-02-19 05:00:00+08:00,前门,120.0,,3.0,46.0,1.3,20.0,Quotsoft/Beijing-monitoring-archive,False
2019-02-19 05:00:00+08:00,天坛,125.0,,2.0,29.0,1.3,13.0,Quotsoft/Beijing-monitoring-archive,False
2019-02-19 05:00:00+08:00,永定门内,,,,,,,Quotsoft/Beijing-monitoring-archive,False
2019-02-19 06:00:00+08:00,前门,125.0,,3.0,45.0,1.3,21.0,Quotsoft/Beijing-monitoring-archive,False
2019-02-19 06:00:00+08:00,天坛,124.0,,2.0,28.0,1.2,12.0,Quotsoft/Beijing-monitoring-archive,False
2019-02-19 06:00:00+08:00,永定门内,,,,,,,Quotsoft/Beijing-monitoring-archive,False
2019-02-19 07:00:00+08:00,前门,124.0,,3.0,56.0,1.3,12.0,Quotsoft/Beijing-monitoring-archive,False
2019-02-19 07:00:00+08:00,天坛,132.0,,2.0,37.0,1.3,9.0,Quotsoft/Beijing-monitoring-archive,False
2019-02-19 07:00:00+08:00,永定门内,,,,,,,Quotsoft/Beijing-monitoring-archive,False
2019-02-19 08:00:00+08:00,前门,117.0,,3.0,57.0,1.3,10.0,Quotsoft/Beijing-monitoring-archive,False
2019-02-19 08:00:00+08:00,天坛,140.0,,1.0,48.0,1.3,9.0,Quotsoft/Beijing-monitoring-archive,False
2019-02-19 08:00:00+08:00,永定门内,,,,,,,Quotsoft/Beijing-monitoring-archive,False
2019-02-19 09:00:00+08:00,前门,83.0,,3.0,61.0,1.2,6.0,Quotsoft/Beijing-monitoring-archive,False
2019-02-19 09:00:00+08:00,天坛,95.0,,1.0,65.0,1.2,6.0,Quotsoft/Beijing-monitoring-archive,False
2019-02-19 09:00:00+08:00,永定门内,,,,,,,Quotsoft/Beijing-monitoring-archive,False
2019-02-19 10:00:00+08:00,前门,86.0,,3.0,58.0,1.2,13.0,Quotsoft/Beijing-monitoring-archive,False
2019-02-19 10:00:00+08:00,天坛,99.0,,2.0,61.0,1.2,13.0,Quotsoft/Beijing-monitoring-archive,False
2019-02-19 10:00:00+08:00,永定门内,,,,,,,Quotsoft/Beijing-monitoring-archive,False
2019-02-19 11:00:00+08:00,前门,96.0,,4.0,58.0,1.1,21.0,Quotsoft/Beijing-monitoring-archive,False
2019-02-19 11:00:00+08:00,天坛,107.0,,4.0,47.0,1.1,26.0,Quotsoft/Beijing-monitoring-archive,False
2019-02-19 11:00:00+08:00,永定门内,,,,,,,Quotsoft/Beijing-monitoring-archive,False
2019-02-19 12:00:00+08:00,前门,118.0,,6.0,62.0,1.2,22.0,Quotsoft/Beijing-monitoring-archive,False
2019-02-19 12:00:00+08:00,天坛,128.0,,4.0,51.0,1.3,24.0,Quotsoft/Beijing-monitoring-archive,False
2019-02-19 12:00:00+08:00,永定门内,,,,,,,Quotsoft/Beijing-monitoring-archive,False
2019-02-19 13:00:00+08:00,前门,111.0,,9.0,60.0,1.2,30.0,Quotsoft/Beijing-monitoring-archive,False
2019-02-19 13:00:00+08:00,天坛,132.0,,4.0,48.0,1.2,34.0,Quotsoft/Beijing-monitoring-archive,False
2019-02-19 13:00:00+08:00,永定门内,,,,,,,Quotsoft/Beijing-monitoring-archive,False
2019-02-19 14:00:00+08:00,前门,123.0,,9.0,60.0,1.2,36.0,Quotsoft/Beijing-monitoring-archive,False
2019-02-19 14:00:00+08:00,天坛,129.0,,5.0,43.0,1.2,47.0,Quotsoft/Beijing-monitoring-archive,False
2019-02-19 14:00:00+08:00,永定门内,,,,,,,Quotsoft/Beijing-monitoring-archive,False
2019-02-19 15:00:00+08:00,前门,124.0,,9.0,57.0,1.1,48.0,Quotsoft/Beijing-monitoring-archive,False
2019-02-19 15:00:00+08:00,天坛,133.0,,4.0,36.0,1.1,63.0,Quotsoft/Beijing-monitoring-archive,False
2019-02-19 15:00:00+08:00,永定门内,,,,,,,Quotsoft/Beijing-monitoring-archive,False
2019-02-19 16:00:00+08:00,前门,161.0,,8.0,55.0,1.3,56.0,Quotsoft/Beijing-monitoring-archive,False
2019-02-19 16:00:00+08:00,天坛,163.0,,5.0,33.0,1.3,73.0,Quotsoft/Beijing-monitoring-archive,False
2019-02-19 16:00:00+08:00,永定门内,,,,,,,Quotsoft/Beijing-monitoring-archive,False
2019-02-19 17:00:00+08:00,前门,186.0,,5.0,55.0,1.4,61.0,Quotsoft/Beijing-monitoring-archive,False
2019-02-19 17:00:00+08:00,天坛,187.0,,2.0,32.0,1.4,80.0,Quotsoft/Beijing-monitoring-archive,False
2019-02-19 17:00:00+08:00,永定门内,,,,,,,Quotsoft/Beijing-monitoring-archive,False
2019-02-19 18:00:00+08:00,前门,201.0,,3.0,60.0,1.6,43.0,Quotsoft/Beijing-monitoring-archive,False
2019-02-19 18:00:00+08:00,天坛,208.0,,1.0,40.0,1.5,56.0,Quotsoft/Beijing-monitoring-archive,False
2019-02-19 18:00:00+08:00,永定门内,,,,,,,Quotsoft/Beijing-monitoring-archive,False
2019-02-19 19:00:00+08:00,前门,213.0,,3.0,68.0,1.7,31.0,Quotsoft/Beijing-monitoring-archive,False
2019-02-19 19:00:00+08:00,天坛,219.0,,1.0,43.0,1.5,43.0,Quotsoft/Beijing-monitoring-archive,False
2019-02-19 19:00:00+08:00,永定门内,,,,,,,Quotsoft/Beijing-monitoring-archive,False
2019-02-19 20:00:00+08:00,前门,200.0,,3.0,72.0,1.7,22.0,Quotsoft/Beijing-monitoring-archive,False
2019-02-19 20:00:00+08:00,天坛,216.0,,1.0,53.0,1.6,27.0,Quotsoft/Beijing-monitoring-archive,False
2019-02-19 20:00:00+08:00,永定门内,,,,,,,Quotsoft/Beijing-monitoring-archive,False
2019-02-19 21:00:00+08:00,前门,113.0,,3.0,61.0,1.2,36.0,Quotsoft/Beijing-monitoring-archive,False
2019-02-19 21:00:00+08:00,天坛,109.0,,2.0,48.0,1.1,40.0,Quotsoft/Beijing-monitoring-archive,False
2019-02-19 21:00:00+08:00,永定门内,,,,,,,Quotsoft/Beijing-monitoring-archive,False
2019-02-19 22:00:00+08:00,前门,17.0,,4.0,37.0,0.7,59.0,Quotsoft/Beijing-monitoring-archive,False
2019-02-19 22:00:00+08:00,天坛,18.0,,4.0,31.0,0.6,65.0,Quotsoft/Beijing-monitoring-archive,False
2019-02-19 22:00:00+08:00,永定门内,,,,,,,Quotsoft/Beijing-monitoring-archive,False
2019-02-19 23:00:00+08:00,前门,18.0,,3.0,32.0,0.6,58.0,Quotsoft/Beijing-monitoring-archive,False
2019-02-19 23:00:00+08:00,天坛,19.0,,3.0,28.0,0.5,67.0,Quotsoft/Beijing-monitoring-archive,False
2019-02-19 23:00:00+08:00,永定门内,,,,,,,Quotsoft/Beijing-monitoring-archive,False
2019-02-20 00:00:00+08:00,前门,15.0,,3.0,27.0,0.6,63.0,Quotsoft/Beijing-monitoring-archive,False
2019-02-20 00:00:00+08:00,天坛,17.0,,2.0,38.0,0.5,49.0,Quotsoft/Beijing-monitoring-archive,False
2019-02-20 00:00:00+08:00,永定门内,,,,,,,Quotsoft/Beijing-monitoring-archive,False
2019-02-20 01:00:00+08:00,前门,17.0,,2.0,24.0,0.5,61.0,Quotsoft/Beijing-monitoring-archive,False
2019-02-20 01:00:00+08:00,天坛,11.0,,3.0,33.0,0.5,60.0,Quotsoft/Beijing-monitoring-archive,False
2019-02-20 01:00:00+08:00,永定门内,,,,,,,Quotsoft/Beijing-monitoring-archive,False
2019-02-20 02:00:00+08:00,前门,16.0,,3.0,18.0,0.5,63.0,Quotsoft/Beijing-monitoring-archive,False
2019-02-20 02:00:00+08:00,天坛,7.0,,3.0,22.0,0.6,71.0,Quotsoft/Beijing-monitoring-archive,False
2019-02-20 02:00:00+08:00,永定门内,,,,,,,Quotsoft/Beijing-monitoring-archive,False
2019-02-20 03:00:00+08:00,前门,9.0,,3.0,22.0,0.5,56.0,Quotsoft/Beijing-monitoring-archive,False
2019-02-20 03:00:00+08:00,天坛,13.0,,3.0,41.0,0.5,49.0,Quotsoft/Beijing-monitoring-archive,False
2019-02-20 03:00:00+08:00,永定门内,,,,,,,Quotsoft/Beijing-monitoring-archive,False
2019-02-20 04:00:00+08:00,前门,10.0,,3.0,23.0,0.5,,Quotsoft/Beijing-monitoring-archive,False
2019-02-20 04:00:00+08:00,天坛,17.0,,3.0,38.0,0.5,47.0,Quotsoft/Beijing-monitoring-archive,False
2019-02-20 04:00:00+08:00,永定门内,,,,,,,Quotsoft/Beijing-monitoring-archive,False
2019-02-20 05:00:00+08:00,前门,11.0,,2.0,31.0,0.4,38.0,Quotsoft/Beijing-monitoring-archive,False
2019-02-20 05:00:00+08:00,天坛,10.0,,2.0,32.0,0.4,54.0,Quotsoft/Beijing-monitoring-archive,False
2019-02-20 05:00:00+08:00,永定门内,,,,,,,Quotsoft/Beijing-monitoring-archive,False
2019-02-20 06:00:00+08:00,前门,8.0,8.0,2.0,30.0,0.4,41.0,Quotsoft/Beijing-monitoring-archive,False
2019-02-20 06:00:00+08:00,天坛,7.0,19.0,2.0,29.0,0.4,46.0,Quotsoft/Beijing-monitoring-archive,False
2019-02-20 06:00:00+08:00,永定门内,,,,,,,Quotsoft/Beijing-monitoring-archive,False
2019-02-20 07:00:00+08:00,前门,14.0,,1.0,38.0,0.5,31.0,Quotsoft/Beijing-monitoring-archive,False
2019-02-20 07:00:00+08:00,天坛,5.0,16.0,1.0,31.0,0.5,36.0,Quotsoft/Beijing-monitoring-archive,False
2019-02-20 07:00:00+08:00,永定门内,,,,,,,Quotsoft/Beijing-monitoring-archive,False
2019-02-20 08:00:00+08:00,前门,11.0,,2.0,48.0,0.6,23.0,Quotsoft/Beijing-monitoring-archive,False
2019-02-20 08:00:00+08:00,天坛,18.0,19.0,1.0,37.0,0.5,28.0,Quotsoft/Beijing-monitoring-archive,False
2019-02-20 08:00:00+08:00,永定门内,,,,,,,Quotsoft/Beijing-monitoring-archive,False
2019-02-20 09:00:00+08:00,前门,14.0,,2.0,42.0,0.6,32.0,Quotsoft/Beijing-monitoring-archive,False
2019-02-20 09:00:00+08:00,天坛,12.0,,2.0,41.0,0.6,40.0,Quotsoft/Beijing-monitoring-archive,False
2019-02-20 09:00:00+08:00,永定门内,,,,,,,Quotsoft/Beijing-monitoring-archive,False
2019-02-20 10:00:00+08:00,前门,12.0,15.0,4.0,28.0,0.6,49.0,Quotsoft/Beijing-monitoring-archive,False
2019-02-20 10:00:00+08:00,天坛,14.0,,4.0,33.0,0.6,56.0,Quotsoft/Beijing-monitoring-archive,False
2019-02-20 10:00:00+08:00,永定门内,,,,,,,Quotsoft/Beijing-monitoring-archive,False
2019-02-20 11:00:00+08:00,前门,16.0,19.0,5.0,28.0,0.6,48.0,Quotsoft/Beijing-monitoring-archive,False
2019-02-20 11:00:00+08:00,天坛,17.0,19.0,5.0,29.0,0.6,62.0,Quotsoft/Beijing-monitoring-archive,False
2019-02-20 11:00:00+08:00,永定门内,,,,,,,Quotsoft/Beijing-monitoring-archive,False
2019-02-20 12:00:00+08:00,前门,16.0,21.0,5.0,24.0,0.6,54.0,Quotsoft/Beijing-monitoring-archive,False
2019-02-20 12:00:00+08:00,天坛,23.0,35.0,6.0,29.0,0.6,65.0,Quotsoft/Beijing-monitoring-archive,False
2019-02-20 12:00:00+08:00,永定门内,,,,,,,Quotsoft/Beijing-monitoring-archive,False
2019-02-20 13:00:00+08:00,前门,20.0,22.0,6.0,26.0,0.6,57.0,Quotsoft/Beijing-monitoring-archive,False
2019-02-20 13:00:00+08:00,天坛,26.0,,7.0,28.0,0.6,69.0,Quotsoft/Beijing-monitoring-archive,False
2019-02-20 13:00:00+08:00,永定门内,1.0,,12.0,24.0,0.7,66.0,Quotsoft/Beijing-monitoring-archive,False
2019-02-20 14:00:00+08:00,前门,44.0,,7.0,36.0,0.6,51.0,Quotsoft/Beijing-monitoring-archive,False
2019-02-20 14:00:00+08:00,天坛,35.0,,8.0,37.0,0.7,63.0,Quotsoft/Beijing-monitoring-archive,False
2019-02-20 14:00:00+08:00,永定门内,29.0,,15.0,34.0,0.9,61.0,Quotsoft/Beijing-monitoring-archive,False
2019-02-20 15:00:00+08:00,前门,56.0,63.0,6.0,40.0,0.7,55.0,Quotsoft/Beijing-monitoring-archive,False
2019-02-20 15:00:00+08:00,天坛,56.0,64.0,6.0,38.0,0.7,71.0,Quotsoft/Beijing-monitoring-archive,False
2019-02-20 15:00:00+08:00,永定门内,55.0,,9.0,35.0,0.9,70.0,Quotsoft/Beijing-monitoring-archive,False
2019-02-20 16:00:00+08:00,前门,77.0,,5.0,39.0,0.7,66.0,Quotsoft/Beijing-monitoring-archive,False
2019-02-20 16:00:00+08:00,天坛,82.0,,6.0,34.0,0.8,85.0,Quotsoft/Beijing-monitoring-archive,False
2019-02-20 16:00:00+08:00,永定门内,78.0,,10.0,34.0,1.0,84.0,Quotsoft/Beijing-monitoring-archive,False
2019-02-20 17:00:00+08:00,前门,82.0,,5.0,40.0,0.8,69.0,Quotsoft/Beijing-monitoring-archive,False
2019-02-20 17:00:00+08:00,天坛,83.0,,5.0,31.0,0.8,93.0,Quotsoft/Beijing-monitoring-archive,False
2019-02-20 17:00:00+08:00,永定门内,80.0,,9.0,31.0,0.9,92.0,Quotsoft/Beijing-monitoring-archive,False
2019-02-20 18:00:00+08:00,前门,86.0,,4.0,47.0,0.9,62.0,Quotsoft/Beijing-monitoring-archive,False
2019-02-20 18:00:00+08:00,天坛,81.0,,4.0,30.0,0.8,87.0,Quotsoft/Beijing-monitoring-archive,False
2019-02-20 18:00:00+08:00,永定门内,84.0,,8.0,37.0,1.0,83.0,Quotsoft/Beijing-monitoring-archive,False
2019-02-20 19:00:00+08:00,前门,106.0,,,49.0,1.0,56.0,Quotsoft/Beijing-monitoring-archive,False
2019-02-20 19:00:00+08:00,天坛,97.0,,2.0,34.0,0.9,70.0,Quotsoft/Beijing-monitoring-archive,False
2019-02-20 19:00:00+08:00,永定门内,96.0,,9.0,51.0,1.1,66.0,Quotsoft/Beijing-monitoring-archive,False
2019-02-20 20:00:00+08:00,前门,114.0,,,57.0,1.1,45.0,Quotsoft/Beijing-monitoring-archive,False
2019-02-20 20:00:00+08:00,天坛,97.0,,2.0,36.0,0.9,60.0,Quotsoft/Beijing-monitoring-archive,False
2019-02-20 20:00:00+08:00,永定门内,105.0,,8.0,59.0,1.2,55.0,Quotsoft/Beijing-monitoring-archive,False
2019-02-20 21:00:00+08:00,前门,112.0,,4.0,72.0,1.2,,Quotsoft/Beijing-monitoring-archive,False
2019-02-20 21:00:00+08:00,天坛,106.0,,1.0,42.0,1.0,53.0,Quotsoft/Beijing-monitoring-archive,False
2019-02-20 21:00:00+08:00,永定门内,114.0,,7.0,60.0,1.3,51.0,Quotsoft/Beijing-monitoring-archive,False
2019-02-20 22:00:00+08:00,前门,160.0,,3.0,69.0,1.4,36.0,Quotsoft/Beijing-monitoring-archive,False
2019-02-20 22:00:00+08:00,天坛,150.0,,2.0,55.0,1.2,50.0,Quotsoft/Beijing-monitoring-archive,False
2019-02-20 22:00:00+08:00,永定门内,171.0,,7.0,68.0,1.5,41.0,Quotsoft/Beijing-monitoring-archive,False
2019-02-20 23:00:00+08:00,前门,202.0,,3.0,75.0,1.5,29.0,Quotsoft/Beijing-monitoring-archive,False
2019-02-20 23:00:00+08:00,天坛,184.0,,1.0,60.0,1.4,38.0,Quotsoft/Beijing-monitoring-archive,False
2019-02-20 23:00:00+08:00,永定门内,194.0,,6.0,73.0,1.6,31.0,Quotsoft/Beijing-monitoring-archive,False
2019-02-21 00:00:00+08:00,前门,222.0,,2.0,77.0,1.6,26.0,Quotsoft/Beijing-monitoring-archive,False
2019-02-21 00:00:00+08:00,天坛,214.0,,1.0,67.0,1.5,30.0,Quotsoft/Beijing-monitoring-archive,False
2019-02-21 00:00:00+08:00,永定门内,215.0,,5.0,71.0,1.7,25.0,Quotsoft/Beijing-monitoring-archive,False
2019-02-21 01:00:00+08:00,前门,231.0,,3.0,97.0,1.8,6.0,Quotsoft/Beijing-monitoring-archive,False
2019-02-21 01:00:00+08:00,天坛,229.0,,1.0,66.0,1.6,21.0,Quotsoft/Beijing-monitoring-archive,False
2019-02-21 01:00:00+08:00,永定门内,230.0,,4.0,80.0,1.8,12.0,Quotsoft/Beijing-monitoring-archive,False
2019-02-21 02:00:00+08:00,前门,231.0,,2.0,95.0,1.8,5.0,Quotsoft/Beijing-monitoring-archive,False
2019-02-21 02:00:00+08:00,天坛,243.0,,2.0,80.0,1.7,6.0,Quotsoft/Beijing-monitoring-archive,False
2019-02-21 02:00:00+08:00,永定门内,227.0,,4.0,92.0,1.9,2.0,Quotsoft/Beijing-monitoring-archive,False
2019-02-21 03:00:00+08:00,前门,214.0,,3.0,98.0,1.8,3.0,Quotsoft/Beijing-monitoring-archive,False
2019-02-21 03:00:00+08:00,天坛,238.0,,2.0,80.0,1.7,4.0,Quotsoft/Beijing-monitoring-archive,False
2019-02-21 03:00:00+08:00,永定门内,214.0,,5.0,87.0,1.9,2.0,Quotsoft/Beijing-monitoring-archive,False
2019-02-21 04:00:00+08:00,前门,135.0,,2.0,93.0,1.5,3.0,Quotsoft/Beijing-monitoring-archive,False
2019-02-21 04:00:00+08:00,天坛,221.0,,1.0,83.0,1.7,4.0,Quotsoft/Beijing-monitoring-archive,False
2019-02-21 04:00:00+08:00,永定门内,166.0,,5.0,93.0,1.7,2.0,Quotsoft/Beijing-monitoring-archive,False
2019-02-21 05:00:00+08:00,前门,51.0,,2.0,71.0,0.9,9.0,Quotsoft/Beijing-monitoring-archive,False
2019-02-21 05:00:00+08:00,天坛,136.0,,1.0,83.0,1.4,4.0,Quotsoft/Beijing-monitoring-archive,False
2019-02-21 05:00:00+08:00,永定门内,87.0,,5.0,81.0,1.2,2.0,Quotsoft/Beijing-monitoring-archive,False
2019-02-21 06:00:00+08:00,前门,22.0,,2.0,64.0,0.8,10.0,Quotsoft/Beijing-monitoring-archive,False
2019-02-21 06:00:00+08:00,天坛,58.0,,1.0,71.0,0.9,3.0,Quotsoft/Beijing-monitoring-archive,False
2019-02-21 06:00:00+08:00,永定门内,40.0,,5.0,73.0,0.9,2.0,Quotsoft/Beijing-monitoring-archive,False
2019-02-21 07:00:00+08:00,前门,19.0,,2.0,53.0,0.8,17.0,Quotsoft/Beijing-monitoring-archive,False
2019-02-21 07:00:00+08:00,天坛,30.0,,1.0,61.0,0.8,5.0,Quotsoft/Beijing-monitoring-archive,False
2019-02-21 07:00:00+08:00,永定门内,19.0,,6.0,64.0,0.8,3.0,Quotsoft/Beijing-monitoring-archive,False
2019-02-21 08:00:00+08:00,前门,15.0,,3.0,53.0,0.8,17.0,Quotsoft/Beijing-monitoring-archive,False
2019-02-21 08:00:00+08:00,天坛,17.0,,1.0,57.0,0.8,8.0,Quotsoft/Beijing-monitoring-archive,False
2019-02-21 08:00:00+08:00,永定门内,19.0,,7.0,61.0,0.9,9.0,Quotsoft/Beijing-monitoring-archive,False
2019-02-21 09:00:00+08:00,前门,12.0,,5.0,,0.6,17.0,Quotsoft/Beijing-monitoring-archive,False
2019-02-21 09:00:00+08:00,天坛,19.0,,2.0,54.0,0.8,22.0,Quotsoft/Beijing-monitoring-archive,False
2019-02-21 09:00:00+08:00,永定门内,15.0,18.0,8.0,61.0,1.0,13.0,Quotsoft/Beijing-monitoring-archive,False
2019-02-21 10:00:00+08:00,前门,16.0,,6.0,,0.7,29.0,Quotsoft/Beijing-monitoring-archive,False
2019-02-21 10:00:00+08:00,天坛,23.0,,6.0,42.0,0.8,42.0,Quotsoft/Beijing-monitoring-archive,False
2019-02-21 10:00:00+08:00,永定门内,20.0,,10.0,43.0,0.8,38.0,Quotsoft/Beijing-monitoring-archive,False
2019-02-21 11:00:00+08:00,前门,23.0,,8.0,38.0,0.7,41.0,Quotsoft/Beijing-monitoring-archive,False
2019-02-21 11:00:00+08:00,天坛,23.0,,9.0,37.0,0.8,51.0,Quotsoft/Beijing-monitoring-archive,False
2019-02-21 11:00:00+08:00,永定门内,26.0,,13.0,39.0,0.9,45.0,Quotsoft/Beijing-monitoring-archive,False
2019-02-21 12:00:00+08:00,前门,,30.0,8.0,46.0,,35.0,Quotsoft/Beijing-monitoring-archive,False
2019-02-21 12:00:00+08:00,天坛,40.0,,9.0,43.0,0.8,53.0,Quotsoft/Beijing-monitoring-archive,False
2019-02-21 12:00:00+08:00,永定门内,33.0,,12.0,45.0,1.0,46.0,Quotsoft/Beijing-monitoring-archive,False
2019-02-21 13:00:00+08:00,前门,,38.0,7.0,47.0,0.8,46.0,Quotsoft/Beijing-monitoring-archive,False
2019-02-21 13:00:00+08:00,天坛,41.0,,8.0,46.0,0.8,59.0,Quotsoft/Beijing-monitoring-archive,False
2019-02-21 13:00:00+08:00,永定门内,39.0,,11.0,49.0,0.9,52.0,Quotsoft/Beijing-monitoring-archive,False
2019-02-21 14:00:00+08:00,前门,38.0,45.0,7.0,57.0,0.9,44.0,Quotsoft/Beijing-monitoring-archive,False
2019-02-21 14:00:00+08:00,天坛,,47.0,6.0,,0.9,56.0,Quotsoft/Beijing-monitoring-archive,False
2019-02-21 14:00:00+08:00,永定门内,51.0,61.0,11.0,56.0,1.0,51.0,Quotsoft/Beijing-monitoring-archive,False
2019-02-21 15:00:00+08:00,前门,76.0,,7.0,56.0,0.9,56.0,Quotsoft/Beijing-monitoring-archive,False
2019-02-21 15:00:00+08:00,天坛,,77.0,,43.0,,,Quotsoft/Beijing-monitoring-archive,False
2019-02-21 15:00:00+08:00,永定门内,78.0,87.0,11.0,48.0,1.1,75.0,Quotsoft/Beijing-monitoring-archive,False
2019-02-21 16:00:00+08:00,前门,111.0,,6.0,50.0,1.0,79.0,Quotsoft/Beijing-monitoring-archive,False
2019-02-21 16:00:00+08:00,天坛,70.0,125.0,6.0,28.0,1.1,110.0,Quotsoft/Beijing-monitoring-archive,False
2019-02-21 16:00:00+08:00,永定门内,111.0,,11.0,37.0,1.2,106.0,Quotsoft/Beijing-monitoring-archive,False
2019-02-21 17:00:00+08:00,前门,136.0,,8.0,50.0,1.3,96.0,Quotsoft/Beijing-monitoring-archive,False
2019-02-21 17:00:00+08:00,天坛,140.0,,7.0,29.0,1.3,127.0,Quotsoft/Beijing-monitoring-archive,False
2019-02-21 17:00:00+08:00,永定门内,139.0,150.0,12.0,37.0,1.4,126.0,Quotsoft/Beijing-monitoring-archive,False
2019-02-21 18:00:00+08:00,前门,159.0,,9.0,58.0,1.5,95.0,Quotsoft/Beijing-monitoring-archive,False
2019-02-21 18:00:00+08:00,天坛,165.0,,6.0,37.0,1.5,119.0,Quotsoft/Beijing-monitoring-archive,False
2019-02-21 18:00:00+08:00,永定门内,159.0,,13.0,48.0,1.5,120.0,Quotsoft/Beijing-monitoring-archive,False
2019-02-21 19:00:00+08:00,前门,175.0,,8.0,65.0,1.7,80.0,Quotsoft/Beijing-monitoring-archive,False
2019-02-21 19:00:00+08:00,天坛,164.0,,4.0,40.0,1.6,105.0,Quotsoft/Beijing-monitoring-archive,False
2019-02-21 19:00:00+08:00,永定门内,163.0,,11.0,62.0,1.7,93.0,Quotsoft/Beijing-monitoring-archive,False
2019-02-21 20:00:00+08:00,前门,182.0,,6.0,65.0,1.8,67.0,Quotsoft/Beijing-monitoring-archive,False
2019-02-21 20:00:00+08:00,天坛,161.0,,2.0,41.0,1.6,83.0,Quotsoft/Beijing-monitoring-archive,False
2019-02-21 20:00:00+08:00,永定门内,168.0,174.0,11.0,60.0,1.8,78.0,Quotsoft/Beijing-monitoring-archive,False
2019-02-21 21:00:00+08:00,前门,221.0,,5.0,68.0,2.1,53.0,Quotsoft/Beijing-monitoring-archive,False
2019-02-21 21:00:00+08:00,天坛,197.0,,2.0,52.0,1.9,64.0,Quotsoft/Beijing-monitoring-archive,False
2019-02-21 21:00:00+08:00,永定门内,219.0,224.0,7.0,65.0,2.1,57.0,Quotsoft/Beijing-monitoring-archive,False
2019-02-21 22:00:00+08:00,前门,259.0,,4.0,77.0,2.3,40.0,Quotsoft/Beijing-monitoring-archive,False
2019-02-21 22:00:00+08:00,天坛,264.0,,1.0,58.0,2.2,54.0,Quotsoft/Beijing-monitoring-archive,False
2019-02-21 22:00:00+08:00,永定门内,265.0,,7.0,66.0,2.3,50.0,Quotsoft/Beijing-monitoring-archive,False
2019-02-21 23:00:00+08:00,前门,293.0,,3.0,81.0,2.3,33.0,Quotsoft/Beijing-monitoring-archive,False
2019-02-21 23:00:00+08:00,天坛,289.0,,3.0,65.0,2.3,44.0,Quotsoft/Beijing-monitoring-archive,False
2019-02-21 23:00:00+08:00,永定门内,288.0,,7.0,64.0,2.4,44.0,Quotsoft/Beijing-monitoring-archive,False
2019-02-22 00:00:00+08:00,前门,294.0,,3.0,89.0,2.4,21.0,Quotsoft/Beijing-monitoring-archive,False
2019-02-22 00:00:00+08:00,天坛,297.0,,3.0,68.0,2.4,30.0,Quotsoft/Beijing-monitoring-archive,False
2019-02-22 00:00:00+08:00,永定门内,292.0,,6.0,75.0,2.5,20.0,Quotsoft/Beijing-monitoring-archive,False
2019-02-22 01:00:00+08:00,前门,298.0,,3.0,97.0,2.5,10.0,Quotsoft/Beijing-monitoring-archive,False
2019-02-22 01:00:00+08:00,天坛,290.0,,3.0,76.0,2.4,16.0,Quotsoft/Beijing-monitoring-archive,False
2019-02-22 01:00:00+08:00,永定门内,299.0,,7.0,83.0,2.5,8.0,Quotsoft/Beijing-monitoring-archive,False
2019-02-22 02:00:00+08:00,前门,300.0,,3.0,106.0,2.6,3.0,Quotsoft/Beijing-monitoring-archive,False
2019-02-22 02:00:00+08:00,天坛,304.0,,3.0,80.0,2.5,7.0,Quotsoft/Beijing-monitoring-archive,False
2019-02-22 02:00:00+08:00,永定门内,298.0,,6.0,91.0,2.6,2.0,Quotsoft/Beijing-monitoring-archive,False
2019-02-22 03:00:00+08:00,前门,304.0,,3.0,108.0,2.6,2.0,Quotsoft/Beijing-monitoring-archive,False
2019-02-22 03:00:00+08:00,天坛,322.0,,1.0,81.0,2.6,5.0,Quotsoft/Beijing-monitoring-archive,False
2019-02-22 03:00:00+08:00,永定门内,287.0,292.0,6.0,92.0,2.8,2.0,Quotsoft/Beijing-monitoring-archive,False
2019-02-22 04:00:00+08:00,前门,265.0,,4.0,114.0,2.5,,Quotsoft/Beijing-monitoring-archive,False
2019-02-22 04:00:00+08:00,天坛,318.0,,1.0,85.0,2.6,5.0,Quotsoft/Beijing-monitoring-archive,False
2019-02-22 04:00:00+08:00,永定门内,280.0,282.0,6.0,87.0,2.8,,Quotsoft/Beijing-monitoring-archive,False
2019-02-22 05:00:00+08:00,前门,171.0,,3.0,93.0,2.0,2.0,Quotsoft/Beijing-monitoring-archive,False
2019-02-22 05:00:00+08:00,天坛,252.0,,3.0,83.0,2.1,5.0,Quotsoft/Beijing-monitoring-archive,False
2019-02-22 05:00:00+08:00,永定门内,203.0,,7.0,94.0,2.1,2.0,Quotsoft/Beijing-monitoring-archive,False
2019-02-22 06:00:00+08:00,前门,127.0,,2.0,85.0,1.7,5.0,Quotsoft/Beijing-monitoring-archive,False
2019-02-22 06:00:00+08:00,天坛,160.0,,3.0,81.0,1.8,4.0,Quotsoft/Beijing-monitoring-archive,False
2019-02-22 06:00:00+08:00,永定门内,146.0,,6.0,93.0,1.9,2.0,Quotsoft/Beijing-monitoring-archive,False
2019-02-22 07:00:00+08:00,前门,80.0,,3.0,75.0,1.5,4.0,Quotsoft/Beijing-monitoring-archive,False
2019-02-22 07:00:00+08:00,天坛,134.0,,3.0,79.0,1.7,3.0,Quotsoft/Beijing-monitoring-archive,False
2019-02-22 07:00:00+08:00,永定门内,125.0,,7.0,95.0,1.9,2.0,Quotsoft/Beijing-monitoring-archive,False
2019-02-22 08:00:00+08:00,前门,71.0,,5.0,68.0,1.4,5.0,Quotsoft/Beijing-monitoring-archive,False
2019-02-22 08:00:00+08:00,天坛,94.0,,3.0,74.0,1.5,5.0,Quotsoft/Beijing-monitoring-archive,False
2019-02-22 08:00:00+08:00,永定门内,90.0,,8.0,91.0,1.8,2.0,Quotsoft/Beijing-monitoring-archive,False
2019-02-22 09:00:00+08:00,前门,85.0,,6.0,76.0,1.6,7.0,Quotsoft/Beijing-monitoring-archive,False
2019-02-22 09:00:00+08:00,天坛,77.0,,2.0,70.0,1.4,10.0,Quotsoft/Beijing-monitoring-archive,False
2019-02-22 09:00:00+08:00,永定门内,79.0,,9.0,85.0,1.7,2.0,Quotsoft/Beijing-monitoring-archive,False
2019-02-22 10:00:00+08:00,前门,108.0,,8.0,79.0,1.7,11.0,Quotsoft/Beijing-monitoring-archive,False
2019-02-22 10:00:00+08:00,天坛,100.0,,6.0,83.0,1.6,16.0,Quotsoft/Beijing-monitoring-archive,False
2019-02-22 10:00:00+08:00,永定门内,95.0,,13.0,83.0,1.7,10.0,Quotsoft/Beijing-monitoring-archive,False
2019-02-22 11:00:00+08:00,前门,109.0,,13.0,76.0,1.8,17.0,Quotsoft/Beijing-monitoring-archive,False
2019-02-22 11:00:00+08:00,天坛,109.0,,13.0,82.0,1.7,22.0,Quotsoft/Beijing-monitoring-archive,False
2019-02-22 11:00:00+08:00,永定门内,109.0,,18.0,83.0,1.8,15.0,Quotsoft/Beijing-monitoring-archive,False
2019-02-22 12:00:00+08:00,前门,71.0,,8.0,51.0,1.2,37.0,Quotsoft/Beijing-monitoring-archive,False
2019-02-22 12:00:00+08:00,天坛,84.0,,8.0,55.0,1.2,46.0,Quotsoft/Beijing-monitoring-archive,False
2019-02-22 12:00:00+08:00,永定门内,83.0,,15.0,58.0,1.3,39.0,Quotsoft/Beijing-monitoring-archive,False
2019-02-22 13:00:00+08:00,前门,57.0,,6.0,45.0,1.0,43.0,Quotsoft/Beijing-monitoring-archive,False
2019-02-22 13:00:00+08:00,天坛,45.0,,5.0,45.0,0.9,55.0,Quotsoft/Beijing-monitoring-archive,False
2019-02-22 13:00:00+08:00,永定门内,49.0,,10.0,44.0,0.9,55.0,Quotsoft/Beijing-monitoring-archive,False
2019-02-22 14:00:00+08:00,前门,40.0,,5.0,42.0,0.8,46.0,Quotsoft/Beijing-monitoring-archive,False
2019-02-22 14:00:00+08:00,天坛,29.0,,4.0,43.0,0.8,57.0,Quotsoft/Beijing-monitoring-archive,False
2019-02-22 14:00:00+08:00,永定门内,34.0,,9.0,44.0,0.8,58.0,Quotsoft/Beijing-monitoring-archive,False
2019-02-22 15:00:00+08:00,前门,30.0,,6.0,39.0,0.8,50.0,Quotsoft/Beijing-monitoring-archive,False
2019-02-22 15:00:00+08:00,天坛,26.0,,5.0,40.0,1.0,62.0,Quotsoft/Beijing-monitoring-archive,False
2019-02-22 15:00:00+08:00,永定门内,26.0,,11.0,42.0,1.0,60.0,Quotsoft/Beijing-monitoring-archive,False
2019-02-22 16:00:00+08:00,前门,28.0,,6.0,35.0,0.9,52.0,Quotsoft/Beijing-monitoring-archive,False
2019-02-22 16:00:00+08:00,天坛,37.0,,5.0,33.0,0.7,69.0,Quotsoft/Beijing-monitoring-archive,False
2019-02-22 16:00:00+08:00,永定门内,28.0,,11.0,45.0,0.8,59.0,Quotsoft/Beijing-monitoring-archive,False
2019-02-22 17:00:00+08:00,前门,29.0,30.0,7.0,41.0,0.8,49.0,Quotsoft/Beijing-monitoring-archive,False
2019-02-22 17:00:00+08:00,天坛,44.0,,6.0,37.0,0.8,66.0,Quotsoft/Beijing-monitoring-archive,False
2019-02-22 17:00:00+08:00,永定门内,39.0,,12.0,53.0,0.9,50.0,Quotsoft/Beijing-monitoring-archive,False
2019-02-22 18:00:00+08:00,前门,63.0,,7.0,54.0,1.0,37.0,Quotsoft/Beijing-monitoring-archive,False
2019-02-22 18:00:00+08:00,天坛,62.0,,6.0,45.0,0.9,60.0,Quotsoft/Beijing-monitoring-archive,False
2019-02-22 18:00:00+08:00,永定门内,58.0,60.0,11.0,57.0,1.1,50.0,Quotsoft/Beijing-monitoring-archive,False
2019-02-22 19:00:00+08:00,前门,93.0,,8.0,62.0,1.2,28.0,Quotsoft/Beijing-monitoring-archive,False
2019-02-22 19:00:00+08:00,天坛,81.0,,6.0,55.0,1.1,44.0,Quotsoft/Beijing-monitoring-archive,False
2019-02-22 19:00:00+08:00,永定门内,79.0,85.0,13.0,83.0,1.3,20.0,Quotsoft/Beijing-monitoring-archive,False
2019-02-22 20:00:00+08:00,前门,119.0,,9.0,76.0,1.6,18.0,Quotsoft/Beijing-monitoring-archive,False
2019-02-22 20:00:00+08:00,天坛,107.0,,6.0,69.0,1.5,30.0,Quotsoft/Beijing-monitoring-archive,False
2019-02-22 20:00:00+08:00,永定门内,106.0,125.0,14.0,96.0,1.7,4.0,Quotsoft/Beijing-monitoring-archive,False
2019-02-22 21:00:00+08:00,前门,143.0,,9.0,90.0,1.9,10.0,Quotsoft/Beijing-monitoring-archive,False
2019-02-22 21:00:00+08:00,天坛,116.0,,3.0,72.0,1.6,17.0,Quotsoft/Beijing-monitoring-archive,False
2019-02-22 21:00:00+08:00,永定门内,136.0,147.0,11.0,105.0,2.0,2.0,Quotsoft/Beijing-monitoring-archive,False
2019-02-22 22:00:00+08:00,前门,160.0,,9.0,101.0,2.2,3.0,Quotsoft/Beijing-monitoring-archive,False
2019-02-22 22:00:00+08:00,天坛,133.0,,2.0,76.0,1.9,11.0,Quotsoft/Beijing-monitoring-archive,False
2019-02-22 22:00:00+08:00,永定门内,145.0,172.0,10.0,107.0,2.5,2.0,Quotsoft/Beijing-monitoring-archive,False
2019-02-22 23:00:00+08:00,前门,163.0,,9.0,107.0,2.2,2.0,Quotsoft/Beijing-monitoring-archive,False
2019-02-22 23:00:00+08:00,天坛,142.0,,1.0,83.0,1.9,4.0,Quotsoft/Beijing-monitoring-archive,False
2019-02-22 23:00:00+08:00,永定门内,159.0,182.0,10.0,110.0,2.7,2.0,Quotsoft/Beijing-monitoring-archive,False
2019-02-23 00:00:00+08:00,前门,163.0,,8.0,112.0,2.2,2.0,Quotsoft/Beijing-monitoring-archive,False
2019-02-23 00:00:00+08:00,天坛,155.0,,1.0,87.0,2.1,4.0,Quotsoft/Beijing-monitoring-archive,False
2019-02-23 00:00:00+08:00,永定门内,164.0,173.0,8.0,107.0,2.7,2.0,Quotsoft/Beijing-monitoring-archive,False
2019-02-23 01:00:00+08:00,前门,194.0,,8.0,117.0,2.4,2.0,Quotsoft/Beijing-monitoring-archive,False
2019-02-23 01:00:00+08:00,天坛,164.0,,1.0,87.0,2.2,4.0,Quotsoft/Beijing-monitoring-archive,False
2019-02-23 01:00:00+08:00,永定门内,170.0,172.0,8.0,107.0,2.7,2.0,Quotsoft/Beijing-monitoring-archive,False
2019-02-23 02:00:00+08:00,前门,212.0,,7.0,122.0,2.5,2.0,Quotsoft/Beijing-monitoring-archive,False
2019-02-23 02:00:00+08:00,天坛,185.0,,1.0,93.0,2.4,4.0,Quotsoft/Beijing-monitoring-archive,False
2019-02-23 02:00:00+08:00,永定门内,182.0,,7.0,104.0,2.7,2.0,Quotsoft/Beijing-monitoring-archive,False
2019-02-23 03:00:00+08:00,前门,237.0,,6.0,127.0,2.7,1.0,Quotsoft/Beijing-monitoring-archive,False
2019-02-23 03:00:00+08:00,天坛,214.0,,1.0,97.0,2.5,4.0,Quotsoft/Beijing-monitoring-archive,False
2019-02-23 03:00:00+08:00,永定门内,197.0,,6.0,99.0,2.7,2.0,Quotsoft/Beijing-monitoring-archive,False
2019-02-23 04:00:00+08:00,前门,248.0,,5.0,130.0,2.7,1.0,Quotsoft/Beijing-monitoring-archive,False
2019-02-23 04:00:00+08:00,天坛,250.0,,3.0,99.0,2.6,5.0,Quotsoft/Beijing-monitoring-archive,False
2019-02-23 04:00:00+08:00,永定门内,208.0,,5.0,99.0,2.6,2.0,Quotsoft/Beijing-monitoring-archive,False
2019-02-23 05:00:00+08:00,前门,208.0,,5.0,122.0,2.7,2.0,Quotsoft/Beijing-monitoring-archive,False
2019-02-23 05:00:00+08:00,天坛,239.0,,3.0,99.0,2.6,5.0,Quotsoft/Beijing-monitoring-archive,False
2019-02-23 05:00:00+08:00,永定门内,223.0,,6.0,111.0,2.7,2.0,Quotsoft/Beijing-monitoring-archive,False
2019-02-23 06:00:00+08:00,前门,207.0,,6.0,123.0,3.0,2.0,Quotsoft/Beijing-monitoring-archive,False
2019-02-23 06:00:00+08:00,天坛,211.0,,1.0,93.0,2.6,4.0,Quotsoft/Beijing-monitoring-archive,False
2019-02-23 06:00:00+08:00,永定门内,209.0,,7.0,113.0,3.0,2.0,Quotsoft/Beijing-monitoring-archive,False
2019-02-23 07:00:00+08:00,前门,214.0,,7.0,124.0,3.1,2.0,Quotsoft/Beijing-monitoring-archive,False
2019-02-23 07:00:00+08:00,天坛,206.0,,1.0,96.0,2.9,5.0,Quotsoft/Beijing-monitoring-archive,False
2019-02-23 07:00:00+08:00,永定门内,216.0,,8.0,122.0,3.2,2.0,Quotsoft/Beijing-monitoring-archive,False
2019-02-23 08:00:00+08:00,前门,171.0,,6.0,108.0,3.0,2.0,Quotsoft/Beijing-monitoring-archive,False
2019-02-23 08:00:00+08:00,天坛,208.0,,1.0,97.0,3.0,5.0,Quotsoft/Beijing-monitoring-archive,False
2019-02-23 08:00:00+08:00,永定门内,201.0,,9.0,116.0,3.0,2.0,Quotsoft/Beijing-monitoring-archive,False
2019-02-23 09:00:00+08:00,前门,114.0,,9.0,87.0,2.1,4.0,Quotsoft/Beijing-monitoring-archive,False
2019-02-23 09:00:00+08:00,天坛,181.0,,3.0,85.0,2.5,7.0,Quotsoft/Beijing-monitoring-archive,False
2019-02-23 09:00:00+08:00,永定门内,146.0,,11.0,97.0,2.4,2.0,Quotsoft/Beijing-monitoring-archive,False
2019-02-23 10:00:00+08:00,前门,90.0,,9.0,71.0,1.7,14.0,Quotsoft/Beijing-monitoring-archive,False
2019-02-23 10:00:00+08:00,天坛,107.0,,9.0,73.0,1.6,19.0,Quotsoft/Beijing-monitoring-archive,False
2019-02-23 10:00:00+08:00,永定门内,99.0,,13.0,73.0,1.6,10.0,Quotsoft/Beijing-monitoring-archive,False
2019-02-23 11:00:00+08:00,前门,96.0,,11.0,66.0,1.7,28.0,Quotsoft/Beijing-monitoring-archive,False
2019-02-23 11:00:00+08:00,天坛,100.0,,11.0,73.0,1.5,30.0,Quotsoft/Beijing-monitoring-archive,False
2019-02-23 11:00:00+08:00,永定门内,103.0,,15.0,68.0,1.6,27.0,Quotsoft/Beijing-monitoring-archive,False
2019-02-23 12:00:00+08:00,前门,111.0,,11.0,70.0,1.6,38.0,Quotsoft/Beijing-monitoring-archive,False
2019-02-23 12:00:00+08:00,天坛,117.0,,12.0,66.0,1.5,50.0,Quotsoft/Beijing-monitoring-archive,False
2019-02-23 12:00:00+08:00,永定门内,111.0,,16.0,67.0,1.6,42.0,Quotsoft/Beijing-monitoring-archive,False
2019-02-23 13:00:00+08:00,前门,108.0,,11.0,72.0,1.7,49.0,Quotsoft/Beijing-monitoring-archive,False
2019-02-23 13:00:00+08:00,天坛,129.0,,12.0,71.0,1.7,62.0,Quotsoft/Beijing-monitoring-archive,False
2019-02-23 13:00:00+08:00,永定门内,128.0,,18.0,72.0,1.9,57.0,Quotsoft/Beijing-monitoring-archive,False
2019-02-23 14:00:00+08:00,前门,137.0,,11.0,85.0,1.8,51.0,Quotsoft/Beijing-monitoring-archive,False
2019-02-23 14:00:00+08:00,天坛,134.0,,11.0,70.0,1.6,75.0,Quotsoft/Beijing-monitoring-archive,False
2019-02-23 14:00:00+08:00,永定门内,147.0,,16.0,80.0,1.8,61.0,Quotsoft/Beijing-monitoring-archive,False
2019-02-23 15:00:00+08:00,前门,121.0,,9.0,83.0,1.6,55.0,Quotsoft/Beijing-monitoring-archive,False
2019-02-23 15:00:00+08:00,天坛,138.0,,10.0,66.0,1.5,80.0,Quotsoft/Beijing-monitoring-archive,False
2019-02-23 15:00:00+08:00,永定门内,128.0,,14.0,70.0,1.5,75.0,Quotsoft/Beijing-monitoring-archive,False
2019-02-23 16:00:00+08:00,前门,142.0,,9.0,71.0,1.4,73.0,Quotsoft/Beijing-monitoring-archive,False
2019-02-23 16:00:00+08:00,天坛,146.0,,9.0,53.0,1.4,102.0,Quotsoft/Beijing-monitoring-archive,False
2019-02-23 16:00:00+08:00,永定门内,141.0,,13.0,64.0,1.5,92.0,Quotsoft/Beijing-monitoring-archive,False
2019-02-23 17:00:00+08:00,前门,165.0,,8.0,71.0,1.5,86.0,Quotsoft/Beijing-monitoring-archive,False
2019-02-23 17:00:00+08:00,天坛,171.0,,8.0,47.0,1.4,119.0,Quotsoft/Beijing-monitoring-archive,False
2019-02-23 17:00:00+08:00,永定门内,167.0,,14.0,56.0,1.5,115.0,Quotsoft/Beijing-monitoring-archive,False
2019-02-23 18:00:00+08:00,前门,201.0,,10.0,81.0,1.7,93.0,Quotsoft/Beijing-monitoring-archive,False
2019-02-23 18:00:00+08:00,天坛,213.0,,9.0,49.0,1.6,128.0,Quotsoft/Beijing-monitoring-archive,False
2019-02-23 18:00:00+08:00,永定门内,206.0,,17.0,68.0,1.7,118.0,Quotsoft/Beijing-monitoring-archive,False
2019-02-23 19:00:00+08:00,前门,198.0,,10.0,86.0,1.8,77.0,Quotsoft/Beijing-monitoring-archive,False
2019-02-23 19:00:00+08:00,天坛,207.0,,7.0,50.0,1.6,117.0,Quotsoft/Beijing-monitoring-archive,False
2019-02-23 19:00:00+08:00,永定门内,193.0,,16.0,71.0,1.9,98.0,Quotsoft/Beijing-monitoring-archive,False
2019-02-23 20:00:00+08:00,前门,188.0,,9.0,85.0,1.8,65.0,Quotsoft/Beijing-monitoring-archive,False
2019-02-23 20:00:00+08:00,天坛,203.0,,5.0,60.0,1.7,92.0,Quotsoft/Beijing-monitoring-archive,False
2019-02-23 20:00:00+08:00,永定门内,188.0,,15.0,114.0,2.0,49.0,Quotsoft/Beijing-monitoring-archive,False
2019-02-23 21:00:00+08:00,前门,191.0,,9.0,86.0,1.9,60.0,Quotsoft/Beijing-monitoring-archive,False
2019-02-23 21:00:00+08:00,天坛,191.0,,6.0,70.0,1.8,78.0,Quotsoft/Beijing-monitoring-archive,False
2019-02-23 21:00:00+08:00,永定门内,188.0,,15.0,109.0,2.1,46.0,Quotsoft/Beijing-monitoring-archive,False
2019-02-23 22:00:00+08:00,前门,205.0,,9.0,89.0,2.0,54.0,Quotsoft/Beijing-monitoring-archive,False
2019-02-23 22:00:00+08:00,天坛,198.0,,4.0,72.0,1.9,68.0,Quotsoft/Beijing-monitoring-archive,False
2019-02-23 22:00:00+08:00,永定门内,207.0,,13.0,125.0,2.2,32.0,Quotsoft/Beijing-monitoring-archive,False
2019-02-23 23:00:00+08:00,前门,232.0,,9.0,75.0,1.9,65.0,Quotsoft/Beijing-monitoring-archive,False
2019-02-23 23:00:00+08:00,天坛,229.0,,4.0,66.0,1.9,78.0,Quotsoft/Beijing-monitoring-archive,False
2019-02-23 23:00:00+08:00,永定门内,242.0,,15.0,100.0,2.4,52.0,Quotsoft/Beijing-monitoring-archive,False
2019-02-24 00:00:00+08:00,前门,252.0,,9.0,82.0,2.1,55.0,Quotsoft/Beijing-monitoring-archive,False
2019-02-24 00:00:00+08:00,天坛,253.0,,3.0,61.0,2.0,64.0,Quotsoft/Beijing-monitoring-archive,False
2019-02-24 00:00:00+08:00,永定门内,251.0,,12.0,113.0,2.3,23.0,Quotsoft/Beijing-monitoring-archive,False
2019-02-24 01:00:00+08:00,前门,266.0,,9.0,114.0,2.2,22.0,Quotsoft/Beijing-monitoring-archive,False
2019-02-24 01:00:00+08:00,天坛,258.0,,2.0,59.0,2.0,47.0,Quotsoft/Beijing-monitoring-archive,False
2019-02-24 01:00:00+08:00,永定门内,253.0,,8.0,121.0,2.4,2.0,Quotsoft/Beijing-monitoring-archive,False
2019-02-24 02:00:00+08:00,前门,272.0,,6.0,132.0,2.4,7.0,Quotsoft/Beijing-monitoring-archive,False
2019-02-24 02:00:00+08:00,天坛,262.0,,2.0,61.0,2.0,33.0,Quotsoft/Beijing-monitoring-archive,False
2019-02-24 02:00:00+08:00,永定门内,257.0,,7.0,125.0,2.5,2.0,Quotsoft/Beijing-monitoring-archive,False
2019-02-24 03:00:00+08:00,前门,197.0,,7.0,116.0,2.0,10.0,Quotsoft/Beijing-monitoring-archive,False
2019-02-24 03:00:00+08:00,天坛,255.0,,2.0,87.0,2.1,18.0,Quotsoft/Beijing-monitoring-archive,False
2019-02-24 03:00:00+08:00,永定门内,244.0,,8.0,119.0,2.3,2.0,Quotsoft/Beijing-monitoring-archive,False
2019-02-24 04:00:00+08:00,前门,192.0,,7.0,117.0,2.0,,Quotsoft/Beijing-monitoring-archive,False
2019-02-24 04:00:00+08:00,天坛,194.0,,3.0,112.0,2.1,5.0,Quotsoft/Beijing-monitoring-archive,False
2019-02-24 04:00:00+08:00,永定门内,194.0,,11.0,120.0,2.1,,Quotsoft/Beijing-monitoring-archive,False
2019-02-24 05:00:00+08:00,前门,193.0,,6.0,113.0,2.2,7.0,Quotsoft/Beijing-monitoring-archive,False
2019-02-24 05:00:00+08:00,天坛,190.0,,2.0,110.0,2.1,6.0,Quotsoft/Beijing-monitoring-archive,False
2019-02-24 05:00:00+08:00,永定门内,192.0,,11.0,121.0,2.2,2.0,Quotsoft/Beijing-monitoring-archive,False
2019-02-24 06:00:00+08:00,前门,195.0,,5.0,107.0,2.1,11.0,Quotsoft/Beijing-monitoring-archive,False
2019-02-24 06:00:00+08:00,天坛,199.0,,2.0,108.0,2.1,6.0,Quotsoft/Beijing-monitoring-archive,False
2019-02-24 06:00:00+08:00,永定门内,197.0,,11.0,116.0,2.1,2.0,Quotsoft/Beijing-monitoring-archive,False
2019-02-24 07:00:00+08:00,前门,153.0,,5.0,92.0,1.8,17.0,Quotsoft/Beijing-monitoring-archive,False
2019-02-24 07:00:00+08:00,天坛,192.0,,2.0,94.0,1.9,7.0,Quotsoft/Beijing-monitoring-archive,False
2019-02-24 07:00:00+08:00,永定门内,167.0,,10.0,105.0,1.8,2.0,Quotsoft/Beijing-monitoring-archive,False
2019-02-24 08:00:00+08:00,前门,130.0,,7.0,78.0,1.7,27.0,Quotsoft/Beijing-monitoring-archive,False
2019-02-24 08:00:00+08:00,天坛,156.0,,3.0,84.0,1.7,17.0,Quotsoft/Beijing-monitoring-archive,False
2019-02-24 08:00:00+08:00,永定门内,140.0,,11.0,102.0,1.8,2.0,Quotsoft/Beijing-monitoring-archive,False
2019-02-24 09:00:00+08:00,前门,124.0,,8.0,76.0,1.6,25.0,Quotsoft/Beijing-monitoring-archive,False
2019-02-24 09:00:00+08:00,天坛,130.0,,7.0,72.0,1.4,35.0,Quotsoft/Beijing-monitoring-archive,False
2019-02-24 09:00:00+08:00,永定门内,125.0,,14.0,79.0,1.5,23.0,Quotsoft/Beijing-monitoring-archive,False
2019-02-24 10:00:00+08:00,前门,62.0,,6.0,54.0,1.3,40.0,Quotsoft/Beijing-monitoring-archive,False
2019-02-24 10:00:00+08:00,天坛,77.0,,6.0,41.0,1.0,56.0,Quotsoft/Beijing-monitoring-archive,False
2019-02-24 10:00:00+08:00,永定门内,71.0,,10.0,46.0,1.0,55.0,Quotsoft/Beijing-monitoring-archive,False
2019-02-24 11:00:00+08:00,前门,58.0,,5.0,37.0,1.0,49.0,Quotsoft/Beijing-monitoring-archive,False
2019-02-24 11:00:00+08:00,天坛,53.0,,5.0,36.0,0.9,60.0,Quotsoft/Beijing-monitoring-archive,False
2019-02-24 11:00:00+08:00,永定门内,52.0,,9.0,35.0,0.9,64.0,Quotsoft/Beijing-monitoring-archive,False
2019-02-24 12:00:00+08:00,前门,42.0,,4.0,27.0,0.8,57.0,Quotsoft/Beijing-monitoring-archive,False
2019-02-24 12:00:00+08:00,天坛,37.0,,4.0,28.0,0.7,70.0,Quotsoft/Beijing-monitoring-archive,False
2019-02-24 12:00:00+08:00,永定门内,41.0,,9.0,31.0,0.8,68.0,Quotsoft/Beijing-monitoring-archive,False
2019-02-24 13:00:00+08:00,前门,31.0,,3.0,20.0,0.7,62.0,Quotsoft/Beijing-monitoring-archive,False
2019-02-24 13:00:00+08:00,天坛,31.0,,4.0,22.0,0.6,77.0,Quotsoft/Beijing-monitoring-archive,False
2019-02-24 13:00:00+08:00,永定门内,34.0,,8.0,25.0,0.7,75.0,Quotsoft/Beijing-monitoring-archive,False
2019-02-24 14:00:00+08:00,前门,26.0,,3.0,17.0,0.6,64.0,Quotsoft/Beijing-monitoring-archive,False
2019-02-24 14:00:00+08:00,天坛,22.0,,3.0,22.0,0.6,79.0,Quotsoft/Beijing-monitoring-archive,False
2019-02-24 14:00:00+08:00,永定门内,26.0,,8.0,24.0,0.6,80.0,Quotsoft/Beijing-monitoring-archive,False
2019-02-24 15:00:00+08:00,前门,20.0,,3.0,23.0,0.5,62.0,Quotsoft/Beijing-monitoring-archive,False
2019-02-24 15:00:00+08:00,天坛,18.0,,3.0,21.0,0.5,81.0,Quotsoft/Beijing-monitoring-archive,False
2019-02-24 15:00:00+08:00,永定门内,17.0,,8.0,22.0,0.6,80.0,Quotsoft/Beijing-monitoring-archive,False
2019-02-24 16:00:00+08:00,前门,18.0,,3.0,24.0,0.5,57.0,Quotsoft/Beijing-monitoring-archive,False
2019-02-24 16:00:00+08:00,天坛,16.0,,3.0,24.0,0.5,78.0,Quotsoft/Beijing-monitoring-archive,False
2019-02-24 16:00:00+08:00,永定门内,18.0,,7.0,29.0,0.6,75.0,Quotsoft/Beijing-monitoring-archive,False
2019-02-24 17:00:00+08:00,前门,18.0,,3.0,27.0,0.5,54.0,Quotsoft/Beijing-monitoring-archive,False
2019-02-24 17:00:00+08:00,天坛,24.0,,3.0,27.0,0.5,74.0,Quotsoft/Beijing-monitoring-archive,False
2019-02-24 17:00:00+08:00,永定门内,19.0,,9.0,32.0,0.6,70.0,Quotsoft/Beijing-monitoring-archive,False
2019-02-24 18:00:00+08:00,前门,15.0,,3.0,21.0,0.5,57.0,Quotsoft/Beijing-monitoring-archive,False
2019-02-24 18:00:00+08:00,天坛,21.0,,3.0,34.0,0.5,63.0,Quotsoft/Beijing-monitoring-archive,False
2019-02-24 18:00:00+08:00,永定门内,18.0,,8.0,47.0,0.7,51.0,Quotsoft/Beijing-monitoring-archive,False
2019-02-24 19:00:00+08:00,前门,22.0,,3.0,26.0,0.6,46.0,Quotsoft/Beijing-monitoring-archive,False
2019-02-24 19:00:00+08:00,天坛,16.0,29.0,3.0,33.0,0.5,47.0,Quotsoft/Beijing-monitoring-archive,False
2019-02-24 19:00:00+08:00,永定门内,22.0,24.0,8.0,74.0,0.8,13.0,Quotsoft/Beijing-monitoring-archive,False
2019-02-24 20:00:00+08:00,前门,37.0,,3.0,59.0,0.8,12.0,Quotsoft/Beijing-monitoring-archive,False
2019-02-24 20:00:00+08:00,天坛,18.0,,3.0,35.0,0.6,37.0,Quotsoft/Beijing-monitoring-archive,False
2019-02-24 20:00:00+08:00,永定门内,20.0,40.0,8.0,95.0,1.0,2.0,Quotsoft/Beijing-monitoring-archive,False
2019-02-24 21:00:00+08:00,前门,30.0,,4.0,63.0,1.0,8.0,Quotsoft/Beijing-monitoring-archive,False
2019-02-24 21:00:00+08:00,天坛,21.0,,2.0,60.0,0.8,14.0,Quotsoft/Beijing-monitoring-archive,False
2019-02-24 21:00:00+08:00,永定门内,29.0,62.0,8.0,94.0,1.5,2.0,Quotsoft/Beijing-monitoring-archive,False
2019-02-24 22:00:00+08:00,前门,33.0,,4.0,64.0,1.0,4.0,Quotsoft/Beijing-monitoring-archive,False
2019-02-24 22:00:00+08:00,天坛,31.0,32.0,2.0,71.0,1.0,6.0,Quotsoft/Beijing-monitoring-archive,False
2019-02-24 22:00:00+08:00,永定门内,37.0,72.0,10.0,87.0,1.7,2.0,Quotsoft/Beijing-monitoring-archive,False
2019-02-24 23:00:00+08:00,前门,23.0,,5.0,63.0,1.1,5.0,Quotsoft/Beijing-monitoring-archive,False
2019-02-24 23:00:00+08:00,天坛,29.0,,6.0,75.0,1.0,10.0,Quotsoft/Beijing-monitoring-archive,False
2019-02-24 23:00:00+08:00,永定门内,34.0,,10.0,88.0,1.4,2.0,Quotsoft/Beijing-monitoring-archive,False
2019-02-25 00:00:00+08:00,前门,78.0,96.0,9.0,76.0,1.3,5.0,Quotsoft/Beijing-monitoring-archive,False
2019-02-25 00:00:00+08:00,天坛,71.0,83.0,10.0,100.0,1.4,7.0,Quotsoft/Beijing-monitoring-archive,False
2019-02-25 00:00:00+08:00,永定门内,67.0,121.0,12.0,95.0,1.7,2.0,Quotsoft/Beijing-monitoring-archive,False
2019-02-25 01:00:00+08:00,前门,185.0,209.0,10.0,100.0,2.4,2.0,Quotsoft/Beijing-monitoring-archive,False
2019-02-25 01:00:00+08:00,天坛,184.0,207.0,6.0,109.0,2.5,6.0,Quotsoft/Beijing-monitoring-archive,False
2019-02-25 01:00:00+08:00,永定门内,181.0,222.0,13.0,114.0,2.7,2.0,Quotsoft/Beijing-monitoring-archive,False
2019-02-25 02:00:00+08:00,前门,174.0,,8.0,93.0,2.4,2.0,Quotsoft/Beijing-monitoring-archive,False
2019-02-25 02:00:00+08:00,天坛,185.0,192.0,2.0,101.0,2.8,5.0,Quotsoft/Beijing-monitoring-archive,False
2019-02-25 02:00:00+08:00,永定门内,157.0,,13.0,97.0,2.6,2.0,Quotsoft/Beijing-monitoring-archive,False
2019-02-25 03:00:00+08:00,前门,147.0,,7.0,85.0,2.3,2.0,Quotsoft/Beijing-monitoring-archive,False
2019-02-25 03:00:00+08:00,天坛,155.0,,2.0,86.0,2.7,5.0,Quotsoft/Beijing-monitoring-archive,False
2019-02-25 03:00:00+08:00,永定门内,143.0,,10.0,91.0,2.5,2.0,Quotsoft/Beijing-monitoring-archive,False
2019-02-25 04:00:00+08:00,前门,131.0,,9.0,81.0,2.1,2.0,Quotsoft/Beijing-monitoring-archive,False
2019-02-25 04:00:00+08:00,天坛,147.0,,2.0,82.0,2.5,4.0,Quotsoft/Beijing-monitoring-archive,False
2019-02-25 04:00:00+08:00,永定门内,131.0,,13.0,90.0,2.3,2.0,Quotsoft/Beijing-monitoring-archive,False
2019-02-25 05:00:00+08:00,前门,106.0,,10.0,80.0,2.1,2.0,Quotsoft/Beijing-monitoring-archive,False
2019-02-25 05:00:00+08:00,天坛,121.0,,5.0,78.0,2.1,7.0,Quotsoft/Beijing-monitoring-archive,False
2019-02-25 05:00:00+08:00,永定门内,116.0,,14.0,86.0,2.1,2.0,Quotsoft/Beijing-monitoring-archive,False
2019-02-25 06:00:00+08:00,前门,114.0,,12.0,81.0,2.2,2.0,Quotsoft/Beijing-monitoring-archive,False
2019-02-25 06:00:00+08:00,天坛,99.0,,4.0,78.0,2.0,4.0,Quotsoft/Beijing-monitoring-archive,False
2019-02-25 06:00:00+08:00,永定门内,106.0,,17.0,89.0,2.2,2.0,Quotsoft/Beijing-monitoring-archive,False
2019-02-25 07:00:00+08:00,前门,92.0,,12.0,78.0,2.0,3.0,Quotsoft/Beijing-monitoring-archive,False
2019-02-25 07:00:00+08:00,天坛,100.0,,5.0,81.0,2.0,4.0,Quotsoft/Beijing-monitoring-archive,False
2019-02-25 07:00:00+08:00,永定门内,90.0,,21.0,89.0,2.0,2.0,Quotsoft/Beijing-monitoring-archive,False
2019-02-25 08:00:00+08:00,前门,66.0,,11.0,71.0,1.7,5.0,Quotsoft/Beijing-monitoring-archive,False
2019-02-25 08:00:00+08:00,天坛,63.0,,7.0,69.0,1.4,14.0,Quotsoft/Beijing-monitoring-archive,False
2019-02-25 08:00:00+08:00,永定门内,68.0,,19.0,83.0,1.7,2.0,Quotsoft/Beijing-monitoring-archive,False
2019-02-25 09:00:00+08:00,前门,36.0,,8.0,45.0,1.2,22.0,Quotsoft/Beijing-monitoring-archive,False
2019-02-25 09:00:00+08:00,天坛,13.0,,7.0,46.0,0.8,36.0,Quotsoft/Beijing-monitoring-archive,False
2019-02-25 09:00:00+08:00,永定门内,40.0,,13.0,60.0,1.1,20.0,Quotsoft/Beijing-monitoring-archive,False
2019-02-25 10:00:00+08:00,前门,13.0,,5.0,29.0,0.9,37.0,Quotsoft/Beijing-monitoring-archive,False
2019-02-25 10:00:00+08:00,天坛,7.0,,4.0,26.0,0.5,56.0,Quotsoft/Beijing-monitoring-archive,False
2019-02-25 10:00:00+08:00,永定门内,13.0,,8.0,33.0,0.6,49.0,Quotsoft/Beijing-monitoring-archive,False
2019-02-25 11:00:00+08:00,前门,15.0,,4.0,23.0,0.7,42.0,Quotsoft/Beijing-monitoring-archive,False
2019-02-25 11:00:00+08:00,天坛,10.0,,4.0,28.0,0.5,55.0,Quotsoft/Beijing-monitoring-archive,False
2019-02-25 11:00:00+08:00,永定门内,6.0,,9.0,30.0,0.5,54.0,Quotsoft/Beijing-monitoring-archive,False
2019-02-25 12:00:00+08:00,前门,12.0,,3.0,16.0,0.6,51.0,Quotsoft/Beijing-monitoring-archive,False
2019-02-25 12:00:00+08:00,天坛,7.0,,4.0,27.0,0.5,61.0,Quotsoft/Beijing-monitoring-archive,False
2019-02-25 12:00:00+08:00,永定门内,8.0,,8.0,30.0,0.5,59.0,Quotsoft/Beijing-monitoring-archive,False
2019-02-25 13:00:00+08:00,前门,18.0,,3.0,12.0,0.5,57.0,Quotsoft/Beijing-monitoring-archive,False
2019-02-25 13:00:00+08:00,天坛,5.0,,3.0,23.0,0.5,68.0,Quotsoft/Beijing-monitoring-archive,False
2019-02-25 13:00:00+08:00,永定门内,8.0,,7.0,23.0,0.5,66.0,Quotsoft/Beijing-monitoring-archive,False
2019-02-25 14:00:00+08:00,前门,16.0,,3.0,12.0,0.5,56.0,Quotsoft/Beijing-monitoring-archive,False
2019-02-25 14:00:00+08:00,天坛,15.0,,5.0,24.0,0.6,69.0,Quotsoft/Beijing-monitoring-archive,False
2019-02-25 14:00:00+08:00,永定门内,12.0,,8.0,26.0,0.6,66.0,Quotsoft/Beijing-monitoring-archive,False
2019-02-25 15:00:00+08:00,前门,27.0,,5.0,16.0,0.5,54.0,Quotsoft/Beijing-monitoring-archive,False
2019-02-25 15:00:00+08:00,天坛,17.0,,5.0,25.0,0.5,71.0,Quotsoft/Beijing-monitoring-archive,False
2019-02-25 15:00:00+08:00,永定门内,,,9.0,28.0,0.5,62.0,Quotsoft/Beijing-monitoring-archive,False
2019-02-25 16:00:00+08:00,前门,22.0,,6.0,18.0,0.6,56.0,Quotsoft/Beijing-monitoring-archive,False
2019-02-25 16:00:00+08:00,天坛,28.0,,7.0,29.0,0.6,72.0,Quotsoft/Beijing-monitoring-archive,False
2019-02-25 16:00:00+08:00,永定门内,18.0,,11.0,33.0,0.6,64.0,Quotsoft/Beijing-monitoring-archive,False
2019-02-25 17:00:00+08:00,前门,31.0,33.0,8.0,23.0,0.7,56.0,Quotsoft/Beijing-monitoring-archive,False
2019-02-25 17:00:00+08:00,天坛,31.0,43.0,9.0,32.0,0.8,73.0,Quotsoft/Beijing-monitoring-archive,False
2019-02-25 17:00:00+08:00,永定门内,35.0,,15.0,40.0,0.8,70.0,Quotsoft/Beijing-monitoring-archive,False
2019-02-25 18:00:00+08:00,前门,51.0,,11.0,28.0,0.9,52.0,Quotsoft/Beijing-monitoring-archive,False
2019-02-25 18:00:00+08:00,天坛,41.0,49.0,12.0,35.0,0.9,70.0,Quotsoft/Beijing-monitoring-archive,False
2019-02-25 18:00:00+08:00,永定门内,40.0,40.0,19.0,53.0,1.0,58.0,Quotsoft/Beijing-monitoring-archive,False
2019-02-25 19:00:00+08:00,前门,44.0,48.0,13.0,38.0,1.1,39.0,Quotsoft/Beijing-monitoring-archive,False
2019-02-25 19:00:00+08:00,天坛,40.0,58.0,12.0,39.0,1.1,57.0,Quotsoft/Beijing-monitoring-archive,False
2019-02-25 19:00:00+08:00,永定门内,41.0,52.0,21.0,59.0,1.2,44.0,Quotsoft/Beijing-monitoring-archive,False
2019-02-25 20:00:00+08:00,前门,48.0,58.0,13.0,54.0,1.2,20.0,Quotsoft/Beijing-monitoring-archive,False
2019-02-25 20:00:00+08:00,天坛,48.0,59.0,12.0,64.0,1.2,30.0,Quotsoft/Beijing-monitoring-archive,False
2019-02-25 20:00:00+08:00,永定门内,44.0,66.0,21.0,73.0,1.3,27.0,Quotsoft/Beijing-monitoring-archive,False
2019-02-25 21:00:00+08:00,前门,42.0,42.0,9.0,43.0,0.8,23.0,Quotsoft/Beijing-monitoring-archive,False
2019-02-25 21:00:00+08:00,天坛,31.0,47.0,9.0,49.0,0.7,38.0,Quotsoft/Beijing-monitoring-archive,False
2019-02-25 21:00:00+08:00,永定门内,38.0,59.0,14.0,53.0,0.8,36.0,Quotsoft/Beijing-monitoring-archive,False
2019-02-25 22:00:00+08:00,前门,37.0,,6.0,36.0,0.7,30.0,Quotsoft/Beijing-monitoring-archive,False
2019-02-25 22:00:00+08:00,天坛,28.0,36.0,6.0,42.0,0.6,42.0,Quotsoft/Beijing-monitoring-archive,False
2019-02-25 22:00:00+08:00,永定门内,37.0,51.0,12.0,55.0,0.8,35.0,Quotsoft/Beijing-monitoring-archive,False
2019-02-25 23:00:00+08:00,前门,26.0,41.0,6.0,43.0,0.7,23.0,Quotsoft/Beijing-monitoring-archive,False
2019-02-25 23:00:00+08:00,天坛,38.0,48.0,6.0,58.0,0.7,27.0,Quotsoft/Beijing-monitoring-archive,False
2019-02-25 23:00:00+08:00,永定门内,34.0,53.0,12.0,62.0,0.7,29.0,Quotsoft/Beijing-monitoring-archive,False
2019-02-26 00:00:00+08:00,前门,42.0,46.0,7.0,49.0,0.7,16.0,Quotsoft/Beijing-monitoring-archive,False
2019-02-26 00:00:00+08:00,天坛,39.0,61.0,5.0,65.0,0.7,17.0,Quotsoft/Beijing-monitoring-archive,False
2019-02-26 00:00:00+08:00,永定门内,44.0,61.0,14.0,68.0,0.8,18.0,Quotsoft/Beijing-monitoring-archive,False
2019-02-26 01:00:00+08:00,前门,44.0,60.0,8.0,63.0,0.8,4.0,Quotsoft/Beijing-monitoring-archive,False
2019-02-26 01:00:00+08:00,天坛,66.0,116.0,4.0,78.0,0.8,3.0,Quotsoft/Beijing-monitoring-archive,False
2019-02-26 01:00:00+08:00,永定门内,50.0,71.0,12.0,84.0,0.9,2.0,Quotsoft/Beijing-monitoring-archive,False
2019-02-26 02:00:00+08:00,前门,50.0,,9.0,65.0,0.8,3.0,Quotsoft/Beijing-monitoring-archive,False
2019-02-26 02:00:00+08:00,天坛,55.0,75.0,4.0,79.0,0.8,3.0,Quotsoft/Beijing-monitoring-archive,False
2019-02-26 02:00:00+08:00,永定门内,51.0,76.0,7.0,82.0,1.0,1.0,Quotsoft/Beijing-monitoring-archive,False
2019-02-26 03:00:00+08:00,前门,48.0,,8.0,61.0,0.8,5.0,Quotsoft/Beijing-monitoring-archive,False
2019-02-26 03:00:00+08:00,天坛,61.0,78.0,4.0,77.0,0.9,3.0,Quotsoft/Beijing-monitoring-archive,False
2019-02-26 03:00:00+08:00,永定门内,52.0,104.0,8.0,89.0,0.8,1.0,Quotsoft/Beijing-monitoring-archive,False
2019-02-26 04:00:00+08:00,前门,47.0,50.0,9.0,66.0,0.8,,Quotsoft/Beijing-monitoring-archive,False
2019-02-26 04:00:00+08:00,天坛,59.0,82.0,4.0,74.0,0.9,3.0,Quotsoft/Beijing-monitoring-archive,False
2019-02-26 04:00:00+08:00,永定门内,50.0,87.0,8.0,87.0,0.8,,Quotsoft/Beijing-monitoring-archive,False
2019-02-26 05:00:00+08:00,前门,46.0,64.0,9.0,80.0,0.9,2.0,Quotsoft/Beijing-monitoring-archive,False
2019-02-26 05:00:00+08:00,天坛,52.0,81.0,4.0,76.0,0.9,3.0,Quotsoft/Beijing-monitoring-archive,False
2019-02-26 05:00:00+08:00,永定门内,46.0,73.0,6.0,80.0,0.8,2.0,Quotsoft/Beijing-monitoring-archive,False
2019-02-26 06:00:00+08:00,前门,50.0,66.0,10.0,79.0,1.1,2.0,Quotsoft/Beijing-monitoring-archive,False
2019-02-26 06:00:00+08:00,天坛,54.0,72.0,4.0,75.0,1.0,3.0,Quotsoft/Beijing-monitoring-archive,False
2019-02-26 06:00:00+08:00,永定门内,47.0,77.0,10.0,84.0,0.9,2.0,Quotsoft/Beijing-monitoring-archive,False
2019-02-26 07:00:00+08:00,前门,48.0,,12.0,75.0,1.1,2.0,Quotsoft/Beijing-monitoring-archive,False
2019-02-26 07:00:00+08:00,天坛,44.0,73.0,5.0,72.0,1.1,3.0,Quotsoft/Beijing-monitoring-archive,False
2019-02-26 07:00:00+08:00,永定门内,50.0,87.0,12.0,86.0,1.1,2.0,Quotsoft/Beijing-monitoring-archive,False
2019-02-26 08:00:00+08:00,前门,46.0,58.0,11.0,71.0,1.1,5.0,Quotsoft/Beijing-monitoring-archive,False
2019-02-26 08:00:00+08:00,天坛,45.0,83.0,6.0,72.0,1.2,4.0,Quotsoft/Beijing-monitoring-archive,False
2019-02-26 08:00:00+08:00,永定门内,46.0,80.0,15.0,79.0,1.1,1.0,Quotsoft/Beijing-monitoring-archive,False
2019-02-26 09:00:00+08:00,前门,42.0,53.0,11.0,66.0,1.1,7.0,Quotsoft/Beijing-monitoring-archive,False
2019-02-26 09:00:00+08:00,天坛,49.0,69.0,10.0,71.0,1.2,8.0,Quotsoft/Beijing-monitoring-archive,False
2019-02-26 09:00:00+08:00,永定门内,42.0,70.0,15.0,67.0,1.0,6.0,Quotsoft/Beijing-monitoring-archive,False
2019-02-26 10:00:00+08:00,前门,54.0,,12.0,64.0,1.2,8.0,Quotsoft/Beijing-monitoring-archive,False
2019-02-26 10:00:00+08:00,天坛,48.0,73.0,12.0,71.0,1.3,10.0,Quotsoft/Beijing-monitoring-archive,False
2019-02-26 10:00:00+08:00,永定门内,50.0,73.0,16.0,69.0,1.1,5.0,Quotsoft/Beijing-monitoring-archive,False
2019-02-26 11:00:00+08:00,前门,49.0,57.0,13.0,71.0,1.3,8.0,Quotsoft/Beijing-monitoring-archive,False
2019-02-26 11:00:00+08:00,天坛,51.0,78.0,12.0,76.0,1.4,11.0,Quotsoft/Beijing-monitoring-archive,False
2019-02-26 11:00:00+08:00,永定门内,50.0,74.0,17.0,,1.2,7.0,Quotsoft/Beijing-monitoring-archive,False
2019-02-26 12:00:00+08:00,前门,50.0,57.0,12.0,73.0,1.3,10.0,Quotsoft/Beijing-monitoring-archive,False
2019-02-26 12:00:00+08:00,天坛,57.0,77.0,11.0,80.0,1.4,13.0,Quotsoft/Beijing-monitoring-archive,False
2019-02-26 12:00:00+08:00,永定门内,53.0,73.0,15.0,77.0,1.1,,Quotsoft/Beijing-monitoring-archive,False
2019-02-26 13:00:00+08:00,前门,51.0,64.0,12.0,84.0,1.4,7.0,Quotsoft/Beijing-monitoring-archive,False
2019-02-26 13:00:00+08:00,天坛,55.0,83.0,12.0,83.0,1.5,12.0,Quotsoft/Beijing-monitoring-archive,False
2019-02-26 13:00:00+08:00,永定门内,53.0,80.0,16.0,76.0,1.2,9.0,Quotsoft/Beijing-monitoring-archive,False
2019-02-26 14:00:00+08:00,前门,55.0,65.0,11.0,65.0,1.1,31.0,Quotsoft/Beijing-monitoring-archive,False
2019-02-26 14:00:00+08:00,天坛,44.0,82.0,10.0,55.0,1.0,45.0,Quotsoft/Beijing-monitoring-archive,False
2019-02-26 14:00:00+08:00,永定门内,47.0,80.0,15.0,65.0,0.9,29.0,Quotsoft/Beijing-monitoring-archive,False
2019-02-26 15:00:00+08:00,前门,44.0,47.0,10.0,64.0,0.9,37.0,Quotsoft/Beijing-monitoring-archive,False
2019-02-26 15:00:00+08:00,天坛,48.0,53.0,8.0,58.0,0.9,44.0,Quotsoft/Beijing-monitoring-archive,False
2019-02-26 15:00:00+08:00,永定门内,44.0,67.0,13.0,65.0,0.7,33.0,Quotsoft/Beijing-monitoring-archive,False
2019-02-26 16:00:00+08:00,前门,51.0,,10.0,70.0,0.9,31.0,Quotsoft/Beijing-monitoring-archive,False
2019-02-26 16:00:00+08:00,天坛,46.0,53.0,10.0,68.0,0.9,30.0,Quotsoft/Beijing-monitoring-archive,False
2019-02-26 16:00:00+08:00,永定门内,48.0,70.0,14.0,80.0,0.8,22.0,Quotsoft/Beijing-monitoring-archive,False
2019-02-26 17:00:00+08:00,前门,51.0,64.0,10.0,57.0,0.8,49.0,Quotsoft/Beijing-monitoring-archive,False
2019-02-26 17:00:00+08:00,天坛,39.0,86.0,8.0,43.0,0.8,67.0,Quotsoft/Beijing-monitoring-archive,False
2019-02-26 17:00:00+08:00,永定门内,51.0,67.0,13.0,50.0,0.6,60.0,Quotsoft/Beijing-monitoring-archive,False
2019-02-26 18:00:00+08:00,前门,60.0,61.0,9.0,45.0,0.8,73.0,Quotsoft/Beijing-monitoring-archive,False
2019-02-26 18:00:00+08:00,天坛,69.0,81.0,7.0,23.0,0.7,98.0,Quotsoft/Beijing-monitoring-archive,False
2019-02-26 18:00:00+08:00,永定门内,58.0,65.0,13.0,41.0,0.6,76.0,Quotsoft/Beijing-monitoring-archive,False
2019-02-26 19:00:00+08:00,前门,56.0,,9.0,62.0,0.9,42.0,Quotsoft/Beijing-monitoring-archive,False
2019-02-26 19:00:00+08:00,天坛,53.0,,8.0,59.0,0.9,41.0,Quotsoft/Beijing-monitoring-archive,False
2019-02-26 19:00:00+08:00,永定门内,54.0,72.0,14.0,66.0,0.8,28.0,Quotsoft/Beijing-monitoring-archive,False
2019-02-26 20:00:00+08:00,前门,57.0,73.0,10.0,78.0,1.0,18.0,Quotsoft/Beijing-monitoring-archive,False
2019-02-26 20:00:00+08:00,天坛,58.0,77.0,13.0,77.0,1.2,19.0,Quotsoft/Beijing-monitoring-archive,False
2019-02-26 20:00:00+08:00,永定门内,56.0,86.0,18.0,77.0,1.0,14.0,Quotsoft/Beijing-monitoring-archive,False
2019-02-26 21:00:00+08:00,前门,75.0,83.0,11.0,77.0,1.1,22.0,Quotsoft/Beijing-monitoring-archive,False
2019-02-26 21:00:00+08:00,天坛,69.0,104.0,10.0,70.0,1.2,28.0,Quotsoft/Beijing-monitoring-archive,False
2019-02-26 21:00:00+08:00,永定门内,65.0,97.0,19.0,84.0,1.1,13.0,Quotsoft/Beijing-monitoring-archive,False
2019-02-26 22:00:00+08:00,前门,76.0,78.0,8.0,95.0,1.2,11.0,Quotsoft/Beijing-monitoring-archive,False
2019-02-26 22:00:00+08:00,天坛,85.0,99.0,8.0,57.0,1.3,45.0,Quotsoft/Beijing-monitoring-archive,False
2019-02-26 22:00:00+08:00,永定门内,75.0,92.0,13.0,79.0,1.4,23.0,Quotsoft/Beijing-monitoring-archive,False
2019-02-26 23:00:00+08:00,前门,80.0,,8.0,83.0,1.3,21.0,Quotsoft/Beijing-monitoring-archive,False
2019-02-26 23:00:00+08:00,天坛,90.0,96.0,5.0,82.0,1.4,17.0,Quotsoft/Beijing-monitoring-archive,False
2019-02-26 23:00:00+08:00,永定门内,81.0,87.0,10.0,84.0,1.4,16.0,Quotsoft/Beijing-monitoring-archive,False
2019-02-27 00:00:00+08:00,前门,82.0,,8.0,77.0,1.3,24.0,Quotsoft/Beijing-monitoring-archive,False
2019-02-27 00:00:00+08:00,天坛,104.0,121.0,4.0,98.0,1.5,7.0,Quotsoft/Beijing-monitoring-archive,False
2019-02-27 00:00:00+08:00,永定门内,,,,,,,Quotsoft/Beijing-monitoring-archive,False
2019-02-27 01:00:00+08:00,前门,80.0,,8.0,88.0,1.3,13.0,Quotsoft/Beijing-monitoring-archive,False
2019-02-27 01:00:00+08:00,天坛,105.0,125.0,4.0,92.0,1.4,3.0,Quotsoft/Beijing-monitoring-archive,False
2019-02-27 01:00:00+08:00,永定门内,,,,,,,Quotsoft/Beijing-monitoring-archive,False
2019-02-27 02:00:00+08:00,前门,73.0,,9.0,87.0,1.2,10.0,Quotsoft/Beijing-monitoring-archive,False
2019-02-27 02:00:00+08:00,天坛,97.0,100.0,5.0,90.0,1.4,5.0,Quotsoft/Beijing-monitoring-archive,False
2019-02-27 02:00:00+08:00,永定门内,,,,,,,Quotsoft/Beijing-monitoring-archive,False
2019-02-27 03:00:00+08:00,前门,84.0,,8.0,92.0,1.2,4.0,Quotsoft/Beijing-monitoring-archive,False
2019-02-27 03:00:00+08:00,天坛,95.0,100.0,5.0,89.0,1.4,4.0,Quotsoft/Beijing-monitoring-archive,False
2019-02-27 03:00:00+08:00,永定门内,,,,,,,Quotsoft/Beijing-monitoring-archive,False
2019-02-27 04:00:00+08:00,前门,64.0,,8.0,88.0,1.3,2.0,Quotsoft/Beijing-monitoring-archive,False
2019-02-27 04:00:00+08:00,天坛,87.0,99.0,3.0,86.0,1.4,4.0,Quotsoft/Beijing-monitoring-archive,False
2019-02-27 04:00:00+08:00,永定门内,,,,,,,Quotsoft/Beijing-monitoring-archive,False
2019-02-27 05:00:00+08:00,前门,85.0,,9.0,85.0,1.7,2.0,Quotsoft/Beijing-monitoring-archive,False
2019-02-27 05:00:00+08:00,天坛,72.0,,1.0,72.0,1.6,4.0,Quotsoft/Beijing-monitoring-archive,False
2019-02-27 05:00:00+08:00,永定门内,,,,,,,Quotsoft/Beijing-monitoring-archive,False
2019-02-27 06:00:00+08:00,前门,74.0,81.0,8.0,86.0,1.8,2.0,Quotsoft/Beijing-monitoring-archive,False
2019-02-27 06:00:00+08:00,天坛,82.0,,1.0,70.0,1.7,4.0,Quotsoft/Beijing-monitoring-archive,False
2019-02-27 06:00:00+08:00,永定门内,,,,,,,Quotsoft/Beijing-monitoring-archive,False
2019-02-27 07:00:00+08:00,前门,67.0,69.0,9.0,86.0,1.9,2.0,Quotsoft/Beijing-monitoring-archive,False
2019-02-27 07:00:00+08:00,天坛,80.0,106.0,1.0,70.0,1.8,4.0,Quotsoft/Beijing-monitoring-archive,False
2019-02-27 07:00:00+08:00,永定门内,,,,,,,Quotsoft/Beijing-monitoring-archive,False
2019-02-27 08:00:00+08:00,前门,83.0,106.0,8.0,86.0,1.8,3.0,Quotsoft/Beijing-monitoring-archive,False
2019-02-27 08:00:00+08:00,天坛,70.0,106.0,2.0,68.0,1.8,5.0,Quotsoft/Beijing-monitoring-archive,False
2019-02-27 08:00:00+08:00,永定门内,,,,,,,Quotsoft/Beijing-monitoring-archive,False
2019-02-27 09:00:00+08:00,前门,100.0,,10.0,83.0,1.7,7.0,Quotsoft/Beijing-monitoring-archive,False
2019-02-27 09:00:00+08:00,天坛,102.0,131.0,8.0,75.0,1.7,12.0,Quotsoft/Beijing-monitoring-archive,False
2019-02-27 09:00:00+08:00,永定门内,,,,,,,Quotsoft/Beijing-monitoring-archive,False
2019-02-27 10:00:00+08:00,前门,107.0,,16.0,68.0,1.4,23.0,Quotsoft/Beijing-monitoring-archive,False
2019-02-27 10:00:00+08:00,天坛,111.0,,12.0,63.0,1.4,27.0,Quotsoft/Beijing-monitoring-archive,False
2019-02-27 10:00:00+08:00,永定门内,,,,,,,Quotsoft/Beijing-monitoring-archive,False
2019-02-27 11:00:00+08:00,前门,112.0,,19.0,74.0,1.4,27.0,Quotsoft/Beijing-monitoring-archive,False
2019-02-27 11:00:00+08:00,天坛,117.0,,14.0,62.0,1.4,40.0,Quotsoft/Beijing-monitoring-archive,False
2019-02-27 11:00:00+08:00,永定门内,,,,,,,Quotsoft/Beijing-monitoring-archive,False
2019-02-27 12:00:00+08:00,前门,110.0,,17.0,73.0,1.3,42.0,Quotsoft/Beijing-monitoring-archive,False
2019-02-27 12:00:00+08:00,天坛,123.0,,14.0,55.0,1.3,58.0,Quotsoft/Beijing-monitoring-archive,False
2019-02-27 12:00:00+08:00,永定门内,112.0,,,,,,Quotsoft/Beijing-monitoring-archive,False
2019-02-27 13:00:00+08:00,前门,100.0,,15.0,65.0,1.2,57.0,Quotsoft/Beijing-monitoring-archive,False
2019-02-27 13:00:00+08:00,天坛,112.0,,12.0,43.0,1.1,78.0,Quotsoft/Beijing-monitoring-archive,False
2019-02-27 13:00:00+08:00,永定门内,97.0,,17.0,,0.7,66.0,Quotsoft/Beijing-monitoring-archive,False
2019-02-27 14:00:00+08:00,前门,98.0,,13.0,70.0,1.1,58.0,Quotsoft/Beijing-monitoring-archive,False
2019-02-27 14:00:00+08:00,天坛,102.0,,11.0,46.0,1.1,80.0,Quotsoft/Beijing-monitoring-archive,False
2019-02-27 14:00:00+08:00,永定门内,97.0,,16.0,47.0,0.8,63.0,Quotsoft/Beijing-monitoring-archive,False
2019-02-27 15:00:00+08:00,前门,106.0,,13.0,89.0,1.4,40.0,Quotsoft/Beijing-monitoring-archive,False
2019-02-27 15:00:00+08:00,天坛,108.0,,9.0,75.0,1.3,53.0,Quotsoft/Beijing-monitoring-archive,False
2019-02-27 15:00:00+08:00,永定门内,105.0,108.0,,62.0,0.9,40.0,Quotsoft/Beijing-monitoring-archive,False
2019-02-27 16:00:00+08:00,前门,100.0,,11.0,74.0,1.1,63.0,Quotsoft/Beijing-monitoring-archive,False
2019-02-27 16:00:00+08:00,天坛,99.0,,8.0,51.0,1.1,85.0,Quotsoft/Beijing-monitoring-archive,False
2019-02-27 16:00:00+08:00,永定门内,95.0,,12.0,46.0,0.8,78.0,Quotsoft/Beijing-monitoring-archive,False
2019-02-27 17:00:00+08:00,前门,96.0,,11.0,74.0,1.1,67.0,Quotsoft/Beijing-monitoring-archive,False
2019-02-27 17:00:00+08:00,天坛,90.0,,8.0,46.0,1.1,94.0,Quotsoft/Beijing-monitoring-archive,False
2019-02-27 17:00:00+08:00,永定门内,90.0,,13.0,47.0,0.8,81.0,Quotsoft/Beijing-monitoring-archive,False
2019-02-27 18:00:00+08:00,前门,97.0,,11.0,85.0,1.2,50.0,Quotsoft/Beijing-monitoring-archive,False
2019-02-27 18:00:00+08:00,天坛,100.0,,8.0,57.0,1.1,74.0,Quotsoft/Beijing-monitoring-archive,False
2019-02-27 18:00:00+08:00,永定门内,96.0,101.0,13.0,62.0,0.9,64.0,Quotsoft/Beijing-monitoring-archive,False
2019-02-27 19:00:00+08:00,前门,101.0,,11.0,82.0,1.3,52.0,Quotsoft/Beijing-monitoring-archive,False
2019-02-27 19:00:00+08:00,天坛,101.0,,8.0,55.0,1.1,75.0,Quotsoft/Beijing-monitoring-archive,False
2019-02-27 19:00:00+08:00,永定门内,97.0,108.0,14.0,60.0,0.9,64.0,Quotsoft/Beijing-monitoring-archive,False
2019-02-27 20:00:00+08:00,前门,102.0,,11.0,78.0,1.3,51.0,Quotsoft/Beijing-monitoring-archive,False
2019-02-27 20:00:00+08:00,天坛,98.0,,6.0,55.0,1.1,68.0,Quotsoft/Beijing-monitoring-archive,False
2019-02-27 20:00:00+08:00,永定门内,96.0,106.0,12.0,64.0,0.9,58.0,Quotsoft/Beijing-monitoring-archive,False
2019-02-27 21:00:00+08:00,前门,104.0,,11.0,92.0,1.4,35.0,Quotsoft/Beijing-monitoring-archive,False
2019-02-27 21:00:00+08:00,天坛,104.0,,5.0,60.0,1.3,58.0,Quotsoft/Beijing-monitoring-archive,False
2019-02-27 21:00:00+08:00,永定门内,104.0,115.0,13.0,71.0,1.0,46.0,Quotsoft/Beijing-monitoring-archive,False
2019-02-27 22:00:00+08:00,前门,114.0,,11.0,87.0,1.3,36.0,Quotsoft/Beijing-monitoring-archive,False
2019-02-27 22:00:00+08:00,天坛,104.0,,5.0,65.0,1.3,51.0,Quotsoft/Beijing-monitoring-archive,False
2019-02-27 22:00:00+08:00,永定门内,104.0,112.0,13.0,70.0,1.0,46.0,Quotsoft/Beijing-monitoring-archive,False
2019-02-27 23:00:00+08:00,前门,118.0,,11.0,82.0,1.2,38.0,Quotsoft/Beijing-monitoring-archive,False
2019-02-27 23:00:00+08:00,天坛,109.0,,4.0,72.0,1.3,43.0,Quotsoft/Beijing-monitoring-archive,False
2019-02-27 23:00:00+08:00,永定门内,109.0,,14.0,71.0,1.0,42.0,Quotsoft/Beijing-monitoring-archive,False
2019-02-28 00:00:00+08:00,前门,113.0,,10.0,87.0,1.3,27.0,Quotsoft/Beijing-monitoring-archive,False
2019-02-28 00:00:00+08:00,天坛,114.0,,3.0,67.0,1.3,39.0,Quotsoft/Beijing-monitoring-archive,False
2019-02-28 00:00:00+08:00,永定门内,118.0,120.0,11.0,86.0,1.1,24.0,Quotsoft/Beijing-monitoring-archive,False
2019-02-28 01:00:00+08:00,前门,113.0,,8.0,106.0,1.4,9.0,Quotsoft/Beijing-monitoring-archive,False
2019-02-28 01:00:00+08:00,天坛,128.0,,2.0,92.0,1.4,8.0,Quotsoft/Beijing-monitoring-archive,False
2019-02-28 01:00:00+08:00,永定门内,117.0,120.0,7.0,102.0,1.1,2.0,Quotsoft/Beijing-monitoring-archive,False
2019-02-28 02:00:00+08:00,前门,110.0,,7.0,113.0,1.5,3.0,Quotsoft/Beijing-monitoring-archive,False
2019-02-28 02:00:00+08:00,天坛,120.0,131.0,2.0,104.0,1.5,4.0,Quotsoft/Beijing-monitoring-archive,False
2019-02-28 02:00:00+08:00,永定门内,111.0,128.0,10.0,107.0,1.3,2.0,Quotsoft/Beijing-monitoring-archive,False
2019-02-28 03:00:00+08:00,前门,66.0,,5.0,80.0,0.9,17.0,Quotsoft/Beijing-monitoring-archive,False
2019-02-28 03:00:00+08:00,天坛,105.0,,3.0,99.0,1.4,4.0,Quotsoft/Beijing-monitoring-archive,False
2019-02-28 03:00:00+08:00,永定门内,73.0,77.0,9.0,85.0,0.8,5.0,Quotsoft/Beijing-monitoring-archive,False
2019-02-28 04:00:00+08:00,前门,44.0,,5.0,64.0,0.8,,Quotsoft/Beijing-monitoring-archive,False
2019-02-28 04:00:00+08:00,天坛,65.0,74.0,3.0,82.0,1.0,4.0,Quotsoft/Beijing-monitoring-archive,False
2019-02-28 04:00:00+08:00,永定门内,47.0,63.0,8.0,67.0,0.6,,Quotsoft/Beijing-monitoring-archive,False
2019-02-28 05:00:00+08:00,前门,43.0,43.0,7.0,66.0,0.7,12.0,Quotsoft/Beijing-monitoring-archive,False
2019-02-28 05:00:00+08:00,天坛,51.0,57.0,2.0,72.0,0.8,5.0,Quotsoft/Beijing-monitoring-archive,False
2019-02-28 05:00:00+08:00,永定门内,40.0,58.0,8.0,70.0,0.6,7.0,Quotsoft/Beijing-monitoring-archive,False
2019-02-28 06:00:00+08:00,前门,46.0,55.0,5.0,74.0,0.9,5.0,Quotsoft/Beijing-monitoring-archive,False
2019-02-28 06:00:00+08:00,天坛,44.0,57.0,1.0,73.0,0.8,3.0,Quotsoft/Beijing-monitoring-archive,False
2019-02-28 06:00:00+08:00,永定门内,42.0,71.0,6.0,68.0,0.7,2.0,Quotsoft/Beijing-monitoring-archive,False
2019-02-28 07:00:00+08:00,前门,50.0,61.0,6.0,80.0,1.1,3.0,Quotsoft/Beijing-monitoring-archive,False
2019-02-28 07:00:00+08:00,天坛,39.0,65.0,1.0,71.0,0.9,3.0,Quotsoft/Beijing-monitoring-archive,False
2019-02-28 07:00:00+08:00,永定门内,48.0,86.0,8.0,65.0,1.0,2.0,Quotsoft/Beijing-monitoring-archive,False
2019-02-28 08:00:00+08:00,前门,36.0,50.0,6.0,64.0,0.8,14.0,Quotsoft/Beijing-monitoring-archive,False
2019-02-28 08:00:00+08:00,天坛,49.0,90.0,2.0,73.0,1.2,6.0,Quotsoft/Beijing-monitoring-archive,False
2019-02-28 08:00:00+08:00,永定门内,44.0,83.0,9.0,71.0,0.9,6.0,Quotsoft/Beijing-monitoring-archive,False
2019-02-28 09:00:00+08:00,前门,34.0,48.0,7.0,57.0,0.8,22.0,Quotsoft/Beijing-monitoring-archive,False
2019-02-28 09:00:00+08:00,天坛,44.0,56.0,5.0,60.0,0.9,24.0,Quotsoft/Beijing-monitoring-archive,False
2019-02-28 09:00:00+08:00,永定门内,31.0,74.0,11.0,52.0,0.6,25.0,Quotsoft/Beijing-monitoring-archive,False
2019-02-28 10:00:00+08:00,前门,32.0,51.0,6.0,46.0,0.8,30.0,Quotsoft/Beijing-monitoring-archive,False
2019-02-28 10:00:00+08:00,天坛,32.0,58.0,5.0,46.0,0.8,41.0,Quotsoft/Beijing-monitoring-archive,False
2019-02-28 10:00:00+08:00,永定门内,29.0,67.0,10.0,43.0,0.6,36.0,Quotsoft/Beijing-monitoring-archive,False
2019-02-28 11:00:00+08:00,前门,30.0,54.0,6.0,43.0,0.8,37.0,Quotsoft/Beijing-monitoring-archive,False
2019-02-28 11:00:00+08:00,天坛,36.0,65.0,4.0,36.0,0.7,54.0,Quotsoft/Beijing-monitoring-archive,False
2019-02-28 11:00:00+08:00,永定门内,36.0,74.0,11.0,,0.6,45.0,Quotsoft/Beijing-monitoring-archive,False
2019-02-28 12:00:00+08:00,前门,39.0,57.0,5.0,43.0,0.7,41.0,Quotsoft/Beijing-monitoring-archive,False
2019-02-28 12:00:00+08:00,天坛,36.0,73.0,5.0,,0.8,55.0,Quotsoft/Beijing-monitoring-archive,False
2019-02-28 12:00:00+08:00,永定门内,42.0,71.0,9.0,33.0,0.6,56.0,Quotsoft/Beijing-monitoring-archive,False
2019-02-28 13:00:00+08:00,前门,39.0,57.0,4.0,42.0,0.7,49.0,Quotsoft/Beijing-monitoring-archive,False
2019-02-28 13:00:00+08:00,天坛,,3.0,,,,59.0,Quotsoft/Beijing-monitoring-archive,False
2019-02-28 13:00:00+08:00,永定门内,44.0,76.0,7.0,37.0,0.6,61.0,Quotsoft/Beijing-monitoring-archive,False
2019-02-28 14:00:00+08:00,前门,55.0,76.0,5.0,48.0,0.7,56.0,Quotsoft/Beijing-monitoring-archive,False
2019-02-28 14:00:00+08:00,天坛,22.0,,5.0,37.0,0.8,76.0,Quotsoft/Beijing-monitoring-archive,False
2019-02-28 14:00:00+08:00,永定门内,57.0,88.0,8.0,39.0,0.6,72.0,Quotsoft/Beijing-monitoring-archive,False
2019-02-28 15:00:00+08:00,前门,70.0,92.0,7.0,52.0,0.8,63.0,Quotsoft/Beijing-monitoring-archive,False
2019-02-28 15:00:00+08:00,天坛,64.0,73.0,7.0,43.0,1.0,84.0,Quotsoft/Beijing-monitoring-archive,False
2019-02-28 15:00:00+08:00,永定门内,81.0,111.0,12.0,45.0,0.8,79.0,Quotsoft/Beijing-monitoring-archive,False
2019-02-28 16:00:00+08:00,前门,94.0,98.0,10.0,61.0,0.9,,Quotsoft/Beijing-monitoring-archive,False
2019-02-28 16:00:00+08:00,天坛,79.0,98.0,9.0,45.0,1.0,96.0,Quotsoft/Beijing-monitoring-archive,False
2019-02-28 16:00:00+08:00,永定门内,103.0,118.0,12.0,47.0,0.9,92.0,Quotsoft/Beijing-monitoring-archive,False
2019-02-28 17:00:00+08:00,前门,88.0,101.0,9.0,,0.8,,Quotsoft/Beijing-monitoring-archive,False
2019-02-28 17:00:00+08:00,天坛,77.0,99.0,9.0,41.0,1.0,101.0,Quotsoft/Beijing-monitoring-archive,False
2019-02-28 17:00:00+08:00,永定门内,102.0,126.0,13.0,45.0,0.8,97.0,Quotsoft/Beijing-monitoring-archive,False
2019-02-28 18:00:00+08:00,前门,125.0,131.0,12.0,,1.2,60.0,Quotsoft/Beijing-monitoring-archive,False
2019-02-28 18:00:00+08:00,天坛,101.0,116.0,10.0,48.0,1.2,98.0,Quotsoft/Beijing-monitoring-archive,False
2019-02-28 18:00:00+08:00,永定门内,125.0,144.0,17.0,54.0,1.1,102.0,Quotsoft/Beijing-monitoring-archive,False
2019-02-28 19:00:00+08:00,前门,191.0,200.0,16.0,,1.8,,Quotsoft/Beijing-monitoring-archive,False
2019-02-28 19:00:00+08:00,天坛,154.0,155.0,11.0,50.0,1.7,115.0,Quotsoft/Beijing-monitoring-archive,False
2019-02-28 19:00:00+08:00,永定门内,199.0,202.0,21.0,66.0,1.8,108.0,Quotsoft/Beijing-monitoring-archive,False
2019-02-28 20:00:00+08:00,前门,236.0,,17.0,89.0,2.2,71.0,Quotsoft/Beijing-monitoring-archive,False
2019-02-28 20:00:00+08:00,天坛,196.0,,7.0,56.0,2.1,103.0,Quotsoft/Beijing-monitoring-archive,False
2019-02-28 20:00:00+08:00,永定门内,236.0,,21.0,85.0,2.2,85.0,Quotsoft/Beijing-monitoring-archive,False
2019-02-28 21:00:00+08:00,前门,234.0,,15.0,86.0,2.2,67.0,Quotsoft/Beijing-monitoring-archive,False
2019-02-28 21:00:00+08:00,天坛,204.0,,5.0,60.0,2.2,81.0,Quotsoft/Beijing-monitoring-archive,False
2019-02-28 21:00:00+08:00,永定门内,238.0,,,73.0,1.7,61.0,Quotsoft/Beijing-monitoring-archive,False
2019-02-28 22:00:00+08:00,前门,228.0,,12.0,79.0,2.0,62.0,Quotsoft/Beijing-monitoring-archive,False
2019-02-28 22:00:00+08:00,天坛,206.0,,4.0,82.0,2.1,58.0,Quotsoft/Beijing-monitoring-archive,False
2019-02-28 22:00:00+08:00,永定门内,232.0,,,62.0,1.5,,Quotsoft/Beijing-monitoring-archive,False
2019-02-28 23:00:00+08:00,前门,214.0,,10.0,88.0,1.9,46.0,Quotsoft/Beijing-monitoring-archive,False
2019-02-28 23:00:00+08:00,天坛,199.0,,3.0,62.0,1.8,68.0,Quotsoft/Beijing-monitoring-archive,False
2019-02-28 23:00:00+08:00,永定门内,227.0,,13.0,65.0,1.6,,Quotsoft/Beijing-monitoring-archive,False
2019-03-01 00:00:00+08:00,前门,221.0,,10.0,106.0,2.0,21.0,Quotsoft/Beijing-monitoring-archive,False
2019-03-01 00:00:00+08:00,天坛,190.0,,3.0,60.0,1.8,50.0,Quotsoft/Beijing-monitoring-archive,False
2019-03-01 00:00:00+08:00,永定门内,224.0,,9.0,95.0,1.9,,Quotsoft/Beijing-monitoring-archive,False
2019-03-01 01:00:00+08:00,前门,216.0,,8.0,119.0,2.1,11.0,Quotsoft/Beijing-monitoring-archive,False
2019-03-01 01:00:00+08:00,天坛,196.0,,3.0,87.0,1.9,13.0,Quotsoft/Beijing-monitoring-archive,False
2019-03-01 01:00:00+08:00,永定门内,219.0,,6.0,99.0,2.1,1.0,Quotsoft/Beijing-monitoring-archive,False
2019-03-01 02:00:00+08:00,前门,161.0,,8.0,112.0,1.8,6.0,Quotsoft/Beijing-monitoring-archive,False
2019-03-01 02:00:00+08:00,天坛,184.0,198.0,3.0,110.0,1.9,5.0,Quotsoft/Beijing-monitoring-archive,False
2019-03-01 02:00:00+08:00,永定门内,193.0,,7.0,100.0,1.8,1.0,Quotsoft/Beijing-monitoring-archive,False
2019-03-01 03:00:00+08:00,前门,123.0,,9.0,109.0,1.7,2.0,Quotsoft/Beijing-monitoring-archive,False
2019-03-01 03:00:00+08:00,天坛,128.0,147.0,5.0,109.0,1.7,4.0,Quotsoft/Beijing-monitoring-archive,False
2019-03-01 03:00:00+08:00,永定门内,129.0,134.0,8.0,102.0,1.5,1.0,Quotsoft/Beijing-monitoring-archive,False
2019-03-01 04:00:00+08:00,前门,104.0,,8.0,100.0,1.5,2.0,Quotsoft/Beijing-monitoring-archive,False
2019-03-01 04:00:00+08:00,天坛,107.0,134.0,4.0,100.0,1.7,4.0,Quotsoft/Beijing-monitoring-archive,False
2019-03-01 04:00:00+08:00,永定门内,105.0,120.0,10.0,97.0,1.3,1.0,Quotsoft/Beijing-monitoring-archive,False
2019-03-01 05:00:00+08:00,前门,70.0,,6.0,74.0,1.1,12.0,Quotsoft/Beijing-monitoring-archive,False
2019-03-01 05:00:00+08:00,天坛,92.0,111.0,2.0,91.0,1.4,3.0,Quotsoft/Beijing-monitoring-archive,False
2019-03-01 05:00:00+08:00,永定门内,68.0,80.0,8.0,80.0,0.9,10.0,Quotsoft/Beijing-monitoring-archive,False
2019-03-01 06:00:00+08:00,前门,65.0,,5.0,60.0,1.0,20.0,Quotsoft/Beijing-monitoring-archive,False
2019-03-01 06:00:00+08:00,天坛,64.0,73.0,1.0,79.0,1.1,4.0,Quotsoft/Beijing-monitoring-archive,False
2019-03-01 06:00:00+08:00,永定门内,56.0,75.0,7.0,65.0,0.7,12.0,Quotsoft/Beijing-monitoring-archive,False
2019-03-01 07:00:00+08:00,前门,59.0,59.0,5.0,64.0,0.9,15.0,Quotsoft/Beijing-monitoring-archive,False
2019-03-01 07:00:00+08:00,天坛,56.0,84.0,2.0,69.0,1.0,11.0,Quotsoft/Beijing-monitoring-archive,False
2019-03-01 07:00:00+08:00,永定门内,61.0,88.0,6.0,64.0,1.0,2.0,Quotsoft/Beijing-monitoring-archive,False
2019-03-01 08:00:00+08:00,前门,78.0,,5.0,73.0,1.1,9.0,Quotsoft/Beijing-monitoring-archive,False
2019-03-01 08:00:00+08:00,天坛,65.0,101.0,3.0,69.0,1.1,11.0,Quotsoft/Beijing-monitoring-archive,False
2019-03-01 08:00:00+08:00,永定门内,74.0,107.0,7.0,72.0,1.1,6.0,Quotsoft/Beijing-monitoring-archive,False
2019-03-01 09:00:00+08:00,前门,57.0,66.0,7.0,65.0,1.0,15.0,Quotsoft/Beijing-monitoring-archive,False
2019-03-01 09:00:00+08:00,天坛,61.0,93.0,6.0,70.0,1.1,22.0,Quotsoft/Beijing-monitoring-archive,False
2019-03-01 09:00:00+08:00,永定门内,62.0,92.0,9.0,67.0,0.9,17.0,Quotsoft/Beijing-monitoring-archive,False
2019-03-01 10:00:00+08:00,前门,55.0,57.0,7.0,49.0,1.0,34.0,Quotsoft/Beijing-monitoring-archive,False
2019-03-01 10:00:00+08:00,天坛,56.0,87.0,7.0,54.0,1.0,43.0,Quotsoft/Beijing-monitoring-archive,False
2019-03-01 10:00:00+08:00,永定门内,61.0,85.0,9.0,53.0,0.8,36.0,Quotsoft/Beijing-monitoring-archive,False
2019-03-01 11:00:00+08:00,前门,54.0,66.0,6.0,41.0,0.9,44.0,Quotsoft/Beijing-monitoring-archive,False
2019-03-01 11:00:00+08:00,天坛,46.0,83.0,6.0,49.0,0.9,53.0,Quotsoft/Beijing-monitoring-archive,False
2019-03-01 11:00:00+08:00,永定门内,56.0,84.0,8.0,41.0,0.7,55.0,Quotsoft/Beijing-monitoring-archive,False
2019-03-01 12:00:00+08:00,前门,58.0,72.0,6.0,40.0,0.8,53.0,Quotsoft/Beijing-monitoring-archive,False
2019-03-01 12:00:00+08:00,天坛,53.0,85.0,6.0,49.0,1.0,63.0,Quotsoft/Beijing-monitoring-archive,False
2019-03-01 12:00:00+08:00,永定门内,62.0,85.0,8.0,39.0,0.7,66.0,Quotsoft/Beijing-monitoring-archive,False
2019-03-01 13:00:00+08:00,前门,94.0,98.0,8.0,44.0,1.0,65.0,Quotsoft/Beijing-monitoring-archive,False
2019-03-01 13:00:00+08:00,天坛,84.0,109.0,8.0,45.0,1.1,89.0,Quotsoft/Beijing-monitoring-archive,False
2019-03-01 13:00:00+08:00,永定门内,87.0,100.0,10.0,,0.9,74.0,Quotsoft/Beijing-monitoring-archive,False
2019-03-01 14:00:00+08:00,前门,121.0,,8.0,54.0,1.0,73.0,Quotsoft/Beijing-monitoring-archive,False
2019-03-01 14:00:00+08:00,天坛,99.0,109.0,9.0,46.0,1.1,97.0,Quotsoft/Beijing-monitoring-archive,False
2019-03-01 14:00:00+08:00,永定门内,112.0,113.0,11.0,,1.0,97.0,Quotsoft/Beijing-monitoring-archive,False
2019-03-01 15:00:00+08:00,前门,106.0,,9.0,57.0,1.1,77.0,Quotsoft/Beijing-monitoring-archive,False
2019-03-01 15:00:00+08:00,天坛,106.0,118.0,9.0,48.0,1.2,105.0,Quotsoft/Beijing-monitoring-archive,False
2019-03-01 15:00:00+08:00,永定门内,115.0,117.0,11.0,49.0,1.0,100.0,Quotsoft/Beijing-monitoring-archive,False
2019-03-01 16:00:00+08:00,前门,113.0,,9.0,59.0,1.1,80.0,Quotsoft/Beijing-monitoring-archive,False
2019-03-01 16:00:00+08:00,天坛,117.0,128.0,9.0,52.0,1.3,105.0,Quotsoft/Beijing-monitoring-archive,False
2019-03-01 16:00:00+08:00,永定门内,133.0,140.0,12.0,,1.2,94.0,Quotsoft/Beijing-monitoring-archive,False
2019-03-01 17:00:00+08:00,前门,123.0,127.0,10.0,,1.1,72.0,Quotsoft/Beijing-monitoring-archive,False
2019-03-01 17:00:00+08:00,天坛,119.0,131.0,10.0,53.0,1.3,107.0,Quotsoft/Beijing-monitoring-archive,False
2019-03-01 17:00:00+08:00,永定门内,143.0,149.0,14.0,,1.2,91.0,Quotsoft/Beijing-monitoring-archive,False
2019-03-01 18:00:00+08:00,前门,163.0,164.0,12.0,,1.2,47.0,Quotsoft/Beijing-monitoring-archive,False
2019-03-01 18:00:00+08:00,天坛,146.0,153.0,10.0,62.0,1.4,96.0,Quotsoft/Beijing-monitoring-archive,False
2019-03-01 18:00:00+08:00,永定门内,178.0,187.0,15.0,77.0,1.5,,Quotsoft/Beijing-monitoring-archive,False
2019-03-01 19:00:00+08:00,前门,185.0,,12.0,,1.3,51.0,Quotsoft/Beijing-monitoring-archive,False
2019-03-01 19:00:00+08:00,天坛,164.0,,8.0,57.0,1.5,88.0,Quotsoft/Beijing-monitoring-archive,False
2019-03-01 19:00:00+08:00,永定门内,181.0,,14.0,59.0,1.5,,Quotsoft/Beijing-monitoring-archive,False
2019-03-01 20:00:00+08:00,前门,177.0,,11.0,88.0,1.4,50.0,Quotsoft/Beijing-monitoring-archive,False
2019-03-01 20:00:00+08:00,天坛,150.0,,5.0,55.0,1.4,80.0,Quotsoft/Beijing-monitoring-archive,False
2019-03-01 20:00:00+08:00,永定门内,177.0,,11.0,90.0,1.5,44.0,Quotsoft/Beijing-monitoring-archive,False
2019-03-01 21:00:00+08:00,前门,187.0,,9.0,96.0,1.6,37.0,Quotsoft/Beijing-monitoring-archive,False
2019-03-01 21:00:00+08:00,天坛,157.0,,3.0,64.0,1.4,58.0,Quotsoft/Beijing-monitoring-archive,False
2019-03-01 21:00:00+08:00,永定门内,189.0,189.0,10.0,132.0,1.7,8.0,Quotsoft/Beijing-monitoring-archive,False
2019-03-01 22:00:00+08:00,前门,199.0,,8.0,114.0,1.8,21.0,Quotsoft/Beijing-monitoring-archive,False
2019-03-01 22:00:00+08:00,天坛,170.0,,3.0,78.0,1.6,43.0,Quotsoft/Beijing-monitoring-archive,False
2019-03-01 22:00:00+08:00,永定门内,199.0,,8.0,134.0,2.1,3.0,Quotsoft/Beijing-monitoring-archive,False
2019-03-01 23:00:00+08:00,前门,201.0,,8.0,124.0,1.8,13.0,Quotsoft/Beijing-monitoring-archive,False
2019-03-01 23:00:00+08:00,天坛,172.0,,3.0,84.0,1.6,31.0,Quotsoft/Beijing-monitoring-archive,False
2019-03-01 23:00:00+08:00,永定门内,200.0,,6.0,131.0,1.8,3.0,Quotsoft/Beijing-monitoring-archive,False
2019-03-02 00:00:00+08:00,前门,206.0,,7.0,132.0,1.8,7.0,Quotsoft/Beijing-monitoring-archive,False
2019-03-02 00:00:00+08:00,天坛,179.0,,3.0,98.0,1.7,23.0,Quotsoft/Beijing-monitoring-archive,False
2019-03-02 00:00:00+08:00,永定门内,196.0,,6.0,129.0,1.8,1.0,Quotsoft/Beijing-monitoring-archive,False
2019-03-02 01:00:00+08:00,前门,214.0,,7.0,138.0,1.8,2.0,Quotsoft/Beijing-monitoring-archive,False
2019-03-02 01:00:00+08:00,天坛,176.0,,2.0,106.0,1.7,10.0,Quotsoft/Beijing-monitoring-archive,False
2019-03-02 01:00:00+08:00,永定门内,197.0,,4.0,115.0,1.8,2.0,Quotsoft/Beijing-monitoring-archive,False
2019-03-02 02:00:00+08:00,前门,234.0,,6.0,121.0,1.8,10.0,Quotsoft/Beijing-monitoring-archive,False
2019-03-02 02:00:00+08:00,天坛,175.0,,2.0,112.0,1.7,4.0,Quotsoft/Beijing-monitoring-archive,False
2019-03-02 02:00:00+08:00,永定门内,204.0,206.0,6.0,100.0,1.7,2.0,Quotsoft/Beijing-monitoring-archive,False
2019-03-02 03:00:00+08:00,前门,257.0,,5.0,114.0,1.8,10.0,Quotsoft/Beijing-monitoring-archive,False
2019-03-02 03:00:00+08:00,天坛,195.0,,2.0,100.0,1.8,6.0,Quotsoft/Beijing-monitoring-archive,False
2019-03-02 03:00:00+08:00,永定门内,235.0,,5.0,94.0,1.7,1.0,Quotsoft/Beijing-monitoring-archive,False
2019-03-02 04:00:00+08:00,前门,247.0,,5.0,122.0,1.8,,Quotsoft/Beijing-monitoring-archive,False
2019-03-02 04:00:00+08:00,天坛,207.0,,2.0,83.0,1.9,6.0,Quotsoft/Beijing-monitoring-archive,False
2019-03-02 04:00:00+08:00,永定门内,236.0,,5.0,89.0,1.9,,Quotsoft/Beijing-monitoring-archive,False
2019-03-02 05:00:00+08:00,前门,211.0,,5.0,122.0,1.8,3.0,Quotsoft/Beijing-monitoring-archive,False
2019-03-02 05:00:00+08:00,天坛,217.0,,2.0,85.0,2.0,5.0,Quotsoft/Beijing-monitoring-archive,False
2019-03-02 05:00:00+08:00,永定门内,236.0,,5.0,90.0,1.9,1.0,Quotsoft/Beijing-monitoring-archive,False
2019-03-02 06:00:00+08:00,前门,226.0,,5.0,131.0,2.1,3.0,Quotsoft/Beijing-monitoring-archive,False
2019-03-02 06:00:00+08:00,天坛,196.0,,3.0,108.0,2.1,4.0,Quotsoft/Beijing-monitoring-archive,False
2019-03-02 06:00:00+08:00,永定门内,215.0,,6.0,115.0,1.9,2.0,Quotsoft/Beijing-monitoring-archive,False
2019-03-02 07:00:00+08:00,前门,247.0,,4.0,128.0,2.1,3.0,Quotsoft/Beijing-monitoring-archive,False
2019-03-02 07:00:00+08:00,天坛,196.0,,2.0,104.0,2.1,4.0,Quotsoft/Beijing-monitoring-archive,False
2019-03-02 07:00:00+08:00,永定门内,239.0,,8.0,118.0,2.0,1.0,Quotsoft/Beijing-monitoring-archive,False
2019-03-02 08:00:00+08:00,前门,240.0,,6.0,125.0,2.2,5.0,Quotsoft/Beijing-monitoring-archive,False
2019-03-02 08:00:00+08:00,天坛,219.0,,2.0,98.0,2.2,6.0,Quotsoft/Beijing-monitoring-archive,False
2019-03-02 08:00:00+08:00,永定门内,243.0,,7.0,112.0,2.1,2.0,Quotsoft/Beijing-monitoring-archive,False
2019-03-02 09:00:00+08:00,前门,253.0,,9.0,120.0,2.2,8.0,Quotsoft/Beijing-monitoring-archive,False
2019-03-02 09:00:00+08:00,天坛,224.0,,4.0,104.0,2.3,10.0,Quotsoft/Beijing-monitoring-archive,False
2019-03-02 09:00:00+08:00,永定门内,250.0,,9.0,103.0,2.0,6.0,Quotsoft/Beijing-monitoring-archive,False
2019-03-02 10:00:00+08:00,前门,240.0,,15.0,101.0,2.0,24.0,Quotsoft/Beijing-monitoring-archive,False
2019-03-02 10:00:00+08:00,天坛,227.0,,10.0,90.0,2.0,26.0,Quotsoft/Beijing-monitoring-archive,False
2019-03-02 10:00:00+08:00,永定门内,252.0,,14.0,91.0,1.8,19.0,Quotsoft/Beijing-monitoring-archive,False
2019-03-02 11:00:00+08:00,前门,240.0,,19.0,93.0,1.8,39.0,Quotsoft/Beijing-monitoring-archive,False
2019-03-02 11:00:00+08:00,天坛,229.0,,12.0,84.0,1.9,43.0,Quotsoft/Beijing-monitoring-archive,False
2019-03-02 11:00:00+08:00,永定门内,242.0,,19.0,72.0,1.5,44.0,Quotsoft/Beijing-monitoring-archive,False
2019-03-02 12:00:00+08:00,前门,246.0,,18.0,106.0,1.9,46.0,Quotsoft/Beijing-monitoring-archive,False
2019-03-02 12:00:00+08:00,天坛,231.0,,14.0,99.0,2.0,53.0,Quotsoft/Beijing-monitoring-archive,False
2019-03-02 12:00:00+08:00,永定门内,259.0,,20.0,99.0,1.7,44.0,Quotsoft/Beijing-monitoring-archive,False
2019-03-02 13:00:00+08:00,前门,223.0,,16.0,107.0,1.8,64.0,Quotsoft/Beijing-monitoring-archive,False
2019-03-02 13:00:00+08:00,天坛,202.0,,14.0,82.0,1.7,87.0,Quotsoft/Beijing-monitoring-archive,False
2019-03-02 13:00:00+08:00,永定门内,232.0,,20.0,69.0,,79.0,Quotsoft/Beijing-monitoring-archive,False
2019-03-02 14:00:00+08:00,前门,149.0,,11.0,65.0,1.3,102.0,Quotsoft/Beijing-monitoring-archive,False
2019-03-02 14:00:00+08:00,天坛,138.0,,12.0,37.0,1.2,131.0,Quotsoft/Beijing-monitoring-archive,False
2019-03-02 14:00:00+08:00,永定门内,158.0,,15.0,36.0,0.9,139.0,Quotsoft/Beijing-monitoring-archive,False
2019-03-02 15:00:00+08:00,前门,111.0,,9.0,50.0,1.1,113.0,Quotsoft/Beijing-monitoring-archive,False
2019-03-02 15:00:00+08:00,天坛,105.0,,9.0,25.0,1.0,145.0,Quotsoft/Beijing-monitoring-archive,False
2019-03-02 15:00:00+08:00,永定门内,116.0,,12.0,24.0,0.7,161.0,Quotsoft/Beijing-monitoring-archive,False
2019-03-02 16:00:00+08:00,前门,107.0,,9.0,45.0,1.1,121.0,Quotsoft/Beijing-monitoring-archive,False
2019-03-02 16:00:00+08:00,天坛,102.0,106.0,9.0,25.0,1.1,153.0,Quotsoft/Beijing-monitoring-archive,False
2019-03-02 16:00:00+08:00,永定门内,127.0,,13.0,26.0,0.8,167.0,Quotsoft/Beijing-monitoring-archive,False
2019-03-02 17:00:00+08:00,前门,128.0,,10.0,46.0,1.1,118.0,Quotsoft/Beijing-monitoring-archive,False
2019-03-02 17:00:00+08:00,天坛,115.0,119.0,9.0,24.0,1.1,154.0,Quotsoft/Beijing-monitoring-archive,False
2019-03-02 17:00:00+08:00,永定门内,130.0,,13.0,29.0,0.9,162.0,Quotsoft/Beijing-monitoring-archive,False
2019-03-02 18:00:00+08:00,前门,128.0,,9.0,48.0,1.1,114.0,Quotsoft/Beijing-monitoring-archive,False
2019-03-02 18:00:00+08:00,天坛,115.0,120.0,8.0,27.0,1.1,146.0,Quotsoft/Beijing-monitoring-archive,False
2019-03-02 18:00:00+08:00,永定门内,134.0,,12.0,36.0,1.0,154.0,Quotsoft/Beijing-monitoring-archive,False
2019-03-02 19:00:00+08:00,前门,136.0,,10.0,51.0,1.2,107.0,Quotsoft/Beijing-monitoring-archive,False
2019-03-02 19:00:00+08:00,天坛,127.0,,9.0,31.0,1.2,134.0,Quotsoft/Beijing-monitoring-archive,False
2019-03-02 19:00:00+08:00,永定门内,139.0,,14.0,38.0,1.0,146.0,Quotsoft/Beijing-monitoring-archive,False
2019-03-02 20:00:00+08:00,前门,141.0,,10.0,58.0,1.3,94.0,Quotsoft/Beijing-monitoring-archive,False
2019-03-02 20:00:00+08:00,天坛,121.0,,9.0,35.0,1.3,123.0,Quotsoft/Beijing-monitoring-archive,False
2019-03-02 20:00:00+08:00,永定门内,137.0,,14.0,41.0,1.1,133.0,Quotsoft/Beijing-monitoring-archive,False
2019-03-02 21:00:00+08:00,前门,151.0,,11.0,56.0,1.3,88.0,Quotsoft/Beijing-monitoring-archive,False
2019-03-02 21:00:00+08:00,天坛,129.0,,8.0,41.0,1.4,108.0,Quotsoft/Beijing-monitoring-archive,False
2019-03-02 21:00:00+08:00,永定门内,144.0,,15.0,51.0,1.2,114.0,Quotsoft/Beijing-monitoring-archive,False
2019-03-02 22:00:00+08:00,前门,152.0,,12.0,56.0,1.3,80.0,Quotsoft/Beijing-monitoring-archive,False
2019-03-02 22:00:00+08:00,天坛,135.0,,9.0,45.0,1.4,98.0,Quotsoft/Beijing-monitoring-archive,False
2019-03-02 22:00:00+08:00,永定门内,143.0,143.0,17.0,53.0,1.2,102.0,Quotsoft/Beijing-monitoring-archive,False
2019-03-02 23:00:00+08:00,前门,149.0,,11.0,57.0,1.3,72.0,Quotsoft/Beijing-monitoring-archive,False
2019-03-02 23:00:00+08:00,天坛,133.0,,7.0,51.0,1.5,82.0,Quotsoft/Beijing-monitoring-archive,False
2019-03-02 23:00:00+08:00,永定门内,151.0,,16.0,56.0,1.2,89.0,Quotsoft/Beijing-monitoring-archive,False
2019-03-03 00:00:00+08:00,前门,150.0,,11.0,58.0,1.3,64.0,Quotsoft/Beijing-monitoring-archive,False
2019-03-03 00:00:00+08:00,天坛,138.0,,4.0,50.0,1.4,71.0,Quotsoft/Beijing-monitoring-archive,False
2019-03-03 00:00:00+08:00,永定门内,150.0,,13.0,65.0,1.4,70.0,Quotsoft/Beijing-monitoring-archive,False
2019-03-03 01:00:00+08:00,前门,157.0,,10.0,57.0,1.3,58.0,Quotsoft/Beijing-monitoring-archive,False
2019-03-03 01:00:00+08:00,天坛,136.0,,4.0,54.0,1.4,66.0,Quotsoft/Beijing-monitoring-archive,False
2019-03-03 01:00:00+08:00,永定门内,161.0,,16.0,49.0,1.1,85.0,Quotsoft/Beijing-monitoring-archive,False
2019-03-03 02:00:00+08:00,前门,160.0,,9.0,57.0,1.3,52.0,Quotsoft/Beijing-monitoring-archive,False
2019-03-03 02:00:00+08:00,天坛,147.0,,4.0,50.0,1.4,67.0,Quotsoft/Beijing-monitoring-archive,False
2019-03-03 02:00:00+08:00,永定门内,168.0,,15.0,46.0,1.1,76.0,Quotsoft/Beijing-monitoring-archive,False
2019-03-03 03:00:00+08:00,前门,175.0,,8.0,64.0,1.4,41.0,Quotsoft/Beijing-monitoring-archive,False
2019-03-03 03:00:00+08:00,天坛,155.0,,2.0,53.0,1.5,52.0,Quotsoft/Beijing-monitoring-archive,False
2019-03-03 03:00:00+08:00,永定门内,172.0,,10.0,58.0,1.3,54.0,Quotsoft/Beijing-monitoring-archive,False
2019-03-03 04:00:00+08:00,前门,176.0,,7.0,84.0,1.4,17.0,Quotsoft/Beijing-monitoring-archive,False
2019-03-03 04:00:00+08:00,天坛,156.0,,1.0,51.0,1.4,39.0,Quotsoft/Beijing-monitoring-archive,False
2019-03-03 04:00:00+08:00,永定门内,172.0,,8.0,74.0,1.4,22.0,Quotsoft/Beijing-monitoring-archive,False
2019-03-03 05:00:00+08:00,前门,166.0,,7.0,82.0,1.5,18.0,Quotsoft/Beijing-monitoring-archive,False
2019-03-03 05:00:00+08:00,天坛,149.0,,1.0,49.0,1.4,25.0,Quotsoft/Beijing-monitoring-archive,False
2019-03-03 05:00:00+08:00,永定门内,173.0,,7.0,79.0,1.4,16.0,Quotsoft/Beijing-monitoring-archive,False
2019-03-03 06:00:00+08:00,前门,184.0,,7.0,114.0,2.0,3.0,Quotsoft/Beijing-monitoring-archive,False
2019-03-03 06:00:00+08:00,天坛,158.0,,1.0,68.0,1.5,15.0,Quotsoft/Beijing-monitoring-archive,False
2019-03-03 06:00:00+08:00,永定门内,184.0,,8.0,100.0,1.6,1.0,Quotsoft/Beijing-monitoring-archive,False
2019-03-03 07:00:00+08:00,前门,174.0,,8.0,121.0,1.9,3.0,Quotsoft/Beijing-monitoring-archive,False
2019-03-03 07:00:00+08:00,天坛,163.0,164.0,2.0,103.0,2.0,4.0,Quotsoft/Beijing-monitoring-archive,False
2019-03-03 07:00:00+08:00,永定门内,183.0,,10.0,119.0,1.9,1.0,Quotsoft/Beijing-monitoring-archive,False
2019-03-03 08:00:00+08:00,前门,174.0,,8.0,108.0,1.8,11.0,Quotsoft/Beijing-monitoring-archive,False
2019-03-03 08:00:00+08:00,天坛,165.0,170.0,3.0,102.0,2.0,7.0,Quotsoft/Beijing-monitoring-archive,False
2019-03-03 08:00:00+08:00,永定门内,173.0,,12.0,116.0,1.7,4.0,Quotsoft/Beijing-monitoring-archive,False
2019-03-03 09:00:00+08:00,前门,178.0,,13.0,102.0,1.8,18.0,Quotsoft/Beijing-monitoring-archive,False
2019-03-03 09:00:00+08:00,天坛,159.0,,7.0,93.0,1.9,15.0,Quotsoft/Beijing-monitoring-archive,False
2019-03-03 09:00:00+08:00,永定门内,174.0,,15.0,101.0,1.6,15.0,Quotsoft/Beijing-monitoring-archive,False
2019-03-03 10:00:00+08:00,前门,186.0,,17.0,95.0,1.8,30.0,Quotsoft/Beijing-monitoring-archive,False
2019-03-03 10:00:00+08:00,天坛,173.0,,14.0,94.0,1.9,30.0,Quotsoft/Beijing-monitoring-archive,False
2019-03-03 10:00:00+08:00,永定门内,184.0,,20.0,88.0,1.5,32.0,Quotsoft/Beijing-monitoring-archive,False
2019-03-03 11:00:00+08:00,前门,189.0,,17.0,87.0,1.6,44.0,Quotsoft/Beijing-monitoring-archive,False
2019-03-03 11:00:00+08:00,天坛,174.0,,15.0,87.0,1.7,45.0,Quotsoft/Beijing-monitoring-archive,False
2019-03-03 11:00:00+08:00,永定门内,182.0,,24.0,85.0,1.4,,Quotsoft/Beijing-monitoring-archive,False
2019-03-03 12:00:00+08:00,前门,189.0,,18.0,76.0,1.5,62.0,Quotsoft/Beijing-monitoring-archive,False
2019-03-03 12:00:00+08:00,天坛,179.0,,15.0,81.0,1.7,61.0,Quotsoft/Beijing-monitoring-archive,False
2019-03-03 12:00:00+08:00,永定门内,187.0,,22.0,82.0,1.4,61.0,Quotsoft/Beijing-monitoring-archive,False
2019-03-03 13:00:00+08:00,前门,176.0,,16.0,75.0,1.5,75.0,Quotsoft/Beijing-monitoring-archive,False
2019-03-03 13:00:00+08:00,天坛,171.0,,15.0,78.0,1.7,75.0,Quotsoft/Beijing-monitoring-archive,False
2019-03-03 13:00:00+08:00,永定门内,193.0,,21.0,80.0,1.4,76.0,Quotsoft/Beijing-monitoring-archive,False
2019-03-03 14:00:00+08:00,前门,184.0,,16.0,93.0,1.6,63.0,Quotsoft/Beijing-monitoring-archive,False
2019-03-03 14:00:00+08:00,天坛,174.0,,15.0,78.0,1.6,80.0,Quotsoft/Beijing-monitoring-archive,False
2019-03-03 14:00:00+08:00,永定门内,193.0,,20.0,81.0,1.3,81.0,Quotsoft/Beijing-monitoring-archive,False
2019-03-03 15:00:00+08:00,前门,176.0,,17.0,67.0,1.4,89.0,Quotsoft/Beijing-monitoring-archive,False
2019-03-03 15:00:00+08:00,天坛,166.0,,15.0,41.0,1.5,118.0,Quotsoft/Beijing-monitoring-archive,False
2019-03-03 15:00:00+08:00,永定门内,189.0,,22.0,49.0,1.2,116.0,Quotsoft/Beijing-monitoring-archive,False
2019-03-03 16:00:00+08:00,前门,173.0,,18.0,60.0,1.4,96.0,Quotsoft/Beijing-monitoring-archive,False
2019-03-03 16:00:00+08:00,天坛,163.0,,17.0,37.0,1.5,123.0,Quotsoft/Beijing-monitoring-archive,False
2019-03-03 16:00:00+08:00,永定门内,184.0,,23.0,41.0,1.2,130.0,Quotsoft/Beijing-monitoring-archive,False
2019-03-03 17:00:00+08:00,前门,154.0,,17.0,61.0,1.4,93.0,Quotsoft/Beijing-monitoring-archive,False
2019-03-03 17:00:00+08:00,天坛,146.0,,14.0,35.0,1.4,123.0,Quotsoft/Beijing-monitoring-archive,False
2019-03-03 17:00:00+08:00,永定门内,168.0,,20.0,38.0,1.1,132.0,Quotsoft/Beijing-monitoring-archive,False
2019-03-03 18:00:00+08:00,前门,145.0,,14.0,65.0,1.4,80.0,Quotsoft/Beijing-monitoring-archive,False
2019-03-03 18:00:00+08:00,天坛,123.0,,11.0,34.0,1.4,108.0,Quotsoft/Beijing-monitoring-archive,False
2019-03-03 18:00:00+08:00,永定门内,134.0,,17.0,38.0,1.1,115.0,Quotsoft/Beijing-monitoring-archive,False
2019-03-03 19:00:00+08:00,前门,128.0,,13.0,62.0,1.4,71.0,Quotsoft/Beijing-monitoring-archive,False
2019-03-03 19:00:00+08:00,天坛,122.0,,8.0,39.0,1.4,93.0,Quotsoft/Beijing-monitoring-archive,False
2019-03-03 19:00:00+08:00,永定门内,126.0,,15.0,51.0,1.2,91.0,Quotsoft/Beijing-monitoring-archive,False
2019-03-03 20:00:00+08:00,前门,123.0,,10.0,68.0,1.3,54.0,Quotsoft/Beijing-monitoring-archive,False
2019-03-03 20:00:00+08:00,天坛,115.0,,4.0,43.0,1.3,77.0,Quotsoft/Beijing-monitoring-archive,False
2019-03-03 20:00:00+08:00,永定门内,122.0,,12.0,75.0,1.2,58.0,Quotsoft/Beijing-monitoring-archive,False
2019-03-03 21:00:00+08:00,前门,131.0,,9.0,74.0,1.4,42.0,Quotsoft/Beijing-monitoring-archive,False
2019-03-03 21:00:00+08:00,天坛,112.0,,2.0,46.0,1.3,61.0,Quotsoft/Beijing-monitoring-archive,False
2019-03-03 21:00:00+08:00,永定门内,120.0,,9.0,95.0,1.1,29.0,Quotsoft/Beijing-monitoring-archive,False
2019-03-03 22:00:00+08:00,前门,122.0,,8.0,82.0,1.4,31.0,Quotsoft/Beijing-monitoring-archive,False
2019-03-03 22:00:00+08:00,天坛,111.0,,2.0,50.0,1.3,40.0,Quotsoft/Beijing-monitoring-archive,False
2019-03-03 22:00:00+08:00,永定门内,124.0,129.0,8.0,107.0,1.2,4.0,Quotsoft/Beijing-monitoring-archive,False
2019-03-03 23:00:00+08:00,前门,127.0,,7.0,94.0,1.4,16.0,Quotsoft/Beijing-monitoring-archive,False
2019-03-03 23:00:00+08:00,天坛,111.0,,1.0,61.0,1.4,19.0,Quotsoft/Beijing-monitoring-archive,False
2019-03-03 23:00:00+08:00,永定门内,123.0,,9.0,95.0,1.0,16.0,Quotsoft/Beijing-monitoring-archive,False
2019-03-04 00:00:00+08:00,前门,131.0,,7.0,92.0,1.4,14.0,Quotsoft/Beijing-monitoring-archive,False
2019-03-04 00:00:00+08:00,天坛,110.0,,1.0,74.0,1.4,12.0,Quotsoft/Beijing-monitoring-archive,False
2019-03-04 00:00:00+08:00,永定门内,120.0,,7.0,88.0,1.2,11.0,Quotsoft/Beijing-monitoring-archive,False
2019-03-04 01:00:00+08:00,前门,129.0,,6.0,96.0,1.4,9.0,Quotsoft/Beijing-monitoring-archive,False
2019-03-04 01:00:00+08:00,天坛,113.0,,1.0,63.0,1.3,15.0,Quotsoft/Beijing-monitoring-archive,False
2019-03-04 01:00:00+08:00,永定门内,122.0,,7.0,95.0,1.4,2.0,Quotsoft/Beijing-monitoring-archive,False
2019-03-04 02:00:00+08:00,前门,187.0,,6.0,112.0,1.9,6.0,Quotsoft/Beijing-monitoring-archive,False
2019-03-04 02:00:00+08:00,天坛,125.0,,2.0,88.0,1.7,6.0,Quotsoft/Beijing-monitoring-archive,False
2019-03-04 02:00:00+08:00,永定门内,149.0,,7.0,89.0,1.5,3.0,Quotsoft/Beijing-monitoring-archive,False
2019-03-04 03:00:00+08:00,前门,185.0,,6.0,111.0,1.9,6.0,Quotsoft/Beijing-monitoring-archive,False
2019-03-04 03:00:00+08:00,天坛,163.0,176.0,2.0,105.0,2.1,6.0,Quotsoft/Beijing-monitoring-archive,False
2019-03-04 03:00:00+08:00,永定门内,191.0,,9.0,105.0,1.8,4.0,Quotsoft/Beijing-monitoring-archive,False
2019-03-04 04:00:00+08:00,前门,179.0,,6.0,89.0,1.7,,Quotsoft/Beijing-monitoring-archive,False
2019-03-04 04:00:00+08:00,天坛,163.0,164.0,3.0,86.0,1.9,11.0,Quotsoft/Beijing-monitoring-archive,False
2019-03-04 04:00:00+08:00,永定门内,180.0,,9.0,82.0,1.6,25.0,Quotsoft/Beijing-monitoring-archive,False
2019-03-04 05:00:00+08:00,前门,182.0,,5.0,92.0,1.7,14.0,Quotsoft/Beijing-monitoring-archive,False
2019-03-04 05:00:00+08:00,天坛,156.0,,2.0,64.0,1.8,17.0,Quotsoft/Beijing-monitoring-archive,False
2019-03-04 05:00:00+08:00,永定门内,180.0,,8.0,74.0,1.5,23.0,Quotsoft/Beijing-monitoring-archive,False
2019-03-04 06:00:00+08:00,前门,179.0,,5.0,110.0,1.9,5.0,Quotsoft/Beijing-monitoring-archive,False
2019-03-04 06:00:00+08:00,天坛,164.0,,2.0,64.0,1.7,15.0,Quotsoft/Beijing-monitoring-archive,False
2019-03-04 06:00:00+08:00,永定门内,176.0,,8.0,86.0,1.6,13.0,Quotsoft/Beijing-monitoring-archive,False
2019-03-04 07:00:00+08:00,前门,180.0,,5.0,93.0,1.8,22.0,Quotsoft/Beijing-monitoring-archive,False
2019-03-04 07:00:00+08:00,天坛,156.0,,2.0,76.0,1.8,9.0,Quotsoft/Beijing-monitoring-archive,False
2019-03-04 07:00:00+08:00,永定门内,177.0,,9.0,93.0,1.6,18.0,Quotsoft/Beijing-monitoring-archive,False
2019-03-04 08:00:00+08:00,前门,182.0,,6.0,93.0,1.8,22.0,Quotsoft/Beijing-monitoring-archive,False
2019-03-04 08:00:00+08:00,天坛,162.0,,2.0,78.0,1.9,14.0,Quotsoft/Beijing-monitoring-archive,False
2019-03-04 08:00:00+08:00,永定门内,182.0,,9.0,91.0,1.6,18.0,Quotsoft/Beijing-monitoring-archive,False
2019-03-04 09:00:00+08:00,前门,175.0,,12.0,85.0,1.7,32.0,Quotsoft/Beijing-monitoring-archive,False
2019-03-04 09:00:00+08:00,天坛,160.0,,7.0,71.0,1.7,34.0,Quotsoft/Beijing-monitoring-archive,False
2019-03-04 09:00:00+08:00,永定门内,175.0,,14.0,71.0,1.4,42.0,Quotsoft/Beijing-monitoring-archive,False
2019-03-04 10:00:00+08:00,前门,126.0,,14.0,72.0,1.5,36.0,Quotsoft/Beijing-monitoring-archive,False
2019-03-04 10:00:00+08:00,天坛,116.0,,13.0,69.0,1.5,41.0,Quotsoft/Beijing-monitoring-archive,False
2019-03-04 10:00:00+08:00,永定门内,134.0,,19.0,65.0,1.3,45.0,Quotsoft/Beijing-monitoring-archive,False
2019-03-04 11:00:00+08:00,前门,87.0,,10.0,52.0,1.2,46.0,Quotsoft/Beijing-monitoring-archive,False
2019-03-04 11:00:00+08:00,天坛,83.0,,10.0,49.0,1.2,58.0,Quotsoft/Beijing-monitoring-archive,False
2019-03-04 11:00:00+08:00,永定门内,84.0,,14.0,43.0,0.9,,Quotsoft/Beijing-monitoring-archive,False
2019-03-04 12:00:00+08:00,前门,61.0,,6.0,35.0,0.9,61.0,Quotsoft/Beijing-monitoring-archive,False
2019-03-04 12:00:00+08:00,天坛,52.0,,5.0,33.0,0.9,73.0,Quotsoft/Beijing-monitoring-archive,False
2019-03-04 12:00:00+08:00,永定门内,65.0,,10.0,30.0,0.6,84.0,Quotsoft/Beijing-monitoring-archive,False
2019-03-04 13:00:00+08:00,前门,35.0,,3.0,22.0,0.6,70.0,Quotsoft/Beijing-monitoring-archive,False
2019-03-04 13:00:00+08:00,天坛,32.0,,3.0,22.0,0.6,84.0,Quotsoft/Beijing-monitoring-archive,False
2019-03-04 13:00:00+08:00,永定门内,36.0,,6.0,19.0,0.4,97.0,Quotsoft/Beijing-monitoring-archive,False
2019-03-04 14:00:00+08:00,前门,37.0,,3.0,21.0,0.6,71.0,Quotsoft/Beijing-monitoring-archive,False
2019-03-04 14:00:00+08:00,天坛,24.0,,2.0,20.0,0.6,88.0,Quotsoft/Beijing-monitoring-archive,False
2019-03-04 14:00:00+08:00,永定门内,31.0,,4.0,20.0,0.3,97.0,Quotsoft/Beijing-monitoring-archive,False
2019-03-04 15:00:00+08:00,前门,20.0,,3.0,18.0,0.5,75.0,Quotsoft/Beijing-monitoring-archive,False
2019-03-04 15:00:00+08:00,天坛,20.0,,3.0,20.0,0.6,89.0,Quotsoft/Beijing-monitoring-archive,False
2019-03-04 15:00:00+08:00,永定门内,29.0,,6.0,20.0,0.4,100.0,Quotsoft/Beijing-monitoring-archive,False
2019-03-04 16:00:00+08:00,前门,30.0,,3.0,16.0,0.4,78.0,Quotsoft/Beijing-monitoring-archive,False
2019-03-04 16:00:00+08:00,天坛,18.0,,3.0,19.0,0.6,92.0,Quotsoft/Beijing-monitoring-archive,False
2019-03-04 16:00:00+08:00,永定门内,33.0,,6.0,24.0,0.4,98.0,Quotsoft/Beijing-monitoring-archive,False
2019-03-04 17:00:00+08:00,前门,28.0,,3.0,18.0,0.4,72.0,Quotsoft/Beijing-monitoring-archive,False
2019-03-04 17:00:00+08:00,天坛,21.0,,2.0,22.0,0.6,88.0,Quotsoft/Beijing-monitoring-archive,False
2019-03-04 17:00:00+08:00,永定门内,28.0,,7.0,29.0,0.4,91.0,Quotsoft/Beijing-monitoring-archive,False
2019-03-04 18:00:00+08:00,前门,26.0,,3.0,27.0,0.5,61.0,Quotsoft/Beijing-monitoring-archive,False
2019-03-04 18:00:00+08:00,天坛,24.0,,1.0,26.0,0.6,79.0,Quotsoft/Beijing-monitoring-archive,False
2019-03-04 18:00:00+08:00,永定门内,36.0,,6.0,44.0,0.5,75.0,Quotsoft/Beijing-monitoring-archive,False
2019-03-04 19:00:00+08:00,前门,39.0,49.0,3.0,49.0,0.6,39.0,Quotsoft/Beijing-monitoring-archive,False
2019-03-04 19:00:00+08:00,天坛,24.0,29.0,2.0,34.0,0.7,64.0,Quotsoft/Beijing-monitoring-archive,False
2019-03-04 19:00:00+08:00,永定门内,37.0,60.0,7.0,86.0,0.7,29.0,Quotsoft/Beijing-monitoring-archive,False
2019-03-04 20:00:00+08:00,前门,67.0,107.0,5.0,58.0,0.8,37.0,Quotsoft/Beijing-monitoring-archive,False
2019-03-04 20:00:00+08:00,天坛,54.0,66.0,3.0,58.0,0.9,52.0,Quotsoft/Beijing-monitoring-archive,False
2019-03-04 20:00:00+08:00,永定门内,61.0,101.0,9.0,90.0,0.8,31.0,Quotsoft/Beijing-monitoring-archive,False
2019-03-04 21:00:00+08:00,前门,101.0,132.0,7.0,68.0,1.0,36.0,Quotsoft/Beijing-monitoring-archive,False
2019-03-04 21:00:00+08:00,天坛,84.0,98.0,4.0,59.0,1.0,48.0,Quotsoft/Beijing-monitoring-archive,False
2019-03-04 21:00:00+08:00,永定门内,90.0,123.0,9.0,96.0,0.9,35.0,Quotsoft/Beijing-monitoring-archive,False
2019-03-04 22:00:00+08:00,前门,129.0,137.0,8.0,70.0,1.1,35.0,Quotsoft/Beijing-monitoring-archive,False
2019-03-04 22:00:00+08:00,天坛,109.0,116.0,4.0,60.0,1.2,55.0,Quotsoft/Beijing-monitoring-archive,False
2019-03-04 22:00:00+08:00,永定门内,131.0,160.0,13.0,93.0,1.1,46.0,Quotsoft/Beijing-monitoring-archive,False
2019-03-04 23:00:00+08:00,前门,159.0,163.0,9.0,82.0,1.3,27.0,Quotsoft/Beijing-monitoring-archive,False
2019-03-04 23:00:00+08:00,天坛,135.0,135.0,4.0,76.0,1.4,39.0,Quotsoft/Beijing-monitoring-archive,False
2019-03-04 23:00:00+08:00,永定门内,144.0,166.0,11.0,114.0,1.2,7.0,Quotsoft/Beijing-monitoring-archive,False
2019-03-05 00:00:00+08:00,前门,180.0,,9.0,83.0,1.4,26.0,Quotsoft/Beijing-monitoring-archive,False
2019-03-05 00:00:00+08:00,天坛,149.0,153.0,3.0,82.0,1.5,26.0,Quotsoft/Beijing-monitoring-archive,False
2019-03-05 00:00:00+08:00,永定门内,163.0,173.0,12.0,107.0,1.3,12.0,Quotsoft/Beijing-monitoring-archive,False
2019-03-05 01:00:00+08:00,前门,201.0,,9.0,107.0,1.5,6.0,Quotsoft/Beijing-monitoring-archive,False
2019-03-05 01:00:00+08:00,天坛,175.0,,3.0,113.0,1.7,10.0,Quotsoft/Beijing-monitoring-archive,False
2019-03-05 01:00:00+08:00,永定门内,182.0,198.0,11.0,117.0,1.5,2.0,Quotsoft/Beijing-monitoring-archive,False
2019-03-05 02:00:00+08:00,前门,240.0,,7.0,101.0,1.9,2.0,Quotsoft/Beijing-monitoring-archive,False
2019-03-05 02:00:00+08:00,天坛,209.0,215.0,4.0,117.0,2.0,4.0,Quotsoft/Beijing-monitoring-archive,False
2019-03-05 02:00:00+08:00,永定门内,238.0,247.0,10.0,114.0,2.0,1.0,Quotsoft/Beijing-monitoring-archive,False
2019-03-05 03:00:00+08:00,前门,245.0,,6.0,95.0,2.1,2.0,Quotsoft/Beijing-monitoring-archive,False
2019-03-05 03:00:00+08:00,天坛,222.0,,2.0,107.0,2.2,4.0,Quotsoft/Beijing-monitoring-archive,False
2019-03-05 03:00:00+08:00,永定门内,237.0,,8.0,106.0,2.0,2.0,Quotsoft/Beijing-monitoring-archive,False
2019-03-05 04:00:00+08:00,前门,230.0,,5.0,92.0,2.2,2.0,Quotsoft/Beijing-monitoring-archive,False
2019-03-05 04:00:00+08:00,天坛,207.0,,2.0,98.0,2.3,4.0,Quotsoft/Beijing-monitoring-archive,False
2019-03-05 04:00:00+08:00,永定门内,222.0,,7.0,102.0,1.9,1.0,Quotsoft/Beijing-monitoring-archive,False
2019-03-05 05:00:00+08:00,前门,242.0,,5.0,84.0,2.1,2.0,Quotsoft/Beijing-monitoring-archive,False
2019-03-05 05:00:00+08:00,天坛,202.0,,2.0,92.0,2.2,4.0,Quotsoft/Beijing-monitoring-archive,False
2019-03-05 05:00:00+08:00,永定门内,220.0,,7.0,93.0,1.9,2.0,Quotsoft/Beijing-monitoring-archive,False
2019-03-05 06:00:00+08:00,前门,224.0,,5.0,81.0,2.1,2.0,Quotsoft/Beijing-monitoring-archive,False
2019-03-05 06:00:00+08:00,天坛,204.0,,3.0,92.0,2.2,4.0,Quotsoft/Beijing-monitoring-archive,False
2019-03-05 06:00:00+08:00,永定门内,225.0,,6.0,89.0,1.9,2.0,Quotsoft/Beijing-monitoring-archive,False
2019-03-05 07:00:00+08:00,前门,220.0,,4.0,76.0,2.1,2.0,Quotsoft/Beijing-monitoring-archive,False
2019-03-05 07:00:00+08:00,天坛,201.0,,2.0,78.0,2.1,4.0,Quotsoft/Beijing-monitoring-archive,False
2019-03-05 07:00:00+08:00,永定门内,211.0,,7.0,80.0,2.1,2.0,Quotsoft/Beijing-monitoring-archive,False
2019-03-05 08:00:00+08:00,前门,215.0,,5.0,78.0,2.2,4.0,Quotsoft/Beijing-monitoring-archive,False
2019-03-05 08:00:00+08:00,天坛,192.0,,2.0,67.0,2.1,6.0,Quotsoft/Beijing-monitoring-archive,False
2019-03-05 08:00:00+08:00,永定门内,214.0,,7.0,80.0,2.2,2.0,Quotsoft/Beijing-monitoring-archive,False
2019-03-05 09:00:00+08:00,前门,224.0,,11.0,81.0,2.3,10.0,Quotsoft/Beijing-monitoring-archive,False
2019-03-05 09:00:00+08:00,天坛,204.0,,5.0,88.0,2.4,12.0,Quotsoft/Beijing-monitoring-archive,False
2019-03-05 09:00:00+08:00,永定门内,227.0,,10.0,86.0,2.1,12.0,Quotsoft/Beijing-monitoring-archive,False
2019-03-05 10:00:00+08:00,前门,100.0,,13.0,57.0,1.4,25.0,Quotsoft/Beijing-monitoring-archive,False
2019-03-05 10:00:00+08:00,天坛,116.0,,11.0,67.0,1.4,33.0,Quotsoft/Beijing-monitoring-archive,False
2019-03-05 10:00:00+08:00,永定门内,122.0,,17.0,65.0,1.2,35.0,Quotsoft/Beijing-monitoring-archive,False
2019-03-05 11:00:00+08:00,前门,24.0,,5.0,23.0,0.8,49.0,Quotsoft/Beijing-monitoring-archive,False
2019-03-05 11:00:00+08:00,天坛,24.0,,5.0,34.0,0.8,56.0,Quotsoft/Beijing-monitoring-archive,False
2019-03-05 11:00:00+08:00,永定门内,38.0,,10.0,27.0,0.4,66.0,Quotsoft/Beijing-monitoring-archive,False
2019-03-05 12:00:00+08:00,前门,29.0,,4.0,17.0,0.6,59.0,Quotsoft/Beijing-monitoring-archive,False
2019-03-05 12:00:00+08:00,天坛,9.0,,3.0,23.0,0.6,71.0,Quotsoft/Beijing-monitoring-archive,False
2019-03-05 12:00:00+08:00,永定门内,18.0,,7.0,16.0,0.3,85.0,Quotsoft/Beijing-monitoring-archive,False
2019-03-05 13:00:00+08:00,前门,292.0,,3.0,10.0,0.5,69.0,Quotsoft/Beijing-monitoring-archive,False
2019-03-05 13:00:00+08:00,天坛,12.0,20.0,3.0,18.0,0.6,81.0,Quotsoft/Beijing-monitoring-archive,False
2019-03-05 13:00:00+08:00,永定门内,19.0,,6.0,10.0,0.2,101.0,Quotsoft/Beijing-monitoring-archive,False
2019-03-05 14:00:00+08:00,前门,,,4.0,6.0,0.4,79.0,Quotsoft/Beijing-monitoring-archive,False
2019-03-05 14:00:00+08:00,天坛,4.0,32.0,3.0,17.0,0.6,85.0,Quotsoft/Beijing-monitoring-archive,False
2019-03-05 14:00:00+08:00,永定门内,12.0,14.0,6.0,8.0,0.2,105.0,Quotsoft/Beijing-monitoring-archive,False
2019-03-05 15:00:00+08:00,前门,,,2.0,2.0,0.2,94.0,Quotsoft/Beijing-monitoring-archive,False
2019-03-05 15:00:00+08:00,天坛,20.0,43.0,2.0,15.0,0.5,87.0,Quotsoft/Beijing-monitoring-archive,False
2019-03-05 15:00:00+08:00,永定门内,17.0,24.0,6.0,7.0,0.2,108.0,Quotsoft/Beijing-monitoring-archive,False
2019-03-05 16:00:00+08:00,前门,10.0,,2.0,2.0,0.2,85.0,Quotsoft/Beijing-monitoring-archive,False
2019-03-05 16:00:00+08:00,天坛,11.0,45.0,2.0,15.0,0.5,88.0,Quotsoft/Beijing-monitoring-archive,False
2019-03-05 16:00:00+08:00,永定门内,15.0,30.0,5.0,7.0,0.2,108.0,Quotsoft/Beijing-monitoring-archive,False
2019-03-05 17:00:00+08:00,前门,8.0,15.0,2.0,2.0,0.2,77.0,Quotsoft/Beijing-monitoring-archive,False
2019-03-05 17:00:00+08:00,天坛,6.0,37.0,1.0,15.0,0.5,86.0,Quotsoft/Beijing-monitoring-archive,False
2019-03-05 17:00:00+08:00,永定门内,19.0,25.0,5.0,8.0,0.2,106.0,Quotsoft/Beijing-monitoring-archive,False
2019-03-05 18:00:00+08:00,前门,5.0,21.0,2.0,2.0,0.2,70.0,Quotsoft/Beijing-monitoring-archive,False
2019-03-05 18:00:00+08:00,天坛,3.0,34.0,3.0,17.0,0.5,82.0,Quotsoft/Beijing-monitoring-archive,False
2019-03-05 18:00:00+08:00,永定门内,12.0,26.0,5.0,11.0,0.2,98.0,Quotsoft/Beijing-monitoring-archive,False
2019-03-05 19:00:00+08:00,前门,8.0,21.0,1.0,2.0,0.2,60.0,Quotsoft/Beijing-monitoring-archive,False
2019-03-05 19:00:00+08:00,天坛,5.0,38.0,1.0,23.0,0.5,69.0,Quotsoft/Beijing-monitoring-archive,False
2019-03-05 19:00:00+08:00,永定门内,9.0,31.0,5.0,15.0,0.2,87.0,Quotsoft/Beijing-monitoring-archive,False
2019-03-05 20:00:00+08:00,前门,3.0,31.0,,1.0,0.2,54.0,Quotsoft/Beijing-monitoring-archive,False
2019-03-05 20:00:00+08:00,天坛,8.0,47.0,2.0,19.0,0.5,69.0,Quotsoft/Beijing-monitoring-archive,False
2019-03-05 20:00:00+08:00,永定门内,8.0,41.0,,14.0,0.2,73.0,Quotsoft/Beijing-monitoring-archive,False
2019-03-05 21:00:00+08:00,前门,9.0,28.0,,2.0,0.2,52.0,Quotsoft/Beijing-monitoring-archive,False
2019-03-05 21:00:00+08:00,天坛,9.0,48.0,2.0,16.0,0.5,72.0,Quotsoft/Beijing-monitoring-archive,False
2019-03-05 21:00:00+08:00,永定门内,8.0,32.0,,11.0,0.2,69.0,Quotsoft/Beijing-monitoring-archive,False
2019-03-05 22:00:00+08:00,前门,16.0,,4.0,2.0,,53.0,Quotsoft/Beijing-monitoring-archive,False
2019-03-05 22:00:00+08:00,天坛,11.0,28.0,1.0,17.0,0.5,72.0,Quotsoft/Beijing-monitoring-archive,False
2019-03-05 22:00:00+08:00,永定门内,7.0,13.0,6.0,11.0,,70.0,Quotsoft/Beijing-monitoring-archive,False
2019-03-05 23:00:00+08:00,前门,8.0,11.0,1.0,2.0,,57.0,Quotsoft/Beijing-monitoring-archive,False
2019-03-05 23:00:00+08:00,天坛,5.0,17.0,1.0,16.0,0.5,74.0,Quotsoft/Beijing-monitoring-archive,False
2019-03-05 23:00:00+08:00,永定门内,7.0,9.0,4.0,11.0,,76.0,Quotsoft/Beijing-monitoring-archive,False
2019-03-06 00:00:00+08:00,前门,13.0,,1.0,2.0,0.2,61.0,Quotsoft/Beijing-monitoring-archive,False
2019-03-06 00:00:00+08:00,天坛,6.0,11.0,1.0,15.0,0.4,74.0,Quotsoft/Beijing-monitoring-archive,False
2019-03-06 00:00:00+08:00,永定门内,5.0,,4.0,11.0,0.2,84.0,Quotsoft/Beijing-monitoring-archive,False
2019-03-06 01:00:00+08:00,前门,2.0,7.0,1.0,2.0,0.2,55.0,Quotsoft/Beijing-monitoring-archive,False
2019-03-06 01:00:00+08:00,天坛,7.0,9.0,3.0,20.0,0.5,68.0,Quotsoft/Beijing-monitoring-archive,False
2019-03-06 01:00:00+08:00,永定门内,7.0,,3.0,15.0,0.2,79.0,Quotsoft/Beijing-monitoring-archive,False
2019-03-06 02:00:00+08:00,前门,10.0,,3.0,3.0,0.2,53.0,Quotsoft/Beijing-monitoring-archive,False
2019-03-06 02:00:00+08:00,天坛,5.0,10.0,3.0,19.0,0.5,69.0,Quotsoft/Beijing-monitoring-archive,False
2019-03-06 02:00:00+08:00,永定门内,5.0,5.0,4.0,12.0,0.2,79.0,Quotsoft/Beijing-monitoring-archive,False
2019-03-06 03:00:00+08:00,前门,1.0,7.0,3.0,4.0,0.2,53.0,Quotsoft/Beijing-monitoring-archive,False
2019-03-06 03:00:00+08:00,天坛,9.0,,3.0,18.0,0.5,70.0,Quotsoft/Beijing-monitoring-archive,False
2019-03-06 03:00:00+08:00,永定门内,5.0,,4.0,13.0,0.2,76.0,Quotsoft/Beijing-monitoring-archive,False
2019-03-06 04:00:00+08:00,前门,7.0,10.0,4.0,3.0,0.2,,Quotsoft/Beijing-monitoring-archive,False
2019-03-06 04:00:00+08:00,天坛,4.0,10.0,1.0,21.0,0.5,67.0,Quotsoft/Beijing-monitoring-archive,False
2019-03-06 04:00:00+08:00,永定门内,6.0,6.0,3.0,17.0,0.2,76.0,Quotsoft/Beijing-monitoring-archive,False
2019-03-06 05:00:00+08:00,前门,7.0,12.0,3.0,20.0,0.2,49.0,Quotsoft/Beijing-monitoring-archive,False
2019-03-06 05:00:00+08:00,天坛,3.0,15.0,1.0,24.0,0.5,62.0,Quotsoft/Beijing-monitoring-archive,False
2019-03-06 05:00:00+08:00,永定门内,6.0,7.0,4.0,19.0,0.2,70.0,Quotsoft/Beijing-monitoring-archive,False
2019-03-06 06:00:00+08:00,前门,9.0,19.0,3.0,18.0,0.3,55.0,Quotsoft/Beijing-monitoring-archive,False
2019-03-06 06:00:00+08:00,天坛,4.0,18.0,1.0,23.0,0.5,67.0,Quotsoft/Beijing-monitoring-archive,False
2019-03-06 06:00:00+08:00,永定门内,6.0,16.0,5.0,22.0,0.2,74.0,Quotsoft/Beijing-monitoring-archive,False
2019-03-06 07:00:00+08:00,前门,2.0,24.0,3.0,17.0,0.3,56.0,Quotsoft/Beijing-monitoring-archive,False
2019-03-06 07:00:00+08:00,天坛,6.0,34.0,2.0,23.0,0.5,67.0,Quotsoft/Beijing-monitoring-archive,False
2019-03-06 07:00:00+08:00,永定门内,9.0,20.0,3.0,18.0,0.2,78.0,Quotsoft/Beijing-monitoring-archive,False
2019-03-06 08:00:00+08:00,前门,18.0,42.0,3.0,14.0,0.3,60.0,Quotsoft/Beijing-monitoring-archive,False
2019-03-06 08:00:00+08:00,天坛,12.0,36.0,1.0,21.0,0.5,70.0,Quotsoft/Beijing-monitoring-archive,False
2019-03-06 08:00:00+08:00,永定门内,5.0,30.0,4.0,17.0,0.2,82.0,Quotsoft/Beijing-monitoring-archive,False
2019-03-06 09:00:00+08:00,前门,11.0,32.0,2.0,12.0,0.2,62.0,Quotsoft/Beijing-monitoring-archive,False
2019-03-06 09:00:00+08:00,天坛,7.0,36.0,1.0,19.0,0.5,72.0,Quotsoft/Beijing-monitoring-archive,False
2019-03-06 09:00:00+08:00,永定门内,10.0,30.0,3.0,13.0,0.2,86.0,Quotsoft/Beijing-monitoring-archive,False
2019-03-06 10:00:00+08:00,前门,5.0,33.0,2.0,9.0,0.2,66.0,Quotsoft/Beijing-monitoring-archive,False
2019-03-06 10:00:00+08:00,天坛,8.0,34.0,3.0,15.0,0.5,76.0,Quotsoft/Beijing-monitoring-archive,False
2019-03-06 10:00:00+08:00,永定门内,12.0,27.0,3.0,10.0,0.2,89.0,Quotsoft/Beijing-monitoring-archive,False
2019-03-06 11:00:00+08:00,前门,10.0,25.0,1.0,9.0,0.3,66.0,Quotsoft/Beijing-monitoring-archive,False
2019-03-06 11:00:00+08:00,天坛,6.0,22.0,3.0,16.0,0.5,77.0,Quotsoft/Beijing-monitoring-archive,False
2019-03-06 11:00:00+08:00,永定门内,6.0,19.0,2.0,10.0,0.2,91.0,Quotsoft/Beijing-monitoring-archive,False
2019-03-06 12:00:00+08:00,前门,7.0,18.0,1.0,7.0,0.2,67.0,Quotsoft/Beijing-monitoring-archive,False
2019-03-06 12:00:00+08:00,天坛,5.0,20.0,1.0,16.0,0.5,78.0,Quotsoft/Beijing-monitoring-archive,False
2019-03-06 12:00:00+08:00,永定门内,10.0,14.0,2.0,9.0,0.2,,Quotsoft/Beijing-monitoring-archive,False
2019-03-06 13:00:00+08:00,前门,12.0,19.0,1.0,7.0,0.2,68.0,Quotsoft/Beijing-monitoring-archive,False
2019-03-06 13:00:00+08:00,天坛,12.0,23.0,1.0,15.0,0.5,80.0,Quotsoft/Beijing-monitoring-archive,False
2019-03-06 13:00:00+08:00,永定门内,11.0,22.0,2.0,9.0,0.2,95.0,Quotsoft/Beijing-monitoring-archive,False
2019-03-06 14:00:00+08:00,前门,15.0,15.0,1.0,8.0,0.2,67.0,Quotsoft/Beijing-monitoring-archive,False
2019-03-06 14:00:00+08:00,天坛,9.0,20.0,1.0,15.0,0.5,80.0,Quotsoft/Beijing-monitoring-archive,False
2019-03-06 14:00:00+08:00,永定门内,6.0,13.0,2.0,11.0,0.2,95.0,Quotsoft/Beijing-monitoring-archive,False
2019-03-06 15:00:00+08:00,前门,10.0,17.0,1.0,7.0,0.2,69.0,Quotsoft/Beijing-monitoring-archive,False
2019-03-06 15:00:00+08:00,天坛,9.0,21.0,1.0,15.0,0.4,81.0,Quotsoft/Beijing-monitoring-archive,False
2019-03-06 15:00:00+08:00,永定门内,10.0,19.0,2.0,11.0,0.2,98.0,Quotsoft/Beijing-monitoring-archive,False
2019-03-06 16:00:00+08:00,前门,2.0,13.0,1.0,12.0,0.3,66.0,Quotsoft/Beijing-monitoring-archive,False
2019-03-06 16:00:00+08:00,天坛,8.0,16.0,3.0,14.0,0.4,82.0,Quotsoft/Beijing-monitoring-archive,False
2019-03-06 16:00:00+08:00,永定门内,7.0,14.0,3.0,13.0,0.2,96.0,Quotsoft/Beijing-monitoring-archive,False
2019-03-06 17:00:00+08:00,前门,2.0,11.0,1.0,12.0,0.3,65.0,Quotsoft/Beijing-monitoring-archive,False
2019-03-06 17:00:00+08:00,天坛,6.0,16.0,3.0,16.0,0.5,80.0,Quotsoft/Beijing-monitoring-archive,False
2019-03-06 17:00:00+08:00,永定门内,6.0,11.0,2.0,13.0,0.2,94.0,Quotsoft/Beijing-monitoring-archive,False
2019-03-06 18:00:00+08:00,前门,5.0,9.0,2.0,11.0,0.3,64.0,Quotsoft/Beijing-monitoring-archive,False
2019-03-06 18:00:00+08:00,天坛,3.0,13.0,3.0,20.0,0.5,74.0,Quotsoft/Beijing-monitoring-archive,False
2019-03-06 18:00:00+08:00,永定门内,6.0,11.0,1.0,17.0,0.3,88.0,Quotsoft/Beijing-monitoring-archive,False
2019-03-06 19:00:00+08:00,前门,6.0,13.0,1.0,14.0,0.3,60.0,Quotsoft/Beijing-monitoring-archive,False
2019-03-06 19:00:00+08:00,天坛,6.0,15.0,1.0,26.0,0.5,68.0,Quotsoft/Beijing-monitoring-archive,False
2019-03-06 19:00:00+08:00,永定门内,9.0,14.0,2.0,35.0,0.3,67.0,Quotsoft/Beijing-monitoring-archive,False
2019-03-06 20:00:00+08:00,前门,13.0,16.0,1.0,23.0,0.4,49.0,Quotsoft/Beijing-monitoring-archive,False
2019-03-06 20:00:00+08:00,天坛,6.0,26.0,3.0,21.0,0.5,53.0,Quotsoft/Beijing-monitoring-archive,False
2019-03-06 20:00:00+08:00,永定门内,11.0,25.0,2.0,63.0,0.4,26.0,Quotsoft/Beijing-monitoring-archive,False
2019-03-06 21:00:00+08:00,前门,16.0,20.0,2.0,36.0,0.4,34.0,Quotsoft/Beijing-monitoring-archive,False
2019-03-06 21:00:00+08:00,天坛,13.0,22.0,1.0,30.0,0.5,37.0,Quotsoft/Beijing-monitoring-archive,False
2019-03-06 21:00:00+08:00,永定门内,11.0,25.0,3.0,74.0,0.5,15.0,Quotsoft/Beijing-monitoring-archive,False
2019-03-06 22:00:00+08:00,前门,11.0,21.0,2.0,39.0,0.4,31.0,Quotsoft/Beijing-monitoring-archive,False
2019-03-06 22:00:00+08:00,天坛,11.0,22.0,1.0,38.0,0.6,27.0,Quotsoft/Beijing-monitoring-archive,False
2019-03-06 22:00:00+08:00,永定门内,14.0,26.0,1.0,68.0,0.5,20.0,Quotsoft/Beijing-monitoring-archive,False
2019-03-06 23:00:00+08:00,前门,17.0,,1.0,29.0,0.4,44.0,Quotsoft/Beijing-monitoring-archive,False
2019-03-06 23:00:00+08:00,天坛,23.0,46.0,2.0,66.0,0.7,8.0,Quotsoft/Beijing-monitoring-archive,False
2019-03-06 23:00:00+08:00,永定门内,8.0,14.0,2.0,46.0,0.3,48.0,Quotsoft/Beijing-monitoring-archive,False
2019-03-07 00:00:00+08:00,前门,13.0,14.0,1.0,21.0,0.3,51.0,Quotsoft/Beijing-monitoring-archive,False
2019-03-07 00:00:00+08:00,天坛,21.0,64.0,2.0,65.0,0.6,8.0,Quotsoft/Beijing-monitoring-archive,False
2019-03-07 00:00:00+08:00,永定门内,18.0,74.0,3.0,80.0,0.5,8.0,Quotsoft/Beijing-monitoring-archive,False
2019-03-07 01:00:00+08:00,前门,12.0,15.0,1.0,29.0,0.3,40.0,Quotsoft/Beijing-monitoring-archive,False
2019-03-07 01:00:00+08:00,天坛,37.0,103.0,3.0,77.0,0.8,3.0,Quotsoft/Beijing-monitoring-archive,False
2019-03-07 01:00:00+08:00,永定门内,28.0,79.0,3.0,84.0,0.9,2.0,Quotsoft/Beijing-monitoring-archive,False
2019-03-07 02:00:00+08:00,前门,14.0,16.0,2.0,39.0,0.3,27.0,Quotsoft/Beijing-monitoring-archive,False
2019-03-07 02:00:00+08:00,天坛,34.0,122.0,3.0,81.0,0.9,3.0,Quotsoft/Beijing-monitoring-archive,False
2019-03-07 02:00:00+08:00,永定门内,28.0,85.0,3.0,81.0,0.9,2.0,Quotsoft/Beijing-monitoring-archive,False
2019-03-07 03:00:00+08:00,前门,14.0,15.0,3.0,33.0,0.3,33.0,Quotsoft/Beijing-monitoring-archive,False
2019-03-07 03:00:00+08:00,天坛,25.0,74.0,3.0,74.0,0.9,3.0,Quotsoft/Beijing-monitoring-archive,False
2019-03-07 03:00:00+08:00,永定门内,23.0,60.0,3.0,79.0,0.7,1.0,Quotsoft/Beijing-monitoring-archive,False
2019-03-07 04:00:00+08:00,前门,13.0,16.0,4.0,44.0,0.4,21.0,Quotsoft/Beijing-monitoring-archive,False
2019-03-07 04:00:00+08:00,天坛,17.0,45.0,2.0,67.0,0.7,3.0,Quotsoft/Beijing-monitoring-archive,False
2019-03-07 04:00:00+08:00,永定门内,25.0,33.0,1.0,72.0,0.5,3.0,Quotsoft/Beijing-monitoring-archive,False
2019-03-07 05:00:00+08:00,前门,14.0,21.0,6.0,51.0,0.4,14.0,Quotsoft/Beijing-monitoring-archive,False
2019-03-07 05:00:00+08:00,天坛,10.0,38.0,2.0,61.0,0.6,4.0,Quotsoft/Beijing-monitoring-archive,False
2019-03-07 05:00:00+08:00,永定门内,21.0,58.0,3.0,76.0,0.7,2.0,Quotsoft/Beijing-monitoring-archive,False
2019-03-07 06:00:00+08:00,前门,20.0,28.0,5.0,62.0,0.5,6.0,Quotsoft/Beijing-monitoring-archive,False
2019-03-07 06:00:00+08:00,天坛,10.0,23.0,2.0,66.0,0.7,3.0,Quotsoft/Beijing-monitoring-archive,False
2019-03-07 06:00:00+08:00,永定门内,23.0,64.0,3.0,73.0,0.8,2.0,Quotsoft/Beijing-monitoring-archive,False
2019-03-07 07:00:00+08:00,前门,12.0,27.0,4.0,59.0,0.6,9.0,Quotsoft/Beijing-monitoring-archive,False
2019-03-07 07:00:00+08:00,天坛,14.0,55.0,1.0,65.0,0.7,5.0,Quotsoft/Beijing-monitoring-archive,False
2019-03-07 07:00:00+08:00,永定门内,22.0,39.0,4.0,81.0,0.8,2.0,Quotsoft/Beijing-monitoring-archive,False
2019-03-07 08:00:00+08:00,前门,17.0,32.0,3.0,53.0,0.6,16.0,Quotsoft/Beijing-monitoring-archive,False
2019-03-07 08:00:00+08:00,天坛,20.0,68.0,1.0,54.0,0.8,12.0,Quotsoft/Beijing-monitoring-archive,False
2019-03-07 08:00:00+08:00,永定门内,20.0,44.0,3.0,72.0,0.8,10.0,Quotsoft/Beijing-monitoring-archive,False
2019-03-07 09:00:00+08:00,前门,19.0,30.0,6.0,35.0,0.5,36.0,Quotsoft/Beijing-monitoring-archive,False
2019-03-07 09:00:00+08:00,天坛,14.0,22.0,5.0,40.0,0.7,44.0,Quotsoft/Beijing-monitoring-archive,False
2019-03-07 09:00:00+08:00,永定门内,12.0,30.0,7.0,41.0,0.5,45.0,Quotsoft/Beijing-monitoring-archive,False
2019-03-07 10:00:00+08:00,前门,12.0,22.0,6.0,30.0,0.5,44.0,Quotsoft/Beijing-monitoring-archive,False
2019-03-07 10:00:00+08:00,天坛,9.0,26.0,5.0,38.0,0.7,48.0,Quotsoft/Beijing-monitoring-archive,False
2019-03-07 10:00:00+08:00,永定门内,12.0,18.0,7.0,31.0,0.4,58.0,Quotsoft/Beijing-monitoring-archive,False
2019-03-07 11:00:00+08:00,前门,22.0,22.0,6.0,33.0,0.5,44.0,Quotsoft/Beijing-monitoring-archive,False
2019-03-07 11:00:00+08:00,天坛,16.0,23.0,5.0,36.0,0.7,55.0,Quotsoft/Beijing-monitoring-archive,False
2019-03-07 11:00:00+08:00,永定门内,12.0,21.0,7.0,38.0,0.5,55.0,Quotsoft/Beijing-monitoring-archive,False
2019-03-07 12:00:00+08:00,前门,19.0,23.0,6.0,33.0,0.5,47.0,Quotsoft/Beijing-monitoring-archive,False
2019-03-07 12:00:00+08:00,天坛,,2.0,4.0,32.0,0.7,,Quotsoft/Beijing-monitoring-archive,False
2019-03-07 12:00:00+08:00,永定门内,27.0,,6.0,35.0,0.5,63.0,Quotsoft/Beijing-monitoring-archive,False
2019-03-07 13:00:00+08:00,前门,14.0,20.0,4.0,36.0,0.5,49.0,Quotsoft/Beijing-monitoring-archive,False
2019-03-07 13:00:00+08:00,天坛,6.0,,,32.0,0.6,64.0,Quotsoft/Beijing-monitoring-archive,False
2019-03-07 13:00:00+08:00,永定门内,25.0,,5.0,36.0,0.4,68.0,Quotsoft/Beijing-monitoring-archive,False
2019-03-07 14:00:00+08:00,前门,14.0,20.0,3.0,32.0,0.4,56.0,Quotsoft/Beijing-monitoring-archive,False
2019-03-07 14:00:00+08:00,天坛,16.0,,1.0,29.0,,71.0,Quotsoft/Beijing-monitoring-archive,False
2019-03-07 14:00:00+08:00,永定门内,19.0,23.0,4.0,29.0,0.3,75.0,Quotsoft/Beijing-monitoring-archive,False
2019-03-07 15:00:00+08:00,前门,15.0,23.0,3.0,23.0,0.4,67.0,Quotsoft/Beijing-monitoring-archive,False
2019-03-07 15:00:00+08:00,天坛,17.0,20.0,2.0,20.0,0.5,84.0,Quotsoft/Beijing-monitoring-archive,False
2019-03-07 15:00:00+08:00,永定门内,17.0,24.0,5.0,21.0,0.3,91.0,Quotsoft/Beijing-monitoring-archive,False
2019-03-07 16:00:00+08:00,前门,27.0,,3.0,23.0,0.4,70.0,Quotsoft/Beijing-monitoring-archive,False
2019-03-07 16:00:00+08:00,天坛,10.0,26.0,2.0,19.0,0.5,87.0,Quotsoft/Beijing-monitoring-archive,False
2019-03-07 16:00:00+08:00,永定门内,17.0,20.0,4.0,20.0,0.3,97.0,Quotsoft/Beijing-monitoring-archive,False
2019-03-07 17:00:00+08:00,前门,52.0,,4.0,22.0,0.4,73.0,Quotsoft/Beijing-monitoring-archive,False
2019-03-07 17:00:00+08:00,天坛,15.0,29.0,2.0,17.0,0.5,93.0,Quotsoft/Beijing-monitoring-archive,False
2019-03-07 17:00:00+08:00,永定门内,27.0,,4.0,20.0,0.3,102.0,Quotsoft/Beijing-monitoring-archive,False
2019-03-07 18:00:00+08:00,前门,42.0,45.0,4.0,28.0,0.5,69.0,Quotsoft/Beijing-monitoring-archive,False
2019-03-07 18:00:00+08:00,天坛,29.0,46.0,2.0,22.0,0.6,90.0,Quotsoft/Beijing-monitoring-archive,False
2019-03-07 18:00:00+08:00,永定门内,34.0,53.0,6.0,23.0,0.4,103.0,Quotsoft/Beijing-monitoring-archive,False
2019-03-07 19:00:00+08:00,前门,39.0,63.0,4.0,36.0,0.5,60.0,Quotsoft/Beijing-monitoring-archive,False
2019-03-07 19:00:00+08:00,天坛,25.0,68.0,2.0,24.0,0.6,85.0,Quotsoft/Beijing-monitoring-archive,False
2019-03-07 19:00:00+08:00,永定门内,29.0,70.0,5.0,32.0,0.4,90.0,Quotsoft/Beijing-monitoring-archive,False
2019-03-07 20:00:00+08:00,前门,22.0,55.0,4.0,38.0,0.5,,Quotsoft/Beijing-monitoring-archive,False
2019-03-07 20:00:00+08:00,天坛,28.0,56.0,2.0,31.0,0.6,74.0,Quotsoft/Beijing-monitoring-archive,False
2019-03-07 20:00:00+08:00,永定门内,29.0,65.0,6.0,36.0,0.5,,Quotsoft/Beijing-monitoring-archive,False
2019-03-07 21:00:00+08:00,前门,45.0,64.0,4.0,47.0,0.6,,Quotsoft/Beijing-monitoring-archive,False
2019-03-07 21:00:00+08:00,天坛,23.0,61.0,3.0,44.0,0.7,57.0,Quotsoft/Beijing-monitoring-archive,False
2019-03-07 21:00:00+08:00,永定门内,34.0,71.0,5.0,51.0,0.6,,Quotsoft/Beijing-monitoring-archive,False
2019-03-07 22:00:00+08:00,前门,39.0,67.0,5.0,,0.5,25.0,Quotsoft/Beijing-monitoring-archive,False
2019-03-07 22:00:00+08:00,天坛,35.0,63.0,2.0,55.0,0.7,39.0,Quotsoft/Beijing-monitoring-archive,False
2019-03-07 22:00:00+08:00,永定门内,43.0,89.0,6.0,,0.6,17.0,Quotsoft/Beijing-monitoring-archive,False
2019-03-07 23:00:00+08:00,前门,55.0,78.0,6.0,,0.6,25.0,Quotsoft/Beijing-monitoring-archive,False
2019-03-07 23:00:00+08:00,天坛,35.0,71.0,3.0,70.0,0.8,24.0,Quotsoft/Beijing-monitoring-archive,False
2019-03-07 23:00:00+08:00,永定门内,52.0,100.0,8.0,,0.7,16.0,Quotsoft/Beijing-monitoring-archive,False
2019-03-08 00:00:00+08:00,前门,50.0,81.0,8.0,82.0,0.6,13.0,Quotsoft/Beijing-monitoring-archive,False
2019-03-08 00:00:00+08:00,天坛,45.0,82.0,4.0,76.0,0.8,16.0,Quotsoft/Beijing-monitoring-archive,False
2019-03-08 00:00:00+08:00,永定门内,55.0,103.0,11.0,92.0,0.6,12.0,Quotsoft/Beijing-monitoring-archive,False
2019-03-08 01:00:00+08:00,前门,56.0,90.0,10.0,88.0,0.7,7.0,Quotsoft/Beijing-monitoring-archive,False
2019-03-08 01:00:00+08:00,天坛,57.0,87.0,4.0,72.0,0.8,14.0,Quotsoft/Beijing-monitoring-archive,False
2019-03-08 01:00:00+08:00,永定门内,59.0,105.0,10.0,91.0,0.7,1.0,Quotsoft/Beijing-monitoring-archive,False
2019-03-08 02:00:00+08:00,前门,70.0,91.0,11.0,65.0,0.7,22.0,Quotsoft/Beijing-monitoring-archive,False
2019-03-08 02:00:00+08:00,天坛,56.0,90.0,3.0,80.0,0.9,4.0,Quotsoft/Beijing-monitoring-archive,False
2019-03-08 02:00:00+08:00,永定门内,61.0,101.0,9.0,87.0,0.7,2.0,Quotsoft/Beijing-monitoring-archive,False
2019-03-08 03:00:00+08:00,前门,71.0,91.0,12.0,71.0,0.7,14.0,Quotsoft/Beijing-monitoring-archive,False
2019-03-08 03:00:00+08:00,天坛,61.0,103.0,3.0,82.0,0.9,3.0,Quotsoft/Beijing-monitoring-archive,False
2019-03-08 03:00:00+08:00,永定门内,64.0,106.0,11.0,81.0,0.8,1.0,Quotsoft/Beijing-monitoring-archive,False
2019-03-08 04:00:00+08:00,前门,69.0,96.0,13.0,79.0,0.8,,Quotsoft/Beijing-monitoring-archive,False
2019-03-08 04:00:00+08:00,天坛,68.0,95.0,2.0,77.0,1.0,4.0,Quotsoft/Beijing-monitoring-archive,False
2019-03-08 04:00:00+08:00,永定门内,74.0,109.0,11.0,80.0,1.1,,Quotsoft/Beijing-monitoring-archive,False
2019-03-08 05:00:00+08:00,前门,80.0,102.0,11.0,78.0,0.9,2.0,Quotsoft/Beijing-monitoring-archive,False
2019-03-08 05:00:00+08:00,天坛,70.0,93.0,2.0,72.0,1.0,4.0,Quotsoft/Beijing-monitoring-archive,False
2019-03-08 05:00:00+08:00,永定门内,81.0,109.0,9.0,77.0,1.0,4.0,Quotsoft/Beijing-monitoring-archive,False
2019-03-08 06:00:00+08:00,前门,74.0,98.0,11.0,83.0,1.1,2.0,Quotsoft/Beijing-monitoring-archive,False
2019-03-08 06:00:00+08:00,天坛,75.0,93.0,2.0,71.0,1.1,4.0,Quotsoft/Beijing-monitoring-archive,False
2019-03-08 06:00:00+08:00,永定门内,78.0,119.0,8.0,73.0,1.2,4.0,Quotsoft/Beijing-monitoring-archive,False
2019-03-08 07:00:00+08:00,前门,41.0,68.0,11.0,81.0,1.1,2.0,Quotsoft/Beijing-monitoring-archive,False
2019-03-08 07:00:00+08:00,天坛,73.0,128.0,3.0,71.0,1.2,4.0,Quotsoft/Beijing-monitoring-archive,False
2019-03-08 07:00:00+08:00,永定门内,67.0,98.0,9.0,78.0,1.4,4.0,Quotsoft/Beijing-monitoring-archive,False
2019-03-08 08:00:00+08:00,前门,49.0,64.0,11.0,76.0,1.1,4.0,Quotsoft/Beijing-monitoring-archive,False
2019-03-08 08:00:00+08:00,天坛,60.0,123.0,3.0,70.0,1.3,5.0,Quotsoft/Beijing-monitoring-archive,False
2019-03-08 08:00:00+08:00,永定门内,44.0,82.0,14.0,78.0,1.2,5.0,Quotsoft/Beijing-monitoring-archive,False
2019-03-08 09:00:00+08:00,前门,48.0,72.0,14.0,73.0,1.1,7.0,Quotsoft/Beijing-monitoring-archive,False
2019-03-08 09:00:00+08:00,天坛,43.0,87.0,10.0,77.0,1.3,9.0,Quotsoft/Beijing-monitoring-archive,False
2019-03-08 09:00:00+08:00,永定门内,49.0,94.0,16.0,75.0,1.1,10.0,Quotsoft/Beijing-monitoring-archive,False
2019-03-08 10:00:00+08:00,前门,57.0,83.0,13.0,76.0,1.1,10.0,Quotsoft/Beijing-monitoring-archive,False
2019-03-08 10:00:00+08:00,天坛,51.0,103.0,13.0,84.0,1.4,12.0,Quotsoft/Beijing-monitoring-archive,False
2019-03-08 10:00:00+08:00,永定门内,60.0,92.0,17.0,77.0,1.1,15.0,Quotsoft/Beijing-monitoring-archive,False
2019-03-08 11:00:00+08:00,前门,69.0,87.0,14.0,77.0,1.1,16.0,Quotsoft/Beijing-monitoring-archive,False
2019-03-08 11:00:00+08:00,天坛,56.0,112.0,13.0,88.0,1.4,18.0,Quotsoft/Beijing-monitoring-archive,False
2019-03-08 11:00:00+08:00,永定门内,57.0,103.0,16.0,80.0,1.1,20.0,Quotsoft/Beijing-monitoring-archive,False
2019-03-08 12:00:00+08:00,前门,73.0,91.0,14.0,83.0,1.1,19.0,Quotsoft/Beijing-monitoring-archive,False
2019-03-08 12:00:00+08:00,天坛,88.0,132.0,17.0,82.0,1.3,32.0,Quotsoft/Beijing-monitoring-archive,False
2019-03-08 12:00:00+08:00,永定门内,88.0,128.0,20.0,80.0,1.1,33.0,Quotsoft/Beijing-monitoring-archive,False
2019-03-08 13:00:00+08:00,前门,90.0,101.0,19.0,,0.9,40.0,Quotsoft/Beijing-monitoring-archive,False
2019-03-08 13:00:00+08:00,天坛,82.0,125.0,21.0,52.0,1.0,64.0,Quotsoft/Beijing-monitoring-archive,False
2019-03-08 13:00:00+08:00,永定门内,87.0,115.0,26.0,54.0,0.8,65.0,Quotsoft/Beijing-monitoring-archive,False
2019-03-08 14:00:00+08:00,前门,68.0,76.0,16.0,48.0,0.9,67.0,Quotsoft/Beijing-monitoring-archive,False
2019-03-08 14:00:00+08:00,天坛,68.0,93.0,15.0,32.0,1.0,94.0,Quotsoft/Beijing-monitoring-archive,False
2019-03-08 14:00:00+08:00,永定门内,75.0,84.0,18.0,32.0,0.7,104.0,Quotsoft/Beijing-monitoring-archive,False
2019-03-08 15:00:00+08:00,前门,68.0,74.0,12.0,42.0,0.8,79.0,Quotsoft/Beijing-monitoring-archive,False
2019-03-08 15:00:00+08:00,天坛,63.0,88.0,11.0,28.0,0.9,105.0,Quotsoft/Beijing-monitoring-archive,False
2019-03-08 15:00:00+08:00,永定门内,74.0,81.0,15.0,29.0,0.6,116.0,Quotsoft/Beijing-monitoring-archive,False
2019-03-08 16:00:00+08:00,前门,66.0,72.0,10.0,41.0,0.7,84.0,Quotsoft/Beijing-monitoring-archive,False
2019-03-08 16:00:00+08:00,天坛,63.0,89.0,10.0,27.0,0.9,109.0,Quotsoft/Beijing-monitoring-archive,False
2019-03-08 16:00:00+08:00,永定门内,76.0,86.0,14.0,30.0,0.7,117.0,Quotsoft/Beijing-monitoring-archive,False
2019-03-08 17:00:00+08:00,前门,60.0,75.0,10.0,45.0,0.7,76.0,Quotsoft/Beijing-monitoring-archive,False
2019-03-08 17:00:00+08:00,天坛,65.0,103.0,9.0,36.0,0.9,96.0,Quotsoft/Beijing-monitoring-archive,False
2019-03-08 17:00:00+08:00,永定门内,65.0,89.0,13.0,36.0,0.7,106.0,Quotsoft/Beijing-monitoring-archive,False
2019-03-08 18:00:00+08:00,前门,53.0,83.0,8.0,41.0,0.6,75.0,Quotsoft/Beijing-monitoring-archive,False
2019-03-08 18:00:00+08:00,天坛,55.0,103.0,6.0,32.0,0.7,98.0,Quotsoft/Beijing-monitoring-archive,False
2019-03-08 18:00:00+08:00,永定门内,58.0,99.0,11.0,37.0,0.5,101.0,Quotsoft/Beijing-monitoring-archive,False
2019-03-08 19:00:00+08:00,前门,61.0,85.0,8.0,49.0,0.6,61.0,Quotsoft/Beijing-monitoring-archive,False
2019-03-08 19:00:00+08:00,天坛,57.0,94.0,5.0,34.0,0.7,86.0,Quotsoft/Beijing-monitoring-archive,False
2019-03-08 19:00:00+08:00,永定门内,56.0,102.0,10.0,53.0,0.6,75.0,Quotsoft/Beijing-monitoring-archive,False
2019-03-08 20:00:00+08:00,前门,57.0,90.0,8.0,59.0,0.7,45.0,Quotsoft/Beijing-monitoring-archive,False
2019-03-08 20:00:00+08:00,天坛,58.0,88.0,6.0,41.0,0.8,73.0,Quotsoft/Beijing-monitoring-archive,False
2019-03-08 20:00:00+08:00,永定门内,60.0,107.0,10.0,70.0,0.7,50.0,Quotsoft/Beijing-monitoring-archive,False
2019-03-08 21:00:00+08:00,前门,67.0,92.0,7.0,63.0,0.8,36.0,Quotsoft/Beijing-monitoring-archive,False
2019-03-08 21:00:00+08:00,天坛,59.0,90.0,5.0,52.0,0.9,57.0,Quotsoft/Beijing-monitoring-archive,False
2019-03-08 21:00:00+08:00,永定门内,60.0,111.0,11.0,80.0,0.8,37.0,Quotsoft/Beijing-monitoring-archive,False
2019-03-08 22:00:00+08:00,前门,61.0,95.0,8.0,72.0,0.8,26.0,Quotsoft/Beijing-monitoring-archive,False
2019-03-08 22:00:00+08:00,天坛,57.0,94.0,5.0,59.0,0.9,47.0,Quotsoft/Beijing-monitoring-archive,False
2019-03-08 22:00:00+08:00,永定门内,65.0,118.0,10.0,88.0,0.7,24.0,Quotsoft/Beijing-monitoring-archive,False
2019-03-08 23:00:00+08:00,前门,65.0,93.0,8.0,77.0,0.8,19.0,Quotsoft/Beijing-monitoring-archive,False
2019-03-08 23:00:00+08:00,天坛,63.0,98.0,5.0,61.0,0.9,37.0,Quotsoft/Beijing-monitoring-archive,False
2019-03-08 23:00:00+08:00,永定门内,62.0,110.0,10.0,90.0,0.7,21.0,Quotsoft/Beijing-monitoring-archive,False
2019-03-09 00:00:00+08:00,前门,66.0,106.0,8.0,77.0,0.7,16.0,Quotsoft/Beijing-monitoring-archive,False
2019-03-09 00:00:00+08:00,天坛,63.0,110.0,5.0,77.0,0.9,25.0,Quotsoft/Beijing-monitoring-archive,False
2019-03-09 00:00:00+08:00,永定门内,66.0,139.0,11.0,89.0,0.7,15.0,Quotsoft/Beijing-monitoring-archive,False
2019-03-09 01:00:00+08:00,前门,64.0,104.0,8.0,67.0,0.7,25.0,Quotsoft/Beijing-monitoring-archive,False
2019-03-09 01:00:00+08:00,天坛,64.0,120.0,5.0,71.0,0.8,30.0,Quotsoft/Beijing-monitoring-archive,False
2019-03-09 01:00:00+08:00,永定门内,62.0,123.0,10.0,66.0,0.6,40.0,Quotsoft/Beijing-monitoring-archive,False
2019-03-09 02:00:00+08:00,前门,60.0,86.0,8.0,53.0,0.6,37.0,Quotsoft/Beijing-monitoring-archive,False
2019-03-09 02:00:00+08:00,天坛,60.0,98.0,4.0,48.0,0.8,48.0,Quotsoft/Beijing-monitoring-archive,False
2019-03-09 02:00:00+08:00,永定门内,62.0,102.0,11.0,48.0,0.6,54.0,Quotsoft/Beijing-monitoring-archive,False
2019-03-09 03:00:00+08:00,前门,66.0,79.0,10.0,48.0,0.6,38.0,Quotsoft/Beijing-monitoring-archive,False
2019-03-09 03:00:00+08:00,天坛,64.0,89.0,6.0,43.0,0.8,50.0,Quotsoft/Beijing-monitoring-archive,False
2019-03-09 03:00:00+08:00,永定门内,66.0,97.0,14.0,42.0,0.6,56.0,Quotsoft/Beijing-monitoring-archive,False
2019-03-09 04:00:00+08:00,前门,63.0,77.0,9.0,50.0,0.6,33.0,Quotsoft/Beijing-monitoring-archive,False
2019-03-09 04:00:00+08:00,天坛,69.0,80.0,5.0,44.0,0.8,45.0,Quotsoft/Beijing-monitoring-archive,False
2019-03-09 04:00:00+08:00,永定门内,68.0,90.0,12.0,47.0,0.6,45.0,Quotsoft/Beijing-monitoring-archive,False
2019-03-09 05:00:00+08:00,前门,64.0,78.0,9.0,57.0,0.7,24.0,Quotsoft/Beijing-monitoring-archive,False
2019-03-09 05:00:00+08:00,天坛,74.0,83.0,4.0,50.0,0.9,35.0,Quotsoft/Beijing-monitoring-archive,False
2019-03-09 05:00:00+08:00,永定门内,71.0,93.0,12.0,59.0,0.6,31.0,Quotsoft/Beijing-monitoring-archive,False
2019-03-09 06:00:00+08:00,前门,77.0,86.0,11.0,73.0,0.8,13.0,Quotsoft/Beijing-monitoring-archive,False
2019-03-09 06:00:00+08:00,天坛,69.0,85.0,4.0,56.0,0.9,22.0,Quotsoft/Beijing-monitoring-archive,False
2019-03-09 06:00:00+08:00,永定门内,70.0,100.0,11.0,71.0,0.7,13.0,Quotsoft/Beijing-monitoring-archive,False
2019-03-09 07:00:00+08:00,前门,71.0,86.0,13.0,79.0,0.8,7.0,Quotsoft/Beijing-monitoring-archive,False
2019-03-09 07:00:00+08:00,天坛,80.0,135.0,3.0,58.0,0.9,16.0,Quotsoft/Beijing-monitoring-archive,False
2019-03-09 07:00:00+08:00,永定门内,77.0,107.0,11.0,77.0,0.9,3.0,Quotsoft/Beijing-monitoring-archive,False
2019-03-09 08:00:00+08:00,前门,68.0,98.0,11.0,89.0,0.8,5.0,Quotsoft/Beijing-monitoring-archive,False
2019-03-09 08:00:00+08:00,天坛,76.0,145.0,5.0,85.0,1.0,9.0,Quotsoft/Beijing-monitoring-archive,False
2019-03-09 08:00:00+08:00,永定门内,75.0,118.0,12.0,85.0,0.9,6.0,Quotsoft/Beijing-monitoring-archive,False
2019-03-09 09:00:00+08:00,前门,83.0,110.0,13.0,92.0,1.0,5.0,Quotsoft/Beijing-monitoring-archive,False
2019-03-09 09:00:00+08:00,天坛,80.0,116.0,8.0,93.0,1.1,8.0,Quotsoft/Beijing-monitoring-archive,False
2019-03-09 09:00:00+08:00,永定门内,81.0,116.0,13.0,83.0,0.9,11.0,Quotsoft/Beijing-monitoring-archive,False
2019-03-09 10:00:00+08:00,前门,87.0,115.0,12.0,92.0,1.1,6.0,Quotsoft/Beijing-monitoring-archive,False
2019-03-09 10:00:00+08:00,天坛,84.0,130.0,10.0,93.0,1.2,11.0,Quotsoft/Beijing-monitoring-archive,False
2019-03-09 10:00:00+08:00,永定门内,85.0,122.0,15.0,84.0,0.9,15.0,Quotsoft/Beijing-monitoring-archive,False
2019-03-09 11:00:00+08:00,前门,91.0,124.0,13.0,92.0,1.2,6.0,Quotsoft/Beijing-monitoring-archive,False
2019-03-09 11:00:00+08:00,天坛,99.0,142.0,10.0,98.0,1.3,11.0,Quotsoft/Beijing-monitoring-archive,False
2019-03-09 11:00:00+08:00,永定门内,93.0,139.0,15.0,91.0,1.1,11.0,Quotsoft/Beijing-monitoring-archive,False
2019-03-09 12:00:00+08:00,前门,100.0,129.0,14.0,92.0,1.2,8.0,Quotsoft/Beijing-monitoring-archive,False
2019-03-09 12:00:00+08:00,天坛,110.0,160.0,10.0,103.0,1.5,12.0,Quotsoft/Beijing-monitoring-archive,False
2019-03-09 12:00:00+08:00,永定门内,105.0,154.0,15.0,92.0,1.2,13.0,Quotsoft/Beijing-monitoring-archive,False
2019-03-09 13:00:00+08:00,前门,99.0,114.0,14.0,93.0,1.2,11.0,Quotsoft/Beijing-monitoring-archive,False
2019-03-09 13:00:00+08:00,天坛,101.0,157.0,11.0,99.0,1.4,18.0,Quotsoft/Beijing-monitoring-archive,False
2019-03-09 13:00:00+08:00,永定门内,107.0,143.0,16.0,92.0,1.1,16.0,Quotsoft/Beijing-monitoring-archive,False
2019-03-09 14:00:00+08:00,前门,107.0,109.0,14.0,95.0,1.1,13.0,Quotsoft/Beijing-monitoring-archive,False
2019-03-09 14:00:00+08:00,天坛,101.0,131.0,12.0,96.0,1.3,22.0,Quotsoft/Beijing-monitoring-archive,False
2019-03-09 14:00:00+08:00,永定门内,107.0,129.0,18.0,94.0,1.1,19.0,Quotsoft/Beijing-monitoring-archive,False
2019-03-09 15:00:00+08:00,前门,99.0,,14.0,88.0,1.0,20.0,Quotsoft/Beijing-monitoring-archive,False
2019-03-09 15:00:00+08:00,天坛,99.0,125.0,12.0,99.0,1.3,22.0,Quotsoft/Beijing-monitoring-archive,False
2019-03-09 15:00:00+08:00,永定门内,103.0,117.0,17.0,91.0,1.0,26.0,Quotsoft/Beijing-monitoring-archive,False
2019-03-09 16:00:00+08:00,前门,91.0,,13.0,68.0,1.0,40.0,Quotsoft/Beijing-monitoring-archive,False
2019-03-09 16:00:00+08:00,天坛,91.0,107.0,11.0,75.0,1.1,46.0,Quotsoft/Beijing-monitoring-archive,False
2019-03-09 16:00:00+08:00,永定门内,84.0,94.0,16.0,69.0,0.8,53.0,Quotsoft/Beijing-monitoring-archive,False
2019-03-09 17:00:00+08:00,前门,83.0,85.0,13.0,64.0,1.0,42.0,Quotsoft/Beijing-monitoring-archive,False
2019-03-09 17:00:00+08:00,天坛,90.0,118.0,12.0,72.0,1.1,46.0,Quotsoft/Beijing-monitoring-archive,False
2019-03-09 17:00:00+08:00,永定门内,82.0,105.0,16.0,61.0,0.8,57.0,Quotsoft/Beijing-monitoring-archive,False
2019-03-09 18:00:00+08:00,前门,96.0,,12.0,69.0,1.0,38.0,Quotsoft/Beijing-monitoring-archive,False
2019-03-09 18:00:00+08:00,天坛,88.0,117.0,11.0,73.0,1.1,44.0,Quotsoft/Beijing-monitoring-archive,False
2019-03-09 18:00:00+08:00,永定门内,86.0,109.0,16.0,71.0,0.9,45.0,Quotsoft/Beijing-monitoring-archive,False
2019-03-09 19:00:00+08:00,前门,80.0,89.0,10.0,59.0,0.9,49.0,Quotsoft/Beijing-monitoring-archive,False
2019-03-09 19:00:00+08:00,天坛,84.0,111.0,9.0,64.0,1.0,54.0,Quotsoft/Beijing-monitoring-archive,False
2019-03-09 19:00:00+08:00,永定门内,81.0,115.0,14.0,63.0,0.8,56.0,Quotsoft/Beijing-monitoring-archive,False
2019-03-09 20:00:00+08:00,前门,77.0,91.0,8.0,48.0,0.9,55.0,Quotsoft/Beijing-monitoring-archive,False
2019-03-09 20:00:00+08:00,天坛,89.0,132.0,8.0,57.0,1.1,58.0,Quotsoft/Beijing-monitoring-archive,False
2019-03-09 20:00:00+08:00,永定门内,85.0,119.0,11.0,45.0,0.8,73.0,Quotsoft/Beijing-monitoring-archive,False
2019-03-09 21:00:00+08:00,前门,89.0,,8.0,41.0,0.9,55.0,Quotsoft/Beijing-monitoring-archive,False
2019-03-09 21:00:00+08:00,天坛,92.0,114.0,9.0,47.0,1.2,64.0,Quotsoft/Beijing-monitoring-archive,False
2019-03-09 21:00:00+08:00,永定门内,93.0,94.0,10.0,33.0,0.8,82.0,Quotsoft/Beijing-monitoring-archive,False
2019-03-09 22:00:00+08:00,前门,94.0,,7.0,47.0,1.0,40.0,Quotsoft/Beijing-monitoring-archive,False
2019-03-09 22:00:00+08:00,天坛,102.0,107.0,7.0,52.0,1.2,51.0,Quotsoft/Beijing-monitoring-archive,False
2019-03-09 22:00:00+08:00,永定门内,100.0,,9.0,46.0,0.8,54.0,Quotsoft/Beijing-monitoring-archive,False
2019-03-09 23:00:00+08:00,前门,109.0,,6.0,46.0,1.0,37.0,Quotsoft/Beijing-monitoring-archive,False
2019-03-09 23:00:00+08:00,天坛,108.0,,6.0,52.0,1.3,46.0,Quotsoft/Beijing-monitoring-archive,False
2019-03-09 23:00:00+08:00,永定门内,110.0,,9.0,51.0,0.9,47.0,Quotsoft/Beijing-monitoring-archive,False
2019-03-10 00:00:00+08:00,前门,110.0,,6.0,47.0,1.1,32.0,Quotsoft/Beijing-monitoring-archive,False
2019-03-10 00:00:00+08:00,天坛,109.0,,4.0,58.0,1.2,31.0,Quotsoft/Beijing-monitoring-archive,False
2019-03-10 00:00:00+08:00,永定门内,116.0,,8.0,44.0,0.9,46.0,Quotsoft/Beijing-monitoring-archive,False
2019-03-10 01:00:00+08:00,前门,124.0,,5.0,52.0,1.1,23.0,Quotsoft/Beijing-monitoring-archive,False
2019-03-10 01:00:00+08:00,天坛,117.0,,1.0,70.0,1.3,8.0,Quotsoft/Beijing-monitoring-archive,False
2019-03-10 01:00:00+08:00,永定门内,126.0,,8.0,57.0,1.0,23.0,Quotsoft/Beijing-monitoring-archive,False
2019-03-10 02:00:00+08:00,前门,117.0,,4.0,57.0,1.0,17.0,Quotsoft/Beijing-monitoring-archive,False
2019-03-10 02:00:00+08:00,天坛,125.0,,3.0,72.0,1.3,5.0,Quotsoft/Beijing-monitoring-archive,False
2019-03-10 02:00:00+08:00,永定门内,126.0,,6.0,54.0,0.9,19.0,Quotsoft/Beijing-monitoring-archive,False
2019-03-10 03:00:00+08:00,前门,115.0,,3.0,57.0,1.0,14.0,Quotsoft/Beijing-monitoring-archive,False
2019-03-10 03:00:00+08:00,天坛,125.0,,3.0,70.0,1.3,4.0,Quotsoft/Beijing-monitoring-archive,False
2019-03-10 03:00:00+08:00,永定门内,119.0,,5.0,47.0,0.9,23.0,Quotsoft/Beijing-monitoring-archive,False
2019-03-10 04:00:00+08:00,前门,119.0,,4.0,55.0,1.1,,Quotsoft/Beijing-monitoring-archive,False
2019-03-10 04:00:00+08:00,天坛,128.0,,1.0,72.0,1.3,4.0,Quotsoft/Beijing-monitoring-archive,False
2019-03-10 04:00:00+08:00,永定门内,119.0,,5.0,49.0,0.9,,Quotsoft/Beijing-monitoring-archive,False
2019-03-10 05:00:00+08:00,前门,114.0,,4.0,80.0,1.1,2.0,Quotsoft/Beijing-monitoring-archive,False
2019-03-10 05:00:00+08:00,天坛,119.0,,2.0,69.0,1.3,3.0,Quotsoft/Beijing-monitoring-archive,False
2019-03-10 05:00:00+08:00,永定门内,119.0,,4.0,79.0,1.0,3.0,Quotsoft/Beijing-monitoring-archive,False
2019-03-10 06:00:00+08:00,前门,121.0,,5.0,78.0,1.3,2.0,Quotsoft/Beijing-monitoring-archive,False
2019-03-10 06:00:00+08:00,天坛,119.0,,2.0,66.0,1.3,3.0,Quotsoft/Beijing-monitoring-archive,False
2019-03-10 06:00:00+08:00,永定门内,122.0,,5.0,74.0,1.1,1.0,Quotsoft/Beijing-monitoring-archive,False
2019-03-10 07:00:00+08:00,前门,120.0,,4.0,72.0,1.3,2.0,Quotsoft/Beijing-monitoring-archive,False
2019-03-10 07:00:00+08:00,天坛,128.0,197.0,1.0,58.0,1.4,3.0,Quotsoft/Beijing-monitoring-archive,False
2019-03-10 07:00:00+08:00,永定门内,119.0,,6.0,77.0,1.2,2.0,Quotsoft/Beijing-monitoring-archive,False
2019-03-10 08:00:00+08:00,前门,106.0,,5.0,70.0,1.3,6.0,Quotsoft/Beijing-monitoring-archive,False
2019-03-10 08:00:00+08:00,天坛,125.0,231.0,1.0,51.0,1.4,5.0,Quotsoft/Beijing-monitoring-archive,False
2019-03-10 08:00:00+08:00,永定门内,108.0,,5.0,76.0,1.2,3.0,Quotsoft/Beijing-monitoring-archive,False
2019-03-10 09:00:00+08:00,前门,104.0,,10.0,62.0,1.2,14.0,Quotsoft/Beijing-monitoring-archive,False
2019-03-10 09:00:00+08:00,天坛,108.0,,5.0,63.0,1.3,16.0,Quotsoft/Beijing-monitoring-archive,False
2019-03-10 09:00:00+08:00,永定门内,98.0,,10.0,62.0,1.0,23.0,Quotsoft/Beijing-monitoring-archive,False
2019-03-10 10:00:00+08:00,前门,113.0,,13.0,63.0,1.1,26.0,Quotsoft/Beijing-monitoring-archive,False
2019-03-10 10:00:00+08:00,天坛,110.0,,8.0,65.0,1.2,30.0,Quotsoft/Beijing-monitoring-archive,False
2019-03-10 10:00:00+08:00,永定门内,104.0,,12.0,66.0,1.0,32.0,Quotsoft/Beijing-monitoring-archive,False
2019-03-10 11:00:00+08:00,前门,98.0,,13.0,58.0,1.0,41.0,Quotsoft/Beijing-monitoring-archive,False
2019-03-10 11:00:00+08:00,天坛,104.0,,9.0,56.0,1.2,49.0,Quotsoft/Beijing-monitoring-archive,False
2019-03-10 11:00:00+08:00,永定门内,111.0,,13.0,66.0,0.9,50.0,Quotsoft/Beijing-monitoring-archive,False
2019-03-10 12:00:00+08:00,前门,114.0,,13.0,70.0,1.1,35.0,Quotsoft/Beijing-monitoring-archive,False
2019-03-10 12:00:00+08:00,天坛,114.0,,8.0,65.0,1.2,45.0,Quotsoft/Beijing-monitoring-archive,False
2019-03-10 12:00:00+08:00,永定门内,118.0,,13.0,71.0,0.9,52.0,Quotsoft/Beijing-monitoring-archive,False
2019-03-10 13:00:00+08:00,前门,117.0,,12.0,63.0,1.0,47.0,Quotsoft/Beijing-monitoring-archive,False
2019-03-10 13:00:00+08:00,天坛,112.0,,8.0,51.0,1.1,67.0,Quotsoft/Beijing-monitoring-archive,False
2019-03-10 13:00:00+08:00,永定门内,110.0,,13.0,54.0,0.7,76.0,Quotsoft/Beijing-monitoring-archive,False
2019-03-10 14:00:00+08:00,前门,106.0,,12.0,66.0,0.9,50.0,Quotsoft/Beijing-monitoring-archive,False
2019-03-10 14:00:00+08:00,天坛,106.0,,8.0,57.0,1.1,65.0,Quotsoft/Beijing-monitoring-archive,False
2019-03-10 14:00:00+08:00,永定门内,116.0,,13.0,61.0,0.8,76.0,Quotsoft/Beijing-monitoring-archive,False
2019-03-10 15:00:00+08:00,前门,106.0,,11.0,54.0,0.8,62.0,Quotsoft/Beijing-monitoring-archive,False
2019-03-10 15:00:00+08:00,天坛,99.0,,8.0,43.0,1.0,79.0,Quotsoft/Beijing-monitoring-archive,False
2019-03-10 15:00:00+08:00,永定门内,103.0,,11.0,51.0,0.7,89.0,Quotsoft/Beijing-monitoring-archive,False
2019-03-10 16:00:00+08:00,前门,101.0,,9.0,55.0,0.8,60.0,Quotsoft/Beijing-monitoring-archive,False
2019-03-10 16:00:00+08:00,天坛,103.0,,6.0,44.0,1.0,79.0,Quotsoft/Beijing-monitoring-archive,False
2019-03-10 16:00:00+08:00,永定门内,104.0,,10.0,58.0,0.7,79.0,Quotsoft/Beijing-monitoring-archive,False
2019-03-10 17:00:00+08:00,前门,104.0,,7.0,59.0,0.9,56.0,Quotsoft/Beijing-monitoring-archive,False
2019-03-10 17:00:00+08:00,天坛,97.0,,5.0,45.0,1.0,77.0,Quotsoft/Beijing-monitoring-archive,False
2019-03-10 17:00:00+08:00,永定门内,109.0,,9.0,48.0,0.7,92.0,Quotsoft/Beijing-monitoring-archive,False
2019-03-10 18:00:00+08:00,前门,115.0,,5.0,48.0,0.8,62.0,Quotsoft/Beijing-monitoring-archive,False
2019-03-10 18:00:00+08:00,天坛,102.0,,3.0,40.0,1.0,81.0,Quotsoft/Beijing-monitoring-archive,False
2019-03-10 18:00:00+08:00,永定门内,101.0,,6.0,40.0,0.6,99.0,Quotsoft/Beijing-monitoring-archive,False
2019-03-10 19:00:00+08:00,前门,146.0,,4.0,62.0,1.0,32.0,Quotsoft/Beijing-monitoring-archive,False
2019-03-10 19:00:00+08:00,天坛,112.0,,3.0,64.0,1.2,44.0,Quotsoft/Beijing-monitoring-archive,False
2019-03-10 19:00:00+08:00,永定门内,110.0,,6.0,63.0,0.8,49.0,Quotsoft/Beijing-monitoring-archive,False
2019-03-10 20:00:00+08:00,前门,134.0,,4.0,68.0,1.0,21.0,Quotsoft/Beijing-monitoring-archive,False
2019-03-10 20:00:00+08:00,天坛,118.0,,2.0,56.0,1.2,14.0,Quotsoft/Beijing-monitoring-archive,False
2019-03-10 20:00:00+08:00,永定门内,125.0,,6.0,76.0,1.0,26.0,Quotsoft/Beijing-monitoring-archive,False
2019-03-10 21:00:00+08:00,前门,138.0,,4.0,70.0,1.1,16.0,Quotsoft/Beijing-monitoring-archive,False
2019-03-10 21:00:00+08:00,天坛,118.0,,2.0,58.0,1.3,9.0,Quotsoft/Beijing-monitoring-archive,False
2019-03-10 21:00:00+08:00,永定门内,130.0,,5.0,80.0,1.0,17.0,Quotsoft/Beijing-monitoring-archive,False
2019-03-10 22:00:00+08:00,前门,136.0,,4.0,75.0,1.2,10.0,Quotsoft/Beijing-monitoring-archive,False
2019-03-10 22:00:00+08:00,天坛,136.0,,2.0,62.0,1.4,6.0,Quotsoft/Beijing-monitoring-archive,False
2019-03-10 22:00:00+08:00,永定门内,134.0,,6.0,78.0,1.1,14.0,Quotsoft/Beijing-monitoring-archive,False
2019-03-10 23:00:00+08:00,前门,140.0,,4.0,76.0,1.3,7.0,Quotsoft/Beijing-monitoring-archive,False
2019-03-10 23:00:00+08:00,天坛,126.0,,2.0,56.0,1.4,4.0,Quotsoft/Beijing-monitoring-archive,False
2019-03-10 23:00:00+08:00,永定门内,141.0,,6.0,88.0,1.2,4.0,Quotsoft/Beijing-monitoring-archive,False
2019-03-11 00:00:00+08:00,前门,135.0,,4.0,74.0,1.3,5.0,Quotsoft/Beijing-monitoring-archive,False
2019-03-11 00:00:00+08:00,天坛,127.0,,2.0,47.0,1.4,4.0,Quotsoft/Beijing-monitoring-archive,False
2019-03-11 00:00:00+08:00,永定门内,132.0,,5.0,77.0,1.1,4.0,Quotsoft/Beijing-monitoring-archive,False
2019-03-11 01:00:00+08:00,前门,112.0,,3.0,72.0,1.2,4.0,Quotsoft/Beijing-monitoring-archive,False
2019-03-11 01:00:00+08:00,天坛,106.0,,1.0,38.0,1.3,4.0,Quotsoft/Beijing-monitoring-archive,False
2019-03-11 01:00:00+08:00,永定门内,113.0,,5.0,70.0,1.1,3.0,Quotsoft/Beijing-monitoring-archive,False
2019-03-11 02:00:00+08:00,前门,69.0,,3.0,69.0,1.0,6.0,Quotsoft/Beijing-monitoring-archive,False
2019-03-11 02:00:00+08:00,天坛,87.0,,1.0,37.0,1.2,4.0,Quotsoft/Beijing-monitoring-archive,False
2019-03-11 02:00:00+08:00,永定门内,71.0,,4.0,61.0,0.9,9.0,Quotsoft/Beijing-monitoring-archive,False
2019-03-11 03:00:00+08:00,前门,53.0,,3.0,60.0,0.8,11.0,Quotsoft/Beijing-monitoring-archive,False
2019-03-11 03:00:00+08:00,天坛,61.0,,1.0,36.0,1.1,4.0,Quotsoft/Beijing-monitoring-archive,False
2019-03-11 03:00:00+08:00,永定门内,58.0,,4.0,56.0,0.7,16.0,Quotsoft/Beijing-monitoring-archive,False
2019-03-11 04:00:00+08:00,前门,48.0,,3.0,63.0,0.7,9.0,Quotsoft/Beijing-monitoring-archive,False
2019-03-11 04:00:00+08:00,天坛,38.0,,1.0,36.0,1.0,3.0,Quotsoft/Beijing-monitoring-archive,False
2019-03-11 04:00:00+08:00,永定门内,39.0,,5.0,48.0,0.6,20.0,Quotsoft/Beijing-monitoring-archive,False
2019-03-11 05:00:00+08:00,前门,35.0,,3.0,57.0,0.8,9.0,Quotsoft/Beijing-monitoring-archive,False
2019-03-11 05:00:00+08:00,天坛,35.0,,1.0,35.0,0.9,3.0,Quotsoft/Beijing-monitoring-archive,False
2019-03-11 05:00:00+08:00,永定门内,49.0,,5.0,59.0,0.7,7.0,Quotsoft/Beijing-monitoring-archive,False
2019-03-11 06:00:00+08:00,前门,62.0,,5.0,71.0,1.0,2.0,Quotsoft/Beijing-monitoring-archive,False
2019-03-11 06:00:00+08:00,天坛,42.0,,3.0,40.0,1.0,3.0,Quotsoft/Beijing-monitoring-archive,False
2019-03-11 06:00:00+08:00,永定门内,71.0,,4.0,72.0,1.1,1.0,Quotsoft/Beijing-monitoring-archive,False
2019-03-11 07:00:00+08:00,前门,63.0,,10.0,80.0,1.5,2.0,Quotsoft/Beijing-monitoring-archive,False
2019-03-11 07:00:00+08:00,天坛,51.0,,2.0,37.0,1.2,3.0,Quotsoft/Beijing-monitoring-archive,False
2019-03-11 07:00:00+08:00,永定门内,78.0,,7.0,81.0,1.5,1.0,Quotsoft/Beijing-monitoring-archive,False
2019-03-11 08:00:00+08:00,前门,59.0,,9.0,79.0,1.4,5.0,Quotsoft/Beijing-monitoring-archive,False
2019-03-11 08:00:00+08:00,天坛,51.0,,2.0,41.0,1.3,5.0,Quotsoft/Beijing-monitoring-archive,False
2019-03-11 08:00:00+08:00,永定门内,71.0,,7.0,85.0,1.6,3.0,Quotsoft/Beijing-monitoring-archive,False
2019-03-11 09:00:00+08:00,前门,19.0,27.0,7.0,50.0,0.8,27.0,Quotsoft/Beijing-monitoring-archive,False
2019-03-11 09:00:00+08:00,天坛,38.0,,2.0,68.0,1.0,26.0,Quotsoft/Beijing-monitoring-archive,False
2019-03-11 09:00:00+08:00,永定门内,24.0,,8.0,53.0,0.6,40.0,Quotsoft/Beijing-monitoring-archive,False
2019-03-11 10:00:00+08:00,前门,13.0,,5.0,28.0,0.5,48.0,Quotsoft/Beijing-monitoring-archive,False
2019-03-11 10:00:00+08:00,天坛,9.0,,2.0,22.0,0.6,58.0,Quotsoft/Beijing-monitoring-archive,False
2019-03-11 10:00:00+08:00,永定门内,10.0,,7.0,13.0,0.3,77.0,Quotsoft/Beijing-monitoring-archive,False
2019-03-11 11:00:00+08:00,前门,16.0,,4.0,24.0,0.4,53.0,Quotsoft/Beijing-monitoring-archive,False
2019-03-11 11:00:00+08:00,天坛,12.0,,1.0,18.0,0.6,65.0,Quotsoft/Beijing-monitoring-archive,False
2019-03-11 11:00:00+08:00,永定门内,8.0,,6.0,15.0,0.3,78.0,Quotsoft/Beijing-monitoring-archive,False
2019-03-11 12:00:00+08:00,前门,7.0,19.0,4.0,20.0,0.4,61.0,Quotsoft/Beijing-monitoring-archive,False
2019-03-11 12:00:00+08:00,天坛,6.0,25.0,1.0,15.0,0.6,74.0,Quotsoft/Beijing-monitoring-archive,False
2019-03-11 12:00:00+08:00,永定门内,22.0,,6.0,9.0,0.2,91.0,Quotsoft/Beijing-monitoring-archive,False
2019-03-11 13:00:00+08:00,前门,11.0,30.0,4.0,21.0,0.3,62.0,Quotsoft/Beijing-monitoring-archive,False
2019-03-11 13:00:00+08:00,天坛,12.0,42.0,1.0,15.0,,76.0,Quotsoft/Beijing-monitoring-archive,False
2019-03-11 13:00:00+08:00,永定门内,10.0,16.0,5.0,7.0,0.2,95.0,Quotsoft/Beijing-monitoring-archive,False
2019-03-11 14:00:00+08:00,前门,15.0,16.0,4.0,20.0,0.3,65.0,Quotsoft/Beijing-monitoring-archive,False
2019-03-11 14:00:00+08:00,天坛,9.0,35.0,1.0,14.0,0.3,78.0,Quotsoft/Beijing-monitoring-archive,False
2019-03-11 14:00:00+08:00,永定门内,12.0,17.0,6.0,7.0,0.2,98.0,Quotsoft/Beijing-monitoring-archive,False
2019-03-11 15:00:00+08:00,前门,9.0,29.0,3.0,17.0,0.3,70.0,Quotsoft/Beijing-monitoring-archive,False
2019-03-11 15:00:00+08:00,天坛,13.0,43.0,3.0,12.0,0.3,81.0,Quotsoft/Beijing-monitoring-archive,False
2019-03-11 15:00:00+08:00,永定门内,9.0,15.0,5.0,7.0,0.2,100.0,Quotsoft/Beijing-monitoring-archive,False
2019-03-11 16:00:00+08:00,前门,12.0,35.0,3.0,15.0,0.2,71.0,Quotsoft/Beijing-monitoring-archive,False
2019-03-11 16:00:00+08:00,天坛,5.0,65.0,1.0,12.0,0.3,82.0,Quotsoft/Beijing-monitoring-archive,False
2019-03-11 16:00:00+08:00,永定门内,10.0,39.0,5.0,7.0,0.2,101.0,Quotsoft/Beijing-monitoring-archive,False
2019-03-11 17:00:00+08:00,前门,6.0,24.0,3.0,15.0,0.2,70.0,Quotsoft/Beijing-monitoring-archive,False
2019-03-11 17:00:00+08:00,天坛,7.0,39.0,3.0,13.0,0.3,80.0,Quotsoft/Beijing-monitoring-archive,False
2019-03-11 17:00:00+08:00,永定门内,11.0,22.0,4.0,9.0,0.2,99.0,Quotsoft/Beijing-monitoring-archive,False
2019-03-11 18:00:00+08:00,前门,6.0,33.0,3.0,17.0,0.2,65.0,Quotsoft/Beijing-monitoring-archive,False
2019-03-11 18:00:00+08:00,天坛,4.0,41.0,3.0,18.0,0.3,75.0,Quotsoft/Beijing-monitoring-archive,False
2019-03-11 18:00:00+08:00,永定门内,8.0,33.0,5.0,10.0,0.2,95.0,Quotsoft/Beijing-monitoring-archive,False
2019-03-11 19:00:00+08:00,前门,18.0,39.0,3.0,14.0,0.2,66.0,Quotsoft/Beijing-monitoring-archive,False
2019-03-11 19:00:00+08:00,天坛,7.0,51.0,1.0,18.0,0.3,72.0,Quotsoft/Beijing-monitoring-archive,False
2019-03-11 19:00:00+08:00,永定门内,4.0,34.0,4.0,12.0,0.2,91.0,Quotsoft/Beijing-monitoring-archive,False
2019-03-11 20:00:00+08:00,前门,13.0,30.0,3.0,15.0,0.2,61.0,Quotsoft/Beijing-monitoring-archive,False
2019-03-11 20:00:00+08:00,天坛,8.0,47.0,3.0,15.0,0.3,69.0,Quotsoft/Beijing-monitoring-archive,False
2019-03-11 20:00:00+08:00,永定门内,2.0,32.0,4.0,10.0,0.2,87.0,Quotsoft/Beijing-monitoring-archive,False
2019-03-11 21:00:00+08:00,前门,14.0,36.0,3.0,16.0,0.2,57.0,Quotsoft/Beijing-monitoring-archive,False
2019-03-11 21:00:00+08:00,天坛,7.0,61.0,3.0,15.0,0.3,68.0,Quotsoft/Beijing-monitoring-archive,False
2019-03-11 21:00:00+08:00,永定门内,4.0,48.0,4.0,12.0,0.2,82.0,Quotsoft/Beijing-monitoring-archive,False
2019-03-11 22:00:00+08:00,前门,13.0,25.0,3.0,12.0,0.2,61.0,Quotsoft/Beijing-monitoring-archive,False
2019-03-11 22:00:00+08:00,天坛,7.0,50.0,1.0,12.0,0.3,72.0,Quotsoft/Beijing-monitoring-archive,False
2019-03-11 22:00:00+08:00,永定门内,4.0,28.0,4.0,9.0,0.2,87.0,Quotsoft/Beijing-monitoring-archive,False
2019-03-11 23:00:00+08:00,前门,14.0,23.0,2.0,11.0,0.2,64.0,Quotsoft/Beijing-monitoring-archive,False
2019-03-11 23:00:00+08:00,天坛,2.0,40.0,1.0,11.0,0.3,75.0,Quotsoft/Beijing-monitoring-archive,False
2019-03-11 23:00:00+08:00,永定门内,4.0,24.0,2.0,11.0,0.2,86.0,Quotsoft/Beijing-monitoring-archive,False
2019-03-12 00:00:00+08:00,前门,15.0,19.0,2.0,10.0,0.2,63.0,Quotsoft/Beijing-monitoring-archive,False
2019-03-12 00:00:00+08:00,天坛,7.0,34.0,1.0,12.0,0.3,74.0,Quotsoft/Beijing-monitoring-archive,False
2019-03-12 00:00:00+08:00,永定门内,4.0,19.0,3.0,10.0,0.2,87.0,Quotsoft/Beijing-monitoring-archive,False
2019-03-12 01:00:00+08:00,前门,14.0,18.0,2.0,11.0,0.2,60.0,Quotsoft/Beijing-monitoring-archive,False
2019-03-12 01:00:00+08:00,天坛,6.0,26.0,1.0,12.0,0.3,72.0,Quotsoft/Beijing-monitoring-archive,False
2019-03-12 01:00:00+08:00,永定门内,6.0,18.0,4.0,12.0,0.2,82.0,Quotsoft/Beijing-monitoring-archive,False
2019-03-12 02:00:00+08:00,前门,7.0,15.0,3.0,10.0,0.2,58.0,Quotsoft/Beijing-monitoring-archive,False
2019-03-12 02:00:00+08:00,天坛,4.0,35.0,1.0,11.0,0.2,73.0,Quotsoft/Beijing-monitoring-archive,False
2019-03-12 02:00:00+08:00,永定门内,7.0,24.0,3.0,10.0,0.2,79.0,Quotsoft/Beijing-monitoring-archive,False
2019-03-12 03:00:00+08:00,前门,13.0,14.0,2.0,9.0,0.2,61.0,Quotsoft/Beijing-monitoring-archive,False
2019-03-12 03:00:00+08:00,天坛,2.0,24.0,1.0,10.0,0.2,75.0,Quotsoft/Beijing-monitoring-archive,False
2019-03-12 03:00:00+08:00,永定门内,5.0,18.0,2.0,8.0,0.2,84.0,Quotsoft/Beijing-monitoring-archive,False
2019-03-12 04:00:00+08:00,前门,11.0,14.0,2.0,9.0,0.3,,Quotsoft/Beijing-monitoring-archive,False
2019-03-12 04:00:00+08:00,天坛,2.0,22.0,1.0,10.0,0.2,74.0,Quotsoft/Beijing-monitoring-archive,False
2019-03-12 04:00:00+08:00,永定门内,5.0,14.0,4.0,7.0,0.2,,Quotsoft/Beijing-monitoring-archive,False
2019-03-12 05:00:00+08:00,前门,14.0,,2.0,11.0,0.3,54.0,Quotsoft/Beijing-monitoring-archive,False
2019-03-12 05:00:00+08:00,天坛,2.0,25.0,1.0,13.0,0.3,69.0,Quotsoft/Beijing-monitoring-archive,False
2019-03-12 05:00:00+08:00,永定门内,2.0,15.0,3.0,13.0,0.2,75.0,Quotsoft/Beijing-monitoring-archive,False
2019-03-12 06:00:00+08:00,前门,13.0,17.0,2.0,25.0,0.4,43.0,Quotsoft/Beijing-monitoring-archive,False
2019-03-12 06:00:00+08:00,天坛,2.0,26.0,1.0,24.0,0.3,51.0,Quotsoft/Beijing-monitoring-archive,False
2019-03-12 06:00:00+08:00,永定门内,4.0,17.0,3.0,20.0,0.2,60.0,Quotsoft/Beijing-monitoring-archive,False
2019-03-12 07:00:00+08:00,前门,13.0,26.0,3.0,47.0,0.5,20.0,Quotsoft/Beijing-monitoring-archive,False
2019-03-12 07:00:00+08:00,天坛,,,,,,,Quotsoft/Beijing-monitoring-archive,False
2019-03-12 07:00:00+08:00,永定门内,7.0,32.0,4.0,56.0,0.4,19.0,Quotsoft/Beijing-monitoring-archive,False
2019-03-12 08:00:00+08:00,前门,11.0,23.0,3.0,28.0,0.4,41.0,Quotsoft/Beijing-monitoring-archive,False
2019-03-12 08:00:00+08:00,天坛,4.0,92.0,1.0,27.0,0.3,36.0,Quotsoft/Beijing-monitoring-archive,False
2019-03-12 08:00:00+08:00,永定门内,5.0,34.0,4.0,57.0,0.6,22.0,Quotsoft/Beijing-monitoring-archive,False
2019-03-12 09:00:00+08:00,前门,2.0,17.0,2.0,19.0,0.3,53.0,Quotsoft/Beijing-monitoring-archive,False
2019-03-12 09:00:00+08:00,天坛,8.0,16.0,2.0,22.0,0.3,60.0,Quotsoft/Beijing-monitoring-archive,False
2019-03-12 09:00:00+08:00,永定门内,2.0,12.0,4.0,12.0,0.3,77.0,Quotsoft/Beijing-monitoring-archive,False
2019-03-12 10:00:00+08:00,前门,8.0,21.0,3.0,16.0,0.3,55.0,Quotsoft/Beijing-monitoring-archive,False
2019-03-12 10:00:00+08:00,天坛,4.0,27.0,1.0,19.0,0.3,65.0,Quotsoft/Beijing-monitoring-archive,False
2019-03-12 10:00:00+08:00,永定门内,2.0,16.0,4.0,8.0,0.2,83.0,Quotsoft/Beijing-monitoring-archive,False
2019-03-12 11:00:00+08:00,前门,14.0,30.0,2.0,10.0,0.3,62.0,Quotsoft/Beijing-monitoring-archive,False
2019-03-12 11:00:00+08:00,天坛,,,,,,,Quotsoft/Beijing-monitoring-archive,False
2019-03-12 11:00:00+08:00,永定门内,1.0,25.0,4.0,6.0,0.2,88.0,Quotsoft/Beijing-monitoring-archive,False
2019-03-12 12:00:00+08:00,前门,9.0,22.0,3.0,11.0,0.3,62.0,Quotsoft/Beijing-monitoring-archive,False
2019-03-12 12:00:00+08:00,天坛,4.0,32.0,2.0,17.0,0.3,72.0,Quotsoft/Beijing-monitoring-archive,False
2019-03-12 12:00:00+08:00,永定门内,11.0,18.0,5.0,5.0,0.2,90.0,Quotsoft/Beijing-monitoring-archive,False
2019-03-12 13:00:00+08:00,前门,5.0,21.0,3.0,10.0,0.3,64.0,Quotsoft/Beijing-monitoring-archive,False
2019-03-12 13:00:00+08:00,天坛,2.0,25.0,2.0,17.0,0.3,73.0,Quotsoft/Beijing-monitoring-archive,False
2019-03-12 13:00:00+08:00,永定门内,17.0,,5.0,4.0,0.2,91.0,Quotsoft/Beijing-monitoring-archive,False
2019-03-12 14:00:00+08:00,前门,3.0,16.0,3.0,9.0,0.3,64.0,Quotsoft/Beijing-monitoring-archive,False
2019-03-12 14:00:00+08:00,天坛,6.0,24.0,1.0,16.0,0.3,74.0,Quotsoft/Beijing-monitoring-archive,False
2019-03-12 14:00:00+08:00,永定门内,3.0,15.0,5.0,3.0,0.2,92.0,Quotsoft/Beijing-monitoring-archive,False
2019-03-12 15:00:00+08:00,前门,11.0,16.0,3.0,9.0,0.3,66.0,Quotsoft/Beijing-monitoring-archive,False
2019-03-12 15:00:00+08:00,天坛,3.0,21.0,1.0,15.0,0.3,76.0,Quotsoft/Beijing-monitoring-archive,False
2019-03-12 15:00:00+08:00,永定门内,6.0,13.0,4.0,2.0,0.2,94.0,Quotsoft/Beijing-monitoring-archive,False
2019-03-12 16:00:00+08:00,前门,9.0,16.0,3.0,9.0,0.3,66.0,Quotsoft/Beijing-monitoring-archive,False
2019-03-12 16:00:00+08:00,天坛,,,,,,,Quotsoft/Beijing-monitoring-archive,False
2019-03-12 16:00:00+08:00,永定门内,9.0,17.0,4.0,3.0,0.2,95.0,Quotsoft/Beijing-monitoring-archive,False
2019-03-12 17:00:00+08:00,前门,1.0,19.0,3.0,8.0,0.3,67.0,Quotsoft/Beijing-monitoring-archive,False
2019-03-12 17:00:00+08:00,天坛,3.0,29.0,1.0,9.0,0.3,76.0,Quotsoft/Beijing-monitoring-archive,False
2019-03-12 17:00:00+08:00,永定门内,12.0,18.0,4.0,4.0,0.2,95.0,Quotsoft/Beijing-monitoring-archive,False
2019-03-12 18:00:00+08:00,前门,7.0,21.0,3.0,10.0,0.3,66.0,Quotsoft/Beijing-monitoring-archive,False
2019-03-12 18:00:00+08:00,天坛,,32.0,1.0,8.0,0.3,75.0,Quotsoft/Beijing-monitoring-archive,False
2019-03-12 18:00:00+08:00,永定门内,5.0,20.0,5.0,6.0,0.2,93.0,Quotsoft/Beijing-monitoring-archive,False
2019-03-12 19:00:00+08:00,前门,8.0,21.0,3.0,11.0,0.3,65.0,Quotsoft/Beijing-monitoring-archive,False
2019-03-12 19:00:00+08:00,天坛,8.0,33.0,1.0,11.0,0.3,73.0,Quotsoft/Beijing-monitoring-archive,False
2019-03-12 19:00:00+08:00,永定门内,2.0,24.0,4.0,5.0,0.2,96.0,Quotsoft/Beijing-monitoring-archive,False
2019-03-12 20:00:00+08:00,前门,8.0,24.0,2.0,13.0,0.3,60.0,Quotsoft/Beijing-monitoring-archive,False
2019-03-12 20:00:00+08:00,天坛,9.0,38.0,1.0,14.0,0.3,65.0,Quotsoft/Beijing-monitoring-archive,False
2019-03-12 20:00:00+08:00,永定门内,5.0,26.0,4.0,8.0,0.2,86.0,Quotsoft/Beijing-monitoring-archive,False
2019-03-12 21:00:00+08:00,前门,8.0,23.0,3.0,11.0,0.3,59.0,Quotsoft/Beijing-monitoring-archive,False
2019-03-12 21:00:00+08:00,天坛,2.0,35.0,1.0,17.0,0.4,59.0,Quotsoft/Beijing-monitoring-archive,False
2019-03-12 21:00:00+08:00,永定门内,5.0,25.0,4.0,11.0,0.2,78.0,Quotsoft/Beijing-monitoring-archive,False
2019-03-12 22:00:00+08:00,前门,7.0,19.0,2.0,11.0,0.3,58.0,Quotsoft/Beijing-monitoring-archive,False
2019-03-12 22:00:00+08:00,天坛,3.0,29.0,1.0,13.0,0.3,63.0,Quotsoft/Beijing-monitoring-archive,False
2019-03-12 22:00:00+08:00,永定门内,3.0,20.0,4.0,8.0,0.2,81.0,Quotsoft/Beijing-monitoring-archive,False
2019-03-12 23:00:00+08:00,前门,2.0,13.0,2.0,10.0,0.3,59.0,Quotsoft/Beijing-monitoring-archive,False
2019-03-12 23:00:00+08:00,天坛,8.0,23.0,1.0,13.0,0.3,61.0,Quotsoft/Beijing-monitoring-archive,False
2019-03-12 23:00:00+08:00,永定门内,6.0,13.0,2.0,6.0,0.2,82.0,Quotsoft/Beijing-monitoring-archive,False
2019-03-13 00:00:00+08:00,前门,10.0,14.0,2.0,12.0,0.3,58.0,Quotsoft/Beijing-monitoring-archive,False
2019-03-13 00:00:00+08:00,天坛,4.0,19.0,2.0,10.0,0.3,67.0,Quotsoft/Beijing-monitoring-archive,False
2019-03-13 00:00:00+08:00,永定门内,3.0,17.0,3.0,7.0,0.2,85.0,Quotsoft/Beijing-monitoring-archive,False
2019-03-13 01:00:00+08:00,前门,4.0,15.0,2.0,19.0,0.3,48.0,Quotsoft/Beijing-monitoring-archive,False
2019-03-13 01:00:00+08:00,天坛,2.0,25.0,1.0,9.0,0.3,64.0,Quotsoft/Beijing-monitoring-archive,False
2019-03-13 01:00:00+08:00,永定门内,4.0,18.0,3.0,12.0,0.2,75.0,Quotsoft/Beijing-monitoring-archive,False
2019-03-13 02:00:00+08:00,前门,13.0,18.0,2.0,32.0,0.3,33.0,Quotsoft/Beijing-monitoring-archive,False
2019-03-13 02:00:00+08:00,天坛,8.0,18.0,3.0,10.0,0.3,46.0,Quotsoft/Beijing-monitoring-archive,False
2019-03-13 02:00:00+08:00,永定门内,4.0,23.0,2.0,27.0,0.3,48.0,Quotsoft/Beijing-monitoring-archive,False
2019-03-13 03:00:00+08:00,前门,1.0,14.0,2.0,20.0,0.3,47.0,Quotsoft/Beijing-monitoring-archive,False
2019-03-13 03:00:00+08:00,天坛,8.0,,3.0,12.0,0.3,36.0,Quotsoft/Beijing-monitoring-archive,False
2019-03-13 03:00:00+08:00,永定门内,6.0,11.0,3.0,20.0,0.2,60.0,Quotsoft/Beijing-monitoring-archive,False
2019-03-13 04:00:00+08:00,前门,19.0,,2.0,19.0,0.3,48.0,Quotsoft/Beijing-monitoring-archive,False
2019-03-13 04:00:00+08:00,天坛,5.0,13.0,3.0,10.0,0.3,38.0,Quotsoft/Beijing-monitoring-archive,False
2019-03-13 04:00:00+08:00,永定门内,4.0,24.0,4.0,36.0,0.4,34.0,Quotsoft/Beijing-monitoring-archive,False
2019-03-13 05:00:00+08:00,前门,8.0,14.0,2.0,17.0,0.3,50.0,Quotsoft/Beijing-monitoring-archive,False
2019-03-13 05:00:00+08:00,天坛,6.0,16.0,1.0,11.0,0.3,34.0,Quotsoft/Beijing-monitoring-archive,False
2019-03-13 05:00:00+08:00,永定门内,7.0,25.0,4.0,54.0,0.5,17.0,Quotsoft/Beijing-monitoring-archive,False
2019-03-13 06:00:00+08:00,前门,5.0,14.0,2.0,25.0,0.4,42.0,Quotsoft/Beijing-monitoring-archive,False
2019-03-13 06:00:00+08:00,天坛,6.0,18.0,3.0,13.0,0.3,35.0,Quotsoft/Beijing-monitoring-archive,False
2019-03-13 06:00:00+08:00,永定门内,15.0,49.0,3.0,64.0,0.8,3.0,Quotsoft/Beijing-monitoring-archive,False
2019-03-13 07:00:00+08:00,前门,14.0,53.0,6.0,71.0,0.7,2.0,Quotsoft/Beijing-monitoring-archive,False
2019-03-13 07:00:00+08:00,天坛,7.0,57.0,3.0,30.0,0.5,18.0,Quotsoft/Beijing-monitoring-archive,False
2019-03-13 07:00:00+08:00,永定门内,16.0,88.0,4.0,75.0,1.0,1.0,Quotsoft/Beijing-monitoring-archive,False
2019-03-13 08:00:00+08:00,前门,16.0,65.0,5.0,71.0,0.7,7.0,Quotsoft/Beijing-monitoring-archive,False
2019-03-13 08:00:00+08:00,天坛,3.0,93.0,1.0,44.0,0.5,15.0,Quotsoft/Beijing-monitoring-archive,False
2019-03-13 08:00:00+08:00,永定门内,19.0,93.0,5.0,73.0,1.5,5.0,Quotsoft/Beijing-monitoring-archive,False
2019-03-13 09:00:00+08:00,前门,20.0,27.0,3.0,44.0,0.5,29.0,Quotsoft/Beijing-monitoring-archive,False
2019-03-13 09:00:00+08:00,天坛,7.0,20.0,2.0,26.0,0.4,46.0,Quotsoft/Beijing-monitoring-archive,False
2019-03-13 09:00:00+08:00,永定门内,11.0,17.0,4.0,24.0,0.3,60.0,Quotsoft/Beijing-monitoring-archive,False
2019-03-13 10:00:00+08:00,前门,14.0,21.0,3.0,32.0,0.5,41.0,Quotsoft/Beijing-monitoring-archive,False
2019-03-13 10:00:00+08:00,天坛,10.0,28.0,2.0,24.0,0.5,52.0,Quotsoft/Beijing-monitoring-archive,False
2019-03-13 10:00:00+08:00,永定门内,4.0,21.0,4.0,23.0,0.3,61.0,Quotsoft/Beijing-monitoring-archive,False
2019-03-13 11:00:00+08:00,前门,17.0,,2.0,25.0,0.4,51.0,Quotsoft/Beijing-monitoring-archive,False
2019-03-13 11:00:00+08:00,天坛,11.0,21.0,2.0,15.0,0.4,63.0,Quotsoft/Beijing-monitoring-archive,False
2019-03-13 11:00:00+08:00,永定门内,13.0,16.0,4.0,16.0,0.3,72.0,Quotsoft/Beijing-monitoring-archive,False
2019-03-13 12:00:00+08:00,前门,3.0,13.0,2.0,25.0,0.4,54.0,Quotsoft/Beijing-monitoring-archive,False
2019-03-13 12:00:00+08:00,天坛,12.0,16.0,2.0,,0.3,75.0,Quotsoft/Beijing-monitoring-archive,False
2019-03-13 12:00:00+08:00,永定门内,13.0,,3.0,9.0,0.2,83.0,Quotsoft/Beijing-monitoring-archive,False
2019-03-13 13:00:00+08:00,前门,4.0,13.0,2.0,24.0,0.4,58.0,Quotsoft/Beijing-monitoring-archive,False
2019-03-13 13:00:00+08:00,天坛,8.0,15.0,2.0,,0.3,78.0,Quotsoft/Beijing-monitoring-archive,False
2019-03-13 13:00:00+08:00,永定门内,11.0,15.0,4.0,12.0,0.2,83.0,Quotsoft/Beijing-monitoring-archive,False
2019-03-13 14:00:00+08:00,前门,11.0,12.0,3.0,26.0,0.4,62.0,Quotsoft/Beijing-monitoring-archive,False
2019-03-13 14:00:00+08:00,天坛,2.0,16.0,2.0,,0.3,83.0,Quotsoft/Beijing-monitoring-archive,False
2019-03-13 14:00:00+08:00,永定门内,14.0,15.0,4.0,10.0,0.2,94.0,Quotsoft/Beijing-monitoring-archive,False
2019-03-13 15:00:00+08:00,前门,3.0,15.0,3.0,19.0,0.3,68.0,Quotsoft/Beijing-monitoring-archive,False
2019-03-13 15:00:00+08:00,天坛,5.0,19.0,3.0,11.0,0.4,86.0,Quotsoft/Beijing-monitoring-archive,False
2019-03-13 15:00:00+08:00,永定门内,19.0,20.0,4.0,8.0,0.2,103.0,Quotsoft/Beijing-monitoring-archive,False
2019-03-13 16:00:00+08:00,前门,12.0,20.0,3.0,19.0,0.4,66.0,Quotsoft/Beijing-monitoring-archive,False
2019-03-13 16:00:00+08:00,天坛,11.0,33.0,3.0,8.0,0.3,84.0,Quotsoft/Beijing-monitoring-archive,False
2019-03-13 16:00:00+08:00,永定门内,14.0,22.0,5.0,8.0,0.2,98.0,Quotsoft/Beijing-monitoring-archive,False
2019-03-13 17:00:00+08:00,前门,10.0,22.0,3.0,23.0,0.4,63.0,Quotsoft/Beijing-monitoring-archive,False
2019-03-13 17:00:00+08:00,天坛,14.0,26.0,3.0,10.0,0.3,84.0,Quotsoft/Beijing-monitoring-archive,False
2019-03-13 17:00:00+08:00,永定门内,16.0,23.0,5.0,9.0,0.2,97.0,Quotsoft/Beijing-monitoring-archive,False
2019-03-13 18:00:00+08:00,前门,12.0,29.0,3.0,28.0,0.5,59.0,Quotsoft/Beijing-monitoring-archive,False
2019-03-13 18:00:00+08:00,天坛,5.0,21.0,3.0,15.0,0.4,79.0,Quotsoft/Beijing-monitoring-archive,False
2019-03-13 18:00:00+08:00,永定门内,17.0,29.0,5.0,17.0,0.3,86.0,Quotsoft/Beijing-monitoring-archive,False
2019-03-13 19:00:00+08:00,前门,27.0,39.0,3.0,36.0,0.5,51.0,Quotsoft/Beijing-monitoring-archive,False
2019-03-13 19:00:00+08:00,天坛,12.0,33.0,3.0,21.0,0.4,70.0,Quotsoft/Beijing-monitoring-archive,False
2019-03-13 19:00:00+08:00,永定门内,13.0,39.0,5.0,24.0,0.3,79.0,Quotsoft/Beijing-monitoring-archive,False
2019-03-13 20:00:00+08:00,前门,23.0,49.0,3.0,47.0,0.5,37.0,Quotsoft/Beijing-monitoring-archive,False
2019-03-13 20:00:00+08:00,天坛,11.0,56.0,4.0,29.0,0.4,59.0,Quotsoft/Beijing-monitoring-archive,False
2019-03-13 20:00:00+08:00,永定门内,18.0,61.0,5.0,31.0,0.3,65.0,Quotsoft/Beijing-monitoring-archive,False
2019-03-13 21:00:00+08:00,前门,9.0,28.0,2.0,23.0,0.4,51.0,Quotsoft/Beijing-monitoring-archive,False
2019-03-13 21:00:00+08:00,天坛,12.0,45.0,3.0,26.0,0.4,58.0,Quotsoft/Beijing-monitoring-archive,False
2019-03-13 21:00:00+08:00,永定门内,9.0,34.0,4.0,20.0,0.3,71.0,Quotsoft/Beijing-monitoring-archive,False
2019-03-13 22:00:00+08:00,前门,13.0,29.0,3.0,36.0,0.5,33.0,Quotsoft/Beijing-monitoring-archive,False
2019-03-13 22:00:00+08:00,天坛,14.0,44.0,4.0,37.0,0.5,44.0,Quotsoft/Beijing-monitoring-archive,False
2019-03-13 22:00:00+08:00,永定门内,10.0,37.0,5.0,40.0,0.4,41.0,Quotsoft/Beijing-monitoring-archive,False
2019-03-13 23:00:00+08:00,前门,5.0,15.0,3.0,28.0,0.4,43.0,Quotsoft/Beijing-monitoring-archive,False
2019-03-13 23:00:00+08:00,天坛,6.0,26.0,4.0,27.0,0.4,56.0,Quotsoft/Beijing-monitoring-archive,False
2019-03-13 23:00:00+08:00,永定门内,7.0,16.0,5.0,28.0,0.3,57.0,Quotsoft/Beijing-monitoring-archive,False
2019-03-14 00:00:00+08:00,前门,18.0,,2.0,23.0,0.4,47.0,Quotsoft/Beijing-monitoring-archive,False
2019-03-14 00:00:00+08:00,天坛,4.0,21.0,3.0,21.0,0.4,61.0,Quotsoft/Beijing-monitoring-archive,False
2019-03-14 00:00:00+08:00,永定门内,6.0,15.0,4.0,24.0,0.3,60.0,Quotsoft/Beijing-monitoring-archive,False
2019-03-14 01:00:00+08:00,前门,8.0,,1.0,20.0,0.3,50.0,Quotsoft/Beijing-monitoring-archive,False
2019-03-14 01:00:00+08:00,天坛,2.0,17.0,2.0,13.0,0.3,70.0,Quotsoft/Beijing-monitoring-archive,False
2019-03-14 01:00:00+08:00,永定门内,3.0,9.0,3.0,21.0,0.2,64.0,Quotsoft/Beijing-monitoring-archive,False
2019-03-14 02:00:00+08:00,前门,7.0,8.0,3.0,21.0,0.3,46.0,Quotsoft/Beijing-monitoring-archive,False
2019-03-14 02:00:00+08:00,天坛,,18.0,2.0,23.0,0.3,58.0,Quotsoft/Beijing-monitoring-archive,False
2019-03-14 02:00:00+08:00,永定门内,1.0,10.0,6.0,30.0,0.2,48.0,Quotsoft/Beijing-monitoring-archive,False
2019-03-14 03:00:00+08:00,前门,14.0,,3.0,27.0,0.3,42.0,Quotsoft/Beijing-monitoring-archive,False
2019-03-14 03:00:00+08:00,天坛,10.0,27.0,2.0,21.0,0.4,53.0,Quotsoft/Beijing-monitoring-archive,False
2019-03-14 03:00:00+08:00,永定门内,5.0,9.0,7.0,31.0,0.3,51.0,Quotsoft/Beijing-monitoring-archive,False
2019-03-14 04:00:00+08:00,前门,12.0,,3.0,35.0,0.3,,Quotsoft/Beijing-monitoring-archive,False
2019-03-14 04:00:00+08:00,天坛,4.0,26.0,2.0,20.0,0.4,36.0,Quotsoft/Beijing-monitoring-archive,False
2019-03-14 04:00:00+08:00,永定门内,4.0,15.0,7.0,43.0,0.3,,Quotsoft/Beijing-monitoring-archive,False
2019-03-14 05:00:00+08:00,前门,15.0,16.0,3.0,52.0,0.4,17.0,Quotsoft/Beijing-monitoring-archive,False
2019-03-14 05:00:00+08:00,天坛,1.0,13.0,1.0,23.0,0.3,27.0,Quotsoft/Beijing-monitoring-archive,False
2019-03-14 05:00:00+08:00,永定门内,4.0,18.0,6.0,44.0,0.3,18.0,Quotsoft/Beijing-monitoring-archive,False
2019-03-14 06:00:00+08:00,前门,25.0,45.0,6.0,91.0,0.6,4.0,Quotsoft/Beijing-monitoring-archive,False
2019-03-14 06:00:00+08:00,天坛,2.0,16.0,1.0,23.0,0.4,20.0,Quotsoft/Beijing-monitoring-archive,False
2019-03-14 06:00:00+08:00,永定门内,10.0,33.0,7.0,64.0,0.6,2.0,Quotsoft/Beijing-monitoring-archive,False
2019-03-14 07:00:00+08:00,前门,28.0,64.0,10.0,92.0,1.2,2.0,Quotsoft/Beijing-monitoring-archive,False
2019-03-14 07:00:00+08:00,天坛,8.0,35.0,1.0,28.0,0.5,20.0,Quotsoft/Beijing-monitoring-archive,False
2019-03-14 07:00:00+08:00,永定门内,13.0,82.0,8.0,65.0,1.2,1.0,Quotsoft/Beijing-monitoring-archive,False
2019-03-14 08:00:00+08:00,前门,19.0,46.0,6.0,83.0,0.9,5.0,Quotsoft/Beijing-monitoring-archive,False
2019-03-14 08:00:00+08:00,天坛,21.0,113.0,1.0,54.0,0.9,10.0,Quotsoft/Beijing-monitoring-archive,False
2019-03-14 08:00:00+08:00,永定门内,21.0,76.0,9.0,72.0,1.4,3.0,Quotsoft/Beijing-monitoring-archive,False
2019-03-14 09:00:00+08:00,前门,18.0,37.0,5.0,65.0,0.8,16.0,Quotsoft/Beijing-monitoring-archive,False
2019-03-14 09:00:00+08:00,天坛,9.0,43.0,4.0,62.0,0.8,24.0,Quotsoft/Beijing-monitoring-archive,False
2019-03-14 09:00:00+08:00,永定门内,15.0,31.0,9.0,62.0,0.8,24.0,Quotsoft/Beijing-monitoring-archive,False
2019-03-14 10:00:00+08:00,前门,3.0,21.0,4.0,39.0,0.5,42.0,Quotsoft/Beijing-monitoring-archive,False
2019-03-14 10:00:00+08:00,天坛,8.0,49.0,4.0,30.0,0.5,56.0,Quotsoft/Beijing-monitoring-archive,False
2019-03-14 10:00:00+08:00,永定门内,5.0,15.0,7.0,24.0,0.4,73.0,Quotsoft/Beijing-monitoring-archive,False
2019-03-14 11:00:00+08:00,前门,7.0,11.0,3.0,31.0,0.5,51.0,Quotsoft/Beijing-monitoring-archive,False
2019-03-14 11:00:00+08:00,天坛,9.0,26.0,3.0,25.0,0.4,62.0,Quotsoft/Beijing-monitoring-archive,False
2019-03-14 11:00:00+08:00,永定门内,12.0,,7.0,15.0,0.3,82.0,Quotsoft/Beijing-monitoring-archive,False
2019-03-14 12:00:00+08:00,前门,3.0,6.0,3.0,30.0,0.4,56.0,Quotsoft/Beijing-monitoring-archive,False
2019-03-14 12:00:00+08:00,天坛,3.0,15.0,2.0,19.0,0.4,70.0,Quotsoft/Beijing-monitoring-archive,False
2019-03-14 12:00:00+08:00,永定门内,7.0,9.0,8.0,18.0,0.3,82.0,Quotsoft/Beijing-monitoring-archive,False
2019-03-14 13:00:00+08:00,前门,11.0,,3.0,26.0,0.4,58.0,Quotsoft/Beijing-monitoring-archive,False
2019-03-14 13:00:00+08:00,天坛,2.0,16.0,3.0,17.0,0.4,73.0,Quotsoft/Beijing-monitoring-archive,False
2019-03-14 13:00:00+08:00,永定门内,10.0,,7.0,12.0,0.3,88.0,Quotsoft/Beijing-monitoring-archive,False
2019-03-14 14:00:00+08:00,前门,8.0,16.0,3.0,21.0,0.3,63.0,Quotsoft/Beijing-monitoring-archive,False
2019-03-14 14:00:00+08:00,天坛,2.0,24.0,2.0,17.0,0.4,75.0,Quotsoft/Beijing-monitoring-archive,False
2019-03-14 14:00:00+08:00,永定门内,16.0,,7.0,10.0,0.2,94.0,Quotsoft/Beijing-monitoring-archive,False
2019-03-14 15:00:00+08:00,前门,7.0,19.0,3.0,18.0,0.3,69.0,Quotsoft/Beijing-monitoring-archive,False
2019-03-14 15:00:00+08:00,天坛,2.0,60.0,2.0,13.0,0.3,82.0,Quotsoft/Beijing-monitoring-archive,False
2019-03-14 15:00:00+08:00,永定门内,12.0,18.0,6.0,4.0,0.2,106.0,Quotsoft/Beijing-monitoring-archive,False
2019-03-14 16:00:00+08:00,前门,8.0,20.0,3.0,17.0,0.3,68.0,Quotsoft/Beijing-monitoring-archive,False
2019-03-14 16:00:00+08:00,天坛,4.0,28.0,,,,76.0,Quotsoft/Beijing-monitoring-archive,False
2019-03-14 16:00:00+08:00,永定门内,19.0,22.0,7.0,6.0,0.2,101.0,Quotsoft/Beijing-monitoring-archive,False
2019-03-14 17:00:00+08:00,前门,10.0,26.0,3.0,17.0,0.3,66.0,Quotsoft/Beijing-monitoring-archive,False
2019-03-14 17:00:00+08:00,天坛,4.0,43.0,2.0,11.0,0.3,,Quotsoft/Beijing-monitoring-archive,False
2019-03-14 17:00:00+08:00,永定门内,14.0,25.0,6.0,7.0,0.2,98.0,Quotsoft/Beijing-monitoring-archive,False
2019-03-14 18:00:00+08:00,前门,5.0,26.0,2.0,14.0,0.3,69.0,Quotsoft/Beijing-monitoring-archive,False
2019-03-14 18:00:00+08:00,天坛,2.0,43.0,1.0,12.0,0.3,78.0,Quotsoft/Beijing-monitoring-archive,False
2019-03-14 18:00:00+08:00,永定门内,12.0,30.0,7.0,7.0,0.2,98.0,Quotsoft/Beijing-monitoring-archive,False
2019-03-14 19:00:00+08:00,前门,9.0,25.0,2.0,16.0,0.3,65.0,Quotsoft/Beijing-monitoring-archive,False
2019-03-14 19:00:00+08:00,天坛,1.0,38.0,1.0,17.0,0.3,72.0,Quotsoft/Beijing-monitoring-archive,False
2019-03-14 19:00:00+08:00,永定门内,9.0,28.0,7.0,13.0,0.2,88.0,Quotsoft/Beijing-monitoring-archive,False
2019-03-14 20:00:00+08:00,前门,21.0,34.0,2.0,21.0,0.3,57.0,Quotsoft/Beijing-monitoring-archive,False
2019-03-14 20:00:00+08:00,天坛,6.0,42.0,2.0,19.0,0.3,67.0,Quotsoft/Beijing-monitoring-archive,False
2019-03-14 20:00:00+08:00,永定门内,6.0,38.0,6.0,12.0,0.3,87.0,Quotsoft/Beijing-monitoring-archive,False
2019-03-14 21:00:00+08:00,前门,17.0,36.0,2.0,13.0,0.3,63.0,Quotsoft/Beijing-monitoring-archive,False
2019-03-14 21:00:00+08:00,天坛,4.0,61.0,2.0,14.0,0.3,70.0,Quotsoft/Beijing-monitoring-archive,False
2019-03-14 21:00:00+08:00,永定门内,5.0,54.0,7.0,8.0,0.2,91.0,Quotsoft/Beijing-monitoring-archive,False
2019-03-14 22:00:00+08:00,前门,14.0,64.0,2.0,14.0,0.3,59.0,Quotsoft/Beijing-monitoring-archive,False
2019-03-14 22:00:00+08:00,天坛,2.0,80.0,2.0,17.0,0.3,66.0,Quotsoft/Beijing-monitoring-archive,False
2019-03-14 22:00:00+08:00,永定门内,7.0,81.0,7.0,9.0,0.2,88.0,Quotsoft/Beijing-monitoring-archive,False
2019-03-14 23:00:00+08:00,前门,2.0,81.0,2.0,18.0,0.3,52.0,Quotsoft/Beijing-monitoring-archive,False
2019-03-14 23:00:00+08:00,天坛,12.0,134.0,2.0,22.0,0.3,58.0,Quotsoft/Beijing-monitoring-archive,False
2019-03-14 23:00:00+08:00,永定门内,7.0,116.0,7.0,17.0,0.3,75.0,Quotsoft/Beijing-monitoring-archive,False
2019-03-15 00:00:00+08:00,前门,17.0,81.0,2.0,13.0,0.3,58.0,Quotsoft/Beijing-monitoring-archive,False
2019-03-15 00:00:00+08:00,天坛,7.0,140.0,1.0,15.0,0.3,67.0,Quotsoft/Beijing-monitoring-archive,False
2019-03-15 00:00:00+08:00,永定门内,8.0,112.0,6.0,12.0,0.2,82.0,Quotsoft/Beijing-monitoring-archive,False
2019-03-15 01:00:00+08:00,前门,19.0,50.0,2.0,13.0,0.3,57.0,Quotsoft/Beijing-monitoring-archive,False
2019-03-15 01:00:00+08:00,天坛,13.0,91.0,1.0,19.0,0.3,62.0,Quotsoft/Beijing-monitoring-archive,False
2019-03-15 01:00:00+08:00,永定门内,8.0,65.0,6.0,11.0,0.2,82.0,Quotsoft/Beijing-monitoring-archive,False
2019-03-15 02:00:00+08:00,前门,9.0,40.0,2.0,19.0,0.3,49.0,Quotsoft/Beijing-monitoring-archive,False
2019-03-15 02:00:00+08:00,天坛,7.0,61.0,2.0,26.0,0.3,54.0,Quotsoft/Beijing-monitoring-archive,False
2019-03-15 02:00:00+08:00,永定门内,5.0,50.0,6.0,46.0,0.3,37.0,Quotsoft/Beijing-monitoring-archive,False
2019-03-15 03:00:00+08:00,前门,16.0,29.0,2.0,13.0,0.2,57.0,Quotsoft/Beijing-monitoring-archive,False
2019-03-15 03:00:00+08:00,天坛,8.0,49.0,2.0,14.0,0.2,69.0,Quotsoft/Beijing-monitoring-archive,False
2019-03-15 03:00:00+08:00,永定门内,3.0,31.0,6.0,17.0,0.2,76.0,Quotsoft/Beijing-monitoring-archive,False
2019-03-15 04:00:00+08:00,前门,13.0,25.0,2.0,10.0,0.2,63.0,Quotsoft/Beijing-monitoring-archive,False
2019-03-15 04:00:00+08:00,天坛,2.0,41.0,2.0,10.0,0.2,74.0,Quotsoft/Beijing-monitoring-archive,False
2019-03-15 04:00:00+08:00,永定门内,6.0,29.0,7.0,7.0,0.2,89.0,Quotsoft/Beijing-monitoring-archive,False
2019-03-15 05:00:00+08:00,前门,9.0,26.0,2.0,9.0,0.3,65.0,Quotsoft/Beijing-monitoring-archive,False
2019-03-15 05:00:00+08:00,天坛,2.0,38.0,2.0,8.0,0.2,77.0,Quotsoft/Beijing-monitoring-archive,False
2019-03-15 05:00:00+08:00,永定门内,3.0,27.0,6.0,6.0,0.2,92.0,Quotsoft/Beijing-monitoring-archive,False
2019-03-15 06:00:00+08:00,前门,13.0,48.0,2.0,14.0,0.3,64.0,Quotsoft/Beijing-monitoring-archive,False
2019-03-15 06:00:00+08:00,天坛,2.0,64.0,1.0,7.0,0.2,80.0,Quotsoft/Beijing-monitoring-archive,False
2019-03-15 06:00:00+08:00,永定门内,5.0,55.0,6.0,7.0,0.2,95.0,Quotsoft/Beijing-monitoring-archive,False
2019-03-15 07:00:00+08:00,前门,13.0,51.0,1.0,14.0,0.2,63.0,Quotsoft/Beijing-monitoring-archive,False
2019-03-15 07:00:00+08:00,天坛,4.0,61.0,1.0,11.0,0.2,76.0,Quotsoft/Beijing-monitoring-archive,False
2019-03-15 07:00:00+08:00,永定门内,4.0,63.0,6.0,8.0,0.2,91.0,Quotsoft/Beijing-monitoring-archive,False
2019-03-15 08:00:00+08:00,前门,13.0,23.0,1.0,15.0,0.3,61.0,Quotsoft/Beijing-monitoring-archive,False
2019-03-15 08:00:00+08:00,天坛,5.0,44.0,1.0,14.0,0.3,71.0,Quotsoft/Beijing-monitoring-archive,False
2019-03-15 08:00:00+08:00,永定门内,4.0,26.0,6.0,13.0,0.3,83.0,Quotsoft/Beijing-monitoring-archive,False
2019-03-15 09:00:00+08:00,前门,7.0,21.0,1.0,12.0,0.3,63.0,Quotsoft/Beijing-monitoring-archive,False
2019-03-15 09:00:00+08:00,天坛,9.0,29.0,1.0,11.0,0.3,74.0,Quotsoft/Beijing-monitoring-archive,False
2019-03-15 09:00:00+08:00,永定门内,2.0,27.0,5.0,13.0,0.3,83.0,Quotsoft/Beijing-monitoring-archive,False
2019-03-15 10:00:00+08:00,前门,18.0,,1.0,13.0,0.3,62.0,Quotsoft/Beijing-monitoring-archive,False
2019-03-15 10:00:00+08:00,天坛,2.0,24.0,1.0,15.0,0.3,72.0,Quotsoft/Beijing-monitoring-archive,False
2019-03-15 10:00:00+08:00,永定门内,8.0,21.0,5.0,11.0,0.3,88.0,Quotsoft/Beijing-monitoring-archive,False
2019-03-15 11:00:00+08:00,前门,18.0,,1.0,12.0,0.4,64.0,Quotsoft/Beijing-monitoring-archive,False
2019-03-15 11:00:00+08:00,天坛,8.0,24.0,1.0,15.0,0.3,73.0,Quotsoft/Beijing-monitoring-archive,False
2019-03-15 11:00:00+08:00,永定门内,7.0,17.0,5.0,14.0,0.3,86.0,Quotsoft/Beijing-monitoring-archive,False
2019-03-15 12:00:00+08:00,前门,3.0,15.0,1.0,13.0,0.3,64.0,Quotsoft/Beijing-monitoring-archive,False
2019-03-15 12:00:00+08:00,天坛,6.0,22.0,1.0,16.0,0.3,75.0,Quotsoft/Beijing-monitoring-archive,False
2019-03-15 12:00:00+08:00,永定门内,17.0,,6.0,12.0,0.3,90.0,Quotsoft/Beijing-monitoring-archive,False
2019-03-15 13:00:00+08:00,前门,9.0,13.0,2.0,16.0,0.3,62.0,Quotsoft/Beijing-monitoring-archive,False
2019-03-15 13:00:00+08:00,天坛,5.0,28.0,1.0,17.0,0.3,74.0,Quotsoft/Beijing-monitoring-archive,False
2019-03-15 13:00:00+08:00,永定门内,17.0,,7.0,15.0,0.3,85.0,Quotsoft/Beijing-monitoring-archive,False
2019-03-15 14:00:00+08:00,前门,21.0,,2.0,23.0,0.3,59.0,Quotsoft/Beijing-monitoring-archive,False
2019-03-15 14:00:00+08:00,天坛,8.0,20.0,1.0,15.0,0.3,77.0,Quotsoft/Beijing-monitoring-archive,False
2019-03-15 14:00:00+08:00,永定门内,16.0,18.0,6.0,15.0,0.3,83.0,Quotsoft/Beijing-monitoring-archive,False
2019-03-15 15:00:00+08:00,前门,19.0,25.0,2.0,25.0,0.3,60.0,Quotsoft/Beijing-monitoring-archive,False
2019-03-15 15:00:00+08:00,天坛,12.0,25.0,1.0,17.0,0.3,76.0,Quotsoft/Beijing-monitoring-archive,False
2019-03-15 15:00:00+08:00,永定门内,,26.0,7.0,21.0,0.3,82.0,Quotsoft/Beijing-monitoring-archive,False
2019-03-15 16:00:00+08:00,前门,7.0,28.0,2.0,22.0,0.3,63.0,Quotsoft/Beijing-monitoring-archive,False
2019-03-15 16:00:00+08:00,天坛,3.0,34.0,2.0,17.0,0.3,76.0,Quotsoft/Beijing-monitoring-archive,False
2019-03-15 16:00:00+08:00,永定门内,,,7.0,22.0,0.3,80.0,Quotsoft/Beijing-monitoring-archive,False
2019-03-15 17:00:00+08:00,前门,21.0,42.0,3.0,23.0,0.3,67.0,Quotsoft/Beijing-monitoring-archive,False
2019-03-15 17:00:00+08:00,天坛,11.0,46.0,2.0,16.0,0.3,79.0,Quotsoft/Beijing-monitoring-archive,False
2019-03-15 17:00:00+08:00,永定门内,10.0,,8.0,23.0,0.3,84.0,Quotsoft/Beijing-monitoring-archive,False
2019-03-15 18:00:00+08:00,前门,23.0,56.0,3.0,20.0,0.3,74.0,Quotsoft/Beijing-monitoring-archive,False
2019-03-15 18:00:00+08:00,天坛,13.0,57.0,2.0,16.0,0.3,79.0,Quotsoft/Beijing-monitoring-archive,False
2019-03-15 18:00:00+08:00,永定门内,18.0,38.0,7.0,23.0,0.3,86.0,Quotsoft/Beijing-monitoring-archive,False
2019-03-15 19:00:00+08:00,前门,26.0,53.0,3.0,25.0,0.3,63.0,Quotsoft/Beijing-monitoring-archive,False
2019-03-15 19:00:00+08:00,天坛,7.0,62.0,3.0,17.0,0.3,80.0,Quotsoft/Beijing-monitoring-archive,False
2019-03-15 19:00:00+08:00,永定门内,16.0,43.0,8.0,21.0,0.3,88.0,Quotsoft/Beijing-monitoring-archive,False
2019-03-15 20:00:00+08:00,前门,31.0,54.0,3.0,29.0,0.4,56.0,Quotsoft/Beijing-monitoring-archive,False
2019-03-15 20:00:00+08:00,天坛,21.0,59.0,2.0,28.0,0.4,67.0,Quotsoft/Beijing-monitoring-archive,False
2019-03-15 20:00:00+08:00,永定门内,23.0,50.0,9.0,33.0,0.4,72.0,Quotsoft/Beijing-monitoring-archive,False
2019-03-15 21:00:00+08:00,前门,42.0,62.0,4.0,40.0,0.4,39.0,Quotsoft/Beijing-monitoring-archive,False
2019-03-15 21:00:00+08:00,天坛,17.0,71.0,2.0,40.0,0.4,49.0,Quotsoft/Beijing-monitoring-archive,False
2019-03-15 21:00:00+08:00,永定门内,27.0,80.0,8.0,47.0,0.4,45.0,Quotsoft/Beijing-monitoring-archive,False
2019-03-15 22:00:00+08:00,前门,32.0,62.0,4.0,41.0,0.4,31.0,Quotsoft/Beijing-monitoring-archive,False
2019-03-15 22:00:00+08:00,天坛,23.0,73.0,3.0,41.0,0.5,40.0,Quotsoft/Beijing-monitoring-archive,False
2019-03-15 22:00:00+08:00,永定门内,25.0,78.0,10.0,46.0,0.4,39.0,Quotsoft/Beijing-monitoring-archive,False
2019-03-15 23:00:00+08:00,前门,28.0,65.0,6.0,38.0,0.4,30.0,Quotsoft/Beijing-monitoring-archive,False
2019-03-15 23:00:00+08:00,天坛,26.0,83.0,5.0,40.0,0.5,37.0,Quotsoft/Beijing-monitoring-archive,False
2019-03-15 23:00:00+08:00,永定门内,27.0,79.0,13.0,42.0,0.4,38.0,Quotsoft/Beijing-monitoring-archive,False
2019-03-16 00:00:00+08:00,前门,38.0,62.0,6.0,43.0,0.5,23.0,Quotsoft/Beijing-monitoring-archive,False
2019-03-16 00:00:00+08:00,天坛,21.0,74.0,4.0,44.0,0.5,31.0,Quotsoft/Beijing-monitoring-archive,False
2019-03-16 00:00:00+08:00,永定门内,31.0,74.0,13.0,48.0,0.5,27.0,Quotsoft/Beijing-monitoring-archive,False
2019-03-16 01:00:00+08:00,前门,29.0,65.0,6.0,47.0,0.5,19.0,Quotsoft/Beijing-monitoring-archive,False
2019-03-16 01:00:00+08:00,天坛,27.0,79.0,2.0,48.0,0.5,23.0,Quotsoft/Beijing-monitoring-archive,False
2019-03-16 01:00:00+08:00,永定门内,35.0,73.0,13.0,49.0,0.5,23.0,Quotsoft/Beijing-monitoring-archive,False
2019-03-16 02:00:00+08:00,前门,37.0,68.0,5.0,57.0,0.6,10.0,Quotsoft/Beijing-monitoring-archive,False
2019-03-16 02:00:00+08:00,天坛,34.0,80.0,2.0,62.0,0.6,8.0,Quotsoft/Beijing-monitoring-archive,False
2019-03-16 02:00:00+08:00,永定门内,36.0,73.0,6.0,53.0,0.5,10.0,Quotsoft/Beijing-monitoring-archive,False
2019-03-16 03:00:00+08:00,前门,36.0,64.0,5.0,66.0,0.6,3.0,Quotsoft/Beijing-monitoring-archive,False
2019-03-16 03:00:00+08:00,天坛,37.0,65.0,1.0,58.0,0.6,5.0,Quotsoft/Beijing-monitoring-archive,False
2019-03-16 03:00:00+08:00,永定门内,33.0,67.0,6.0,64.0,0.5,1.0,Quotsoft/Beijing-monitoring-archive,False
2019-03-16 04:00:00+08:00,前门,36.0,63.0,5.0,68.0,0.6,,Quotsoft/Beijing-monitoring-archive,False
2019-03-16 04:00:00+08:00,天坛,33.0,57.0,2.0,61.0,0.6,3.0,Quotsoft/Beijing-monitoring-archive,False
2019-03-16 04:00:00+08:00,永定门内,32.0,64.0,5.0,63.0,0.5,,Quotsoft/Beijing-monitoring-archive,False
2019-03-16 05:00:00+08:00,前门,34.0,61.0,5.0,67.0,0.7,1.0,Quotsoft/Beijing-monitoring-archive,False
2019-03-16 05:00:00+08:00,天坛,31.0,56.0,1.0,61.0,0.7,3.0,Quotsoft/Beijing-monitoring-archive,False
2019-03-16 05:00:00+08:00,永定门内,35.0,59.0,6.0,64.0,0.7,,Quotsoft/Beijing-monitoring-archive,False
2019-03-16 06:00:00+08:00,前门,33.0,61.0,5.0,69.0,0.9,2.0,Quotsoft/Beijing-monitoring-archive,False
2019-03-16 06:00:00+08:00,天坛,29.0,53.0,1.0,61.0,0.7,3.0,Quotsoft/Beijing-monitoring-archive,False
2019-03-16 06:00:00+08:00,永定门内,29.0,67.0,3.0,71.0,0.8,,Quotsoft/Beijing-monitoring-archive,False
2019-03-16 07:00:00+08:00,前门,26.0,58.0,5.0,66.0,1.1,3.0,Quotsoft/Beijing-monitoring-archive,False
2019-03-16 07:00:00+08:00,天坛,33.0,115.0,2.0,59.0,0.9,4.0,Quotsoft/Beijing-monitoring-archive,False
2019-03-16 07:00:00+08:00,永定门内,34.0,89.0,4.0,70.0,1.0,,Quotsoft/Beijing-monitoring-archive,False
2019-03-16 08:00:00+08:00,前门,33.0,55.0,6.0,63.0,0.9,9.0,Quotsoft/Beijing-monitoring-archive,False
2019-03-16 08:00:00+08:00,天坛,46.0,157.0,4.0,63.0,0.9,10.0,Quotsoft/Beijing-monitoring-archive,False
2019-03-16 08:00:00+08:00,永定门内,34.0,74.0,7.0,64.0,1.0,,Quotsoft/Beijing-monitoring-archive,False
2019-03-16 09:00:00+08:00,前门,33.0,57.0,8.0,63.0,1.0,11.0,Quotsoft/Beijing-monitoring-archive,False
2019-03-16 09:00:00+08:00,天坛,43.0,70.0,8.0,61.0,0.9,20.0,Quotsoft/Beijing-monitoring-archive,False
2019-03-16 09:00:00+08:00,永定门内,37.0,62.0,9.0,62.0,0.9,2.0,Quotsoft/Beijing-monitoring-archive,False
2019-03-16 10:00:00+08:00,前门,36.0,59.0,10.0,59.0,1.0,18.0,Quotsoft/Beijing-monitoring-archive,False
2019-03-16 10:00:00+08:00,天坛,38.0,82.0,10.0,66.0,1.0,22.0,Quotsoft/Beijing-monitoring-archive,False
2019-03-16 10:00:00+08:00,永定门内,43.0,69.0,12.0,61.0,0.9,6.0,Quotsoft/Beijing-monitoring-archive,False
2019-03-16 11:00:00+08:00,前门,51.0,66.0,10.0,65.0,1.0,19.0,Quotsoft/Beijing-monitoring-archive,False
2019-03-16 11:00:00+08:00,天坛,48.0,81.0,10.0,64.0,1.0,28.0,Quotsoft/Beijing-monitoring-archive,False
2019-03-16 11:00:00+08:00,永定门内,50.0,67.0,11.0,64.0,0.9,11.0,Quotsoft/Beijing-monitoring-archive,False
2019-03-16 12:00:00+08:00,前门,46.0,54.0,9.0,58.0,0.9,27.0,Quotsoft/Beijing-monitoring-archive,False
2019-03-16 12:00:00+08:00,天坛,50.0,75.0,9.0,55.0,0.9,38.0,Quotsoft/Beijing-monitoring-archive,False
2019-03-16 12:00:00+08:00,永定门内,48.0,62.0,11.0,55.0,0.8,23.0,Quotsoft/Beijing-monitoring-archive,False
2019-03-16 13:00:00+08:00,前门,36.0,54.0,8.0,54.0,0.8,34.0,Quotsoft/Beijing-monitoring-archive,False
2019-03-16 13:00:00+08:00,天坛,39.0,73.0,7.0,49.0,0.8,47.0,Quotsoft/Beijing-monitoring-archive,False
2019-03-16 13:00:00+08:00,永定门内,44.0,56.0,9.0,42.0,0.6,39.0,Quotsoft/Beijing-monitoring-archive,False
2019-03-16 14:00:00+08:00,前门,23.0,40.0,6.0,38.0,0.6,51.0,Quotsoft/Beijing-monitoring-archive,False
2019-03-16 14:00:00+08:00,天坛,22.0,59.0,5.0,30.0,0.6,68.0,Quotsoft/Beijing-monitoring-archive,False
2019-03-16 14:00:00+08:00,永定门内,33.0,52.0,8.0,35.0,0.5,52.0,Quotsoft/Beijing-monitoring-archive,False
2019-03-16 15:00:00+08:00,前门,15.0,38.0,4.0,30.0,0.5,59.0,Quotsoft/Beijing-monitoring-archive,False
2019-03-16 15:00:00+08:00,天坛,20.0,60.0,4.0,24.0,0.5,75.0,Quotsoft/Beijing-monitoring-archive,False
2019-03-16 15:00:00+08:00,永定门内,21.0,54.0,6.0,20.0,0.4,74.0,Quotsoft/Beijing-monitoring-archive,False
2019-03-16 16:00:00+08:00,前门,7.0,37.0,3.0,21.0,0.4,65.0,Quotsoft/Beijing-monitoring-archive,False
2019-03-16 16:00:00+08:00,天坛,12.0,62.0,2.0,20.0,0.4,76.0,Quotsoft/Beijing-monitoring-archive,False
2019-03-16 16:00:00+08:00,永定门内,19.0,58.0,4.0,15.0,0.3,79.0,Quotsoft/Beijing-monitoring-archive,False
2019-03-16 17:00:00+08:00,前门,10.0,25.0,2.0,18.0,0.4,65.0,Quotsoft/Beijing-monitoring-archive,False
2019-03-16 17:00:00+08:00,天坛,12.0,47.0,2.0,13.0,0.3,80.0,Quotsoft/Beijing-monitoring-archive,False
2019-03-16 17:00:00+08:00,永定门内,11.0,82.0,3.0,11.0,0.4,79.0,Quotsoft/Beijing-monitoring-archive,False
2019-03-16 18:00:00+08:00,前门,2.0,22.0,2.0,18.0,0.3,61.0,Quotsoft/Beijing-monitoring-archive,False
2019-03-16 18:00:00+08:00,天坛,2.0,32.0,2.0,15.0,0.3,76.0,Quotsoft/Beijing-monitoring-archive,False
2019-03-16 18:00:00+08:00,永定门内,14.0,32.0,3.0,20.0,0.2,67.0,Quotsoft/Beijing-monitoring-archive,False
2019-03-16 19:00:00+08:00,前门,12.0,23.0,2.0,20.0,0.3,56.0,Quotsoft/Beijing-monitoring-archive,False
2019-03-16 19:00:00+08:00,天坛,7.0,29.0,2.0,20.0,0.4,69.0,Quotsoft/Beijing-monitoring-archive,False
2019-03-16 19:00:00+08:00,永定门内,16.0,29.0,3.0,26.0,0.3,55.0,Quotsoft/Beijing-monitoring-archive,False
2019-03-16 20:00:00+08:00,前门,11.0,24.0,2.0,27.0,0.4,46.0,Quotsoft/Beijing-monitoring-archive,False
2019-03-16 20:00:00+08:00,天坛,12.0,34.0,2.0,27.0,0.4,59.0,Quotsoft/Beijing-monitoring-archive,False
2019-03-16 20:00:00+08:00,永定门内,14.0,27.0,3.0,46.0,0.4,26.0,Quotsoft/Beijing-monitoring-archive,False
2019-03-16 21:00:00+08:00,前门,13.0,27.0,2.0,30.0,0.4,42.0,Quotsoft/Beijing-monitoring-archive,False
2019-03-16 21:00:00+08:00,天坛,6.0,35.0,2.0,34.0,0.4,49.0,Quotsoft/Beijing-monitoring-archive,False
2019-03-16 21:00:00+08:00,永定门内,15.0,31.0,3.0,38.0,0.4,36.0,Quotsoft/Beijing-monitoring-archive,False
2019-03-16 22:00:00+08:00,前门,8.0,21.0,2.0,24.0,0.4,50.0,Quotsoft/Beijing-monitoring-archive,False
2019-03-16 22:00:00+08:00,天坛,8.0,39.0,2.0,40.0,0.4,46.0,Quotsoft/Beijing-monitoring-archive,False
2019-03-16 22:00:00+08:00,永定门内,11.0,28.0,2.0,35.0,0.3,40.0,Quotsoft/Beijing-monitoring-archive,False
2019-03-16 23:00:00+08:00,前门,10.0,17.0,2.0,23.0,0.3,49.0,Quotsoft/Beijing-monitoring-archive,False
2019-03-16 23:00:00+08:00,天坛,7.0,54.0,2.0,33.0,0.3,43.0,Quotsoft/Beijing-monitoring-archive,False
2019-03-16 23:00:00+08:00,永定门内,10.0,31.0,3.0,54.0,0.3,11.0,Quotsoft/Beijing-monitoring-archive,False
2019-03-17 00:00:00+08:00,前门,17.0,22.0,2.0,46.0,0.4,27.0,Quotsoft/Beijing-monitoring-archive,False
2019-03-17 00:00:00+08:00,天坛,10.0,50.0,3.0,31.0,0.4,29.0,Quotsoft/Beijing-monitoring-archive,False
2019-03-17 00:00:00+08:00,永定门内,12.0,26.0,4.0,46.0,0.3,14.0,Quotsoft/Beijing-monitoring-archive,False
2019-03-17 01:00:00+08:00,前门,16.0,28.0,3.0,63.0,0.5,10.0,Quotsoft/Beijing-monitoring-archive,False
2019-03-17 01:00:00+08:00,天坛,3.0,48.0,1.0,36.0,0.4,19.0,Quotsoft/Beijing-monitoring-archive,False
2019-03-17 01:00:00+08:00,永定门内,12.0,37.0,4.0,70.0,0.4,,Quotsoft/Beijing-monitoring-archive,False
2019-03-17 02:00:00+08:00,前门,14.0,33.0,3.0,67.0,0.5,2.0,Quotsoft/Beijing-monitoring-archive,False
2019-03-17 02:00:00+08:00,天坛,19.0,41.0,1.0,51.0,0.4,10.0,Quotsoft/Beijing-monitoring-archive,False
2019-03-17 02:00:00+08:00,永定门内,13.0,36.0,4.0,72.0,0.4,,Quotsoft/Beijing-monitoring-archive,False
2019-03-17 03:00:00+08:00,前门,11.0,36.0,4.0,67.0,0.5,1.0,Quotsoft/Beijing-monitoring-archive,False
2019-03-17 03:00:00+08:00,天坛,13.0,51.0,1.0,59.0,0.5,4.0,Quotsoft/Beijing-monitoring-archive,False
2019-03-17 03:00:00+08:00,永定门内,14.0,48.0,3.0,67.0,0.5,,Quotsoft/Beijing-monitoring-archive,False
2019-03-17 04:00:00+08:00,前门,14.0,39.0,4.0,74.0,0.5,1.0,Quotsoft/Beijing-monitoring-archive,False
2019-03-17 04:00:00+08:00,天坛,14.0,42.0,2.0,68.0,0.5,3.0,Quotsoft/Beijing-monitoring-archive,False
2019-03-17 04:00:00+08:00,永定门内,19.0,55.0,4.0,75.0,0.5,,Quotsoft/Beijing-monitoring-archive,False
2019-03-17 05:00:00+08:00,前门,23.0,50.0,5.0,74.0,0.6,1.0,Quotsoft/Beijing-monitoring-archive,False
2019-03-17 05:00:00+08:00,天坛,18.0,42.0,2.0,67.0,0.5,3.0,Quotsoft/Beijing-monitoring-archive,False
2019-03-17 05:00:00+08:00,永定门内,14.0,48.0,3.0,59.0,0.5,,Quotsoft/Beijing-monitoring-archive,False
2019-03-17 06:00:00+08:00,前门,27.0,85.0,11.0,82.0,0.8,1.0,Quotsoft/Beijing-monitoring-archive,False
2019-03-17 06:00:00+08:00,天坛,23.0,101.0,3.0,65.0,0.6,3.0,Quotsoft/Beijing-monitoring-archive,False
2019-03-17 06:00:00+08:00,永定门内,22.0,77.0,4.0,64.0,0.6,,Quotsoft/Beijing-monitoring-archive,False
2019-03-17 07:00:00+08:00,前门,53.0,111.0,9.0,79.0,1.0,1.0,Quotsoft/Beijing-monitoring-archive,False
2019-03-17 07:00:00+08:00,天坛,46.0,165.0,2.0,65.0,1.0,4.0,Quotsoft/Beijing-monitoring-archive,False
2019-03-17 07:00:00+08:00,永定门内,55.0,126.0,5.0,73.0,1.1,,Quotsoft/Beijing-monitoring-archive,False
2019-03-17 08:00:00+08:00,前门,71.0,107.0,7.0,71.0,1.2,3.0,Quotsoft/Beijing-monitoring-archive,False
2019-03-17 08:00:00+08:00,天坛,70.0,197.0,2.0,65.0,1.2,6.0,Quotsoft/Beijing-monitoring-archive,False
2019-03-17 08:00:00+08:00,永定门内,78.0,131.0,7.0,73.0,1.3,,Quotsoft/Beijing-monitoring-archive,False
2019-03-17 09:00:00+08:00,前门,75.0,111.0,11.0,75.0,1.4,5.0,Quotsoft/Beijing-monitoring-archive,False
2019-03-17 09:00:00+08:00,天坛,80.0,134.0,9.0,75.0,1.5,13.0,Quotsoft/Beijing-monitoring-archive,False
2019-03-17 09:00:00+08:00,永定门内,78.0,124.0,13.0,72.0,1.4,2.0,Quotsoft/Beijing-monitoring-archive,False
2019-03-17 10:00:00+08:00,前门,78.0,106.0,14.0,84.0,1.4,7.0,Quotsoft/Beijing-monitoring-archive,False
2019-03-17 10:00:00+08:00,天坛,100.0,178.0,14.0,76.0,1.5,22.0,Quotsoft/Beijing-monitoring-archive,False
2019-03-17 10:00:00+08:00,永定门内,83.0,114.0,18.0,73.0,1.4,3.0,Quotsoft/Beijing-monitoring-archive,False
2019-03-17 11:00:00+08:00,前门,76.0,93.0,16.0,73.0,1.4,18.0,Quotsoft/Beijing-monitoring-archive,False
2019-03-17 11:00:00+08:00,天坛,73.0,170.0,13.0,70.0,1.4,32.0,Quotsoft/Beijing-monitoring-archive,False
2019-03-17 11:00:00+08:00,永定门内,77.0,98.0,16.0,71.0,1.3,14.0,Quotsoft/Beijing-monitoring-archive,False
2019-03-17 12:00:00+08:00,前门,72.0,80.0,12.0,73.0,1.2,28.0,Quotsoft/Beijing-monitoring-archive,False
2019-03-17 12:00:00+08:00,天坛,67.0,165.0,11.0,66.0,1.2,41.0,Quotsoft/Beijing-monitoring-archive,False
2019-03-17 12:00:00+08:00,永定门内,75.0,99.0,13.0,67.0,1.1,24.0,Quotsoft/Beijing-monitoring-archive,False
2019-03-17 13:00:00+08:00,前门,72.0,76.0,9.0,67.0,1.0,43.0,Quotsoft/Beijing-monitoring-archive,False
2019-03-17 13:00:00+08:00,天坛,69.0,214.0,8.0,54.0,0.8,66.0,Quotsoft/Beijing-monitoring-archive,False
2019-03-17 13:00:00+08:00,永定门内,75.0,102.0,11.0,58.0,0.7,54.0,Quotsoft/Beijing-monitoring-archive,False
2019-03-17 14:00:00+08:00,前门,75.0,76.0,9.0,54.0,0.8,74.0,Quotsoft/Beijing-monitoring-archive,False
2019-03-17 14:00:00+08:00,天坛,78.0,165.0,8.0,30.0,0.7,108.0,Quotsoft/Beijing-monitoring-archive,False
2019-03-17 14:00:00+08:00,永定门内,70.0,95.0,10.0,34.0,0.5,109.0,Quotsoft/Beijing-monitoring-archive,False
2019-03-17 15:00:00+08:00,前门,58.0,75.0,8.0,47.0,0.7,85.0,Quotsoft/Beijing-monitoring-archive,False
2019-03-17 15:00:00+08:00,天坛,55.0,119.0,7.0,22.0,0.6,119.0,Quotsoft/Beijing-monitoring-archive,False
2019-03-17 15:00:00+08:00,永定门内,66.0,93.0,9.0,25.0,0.5,121.0,Quotsoft/Beijing-monitoring-archive,False
2019-03-17 16:00:00+08:00,前门,61.0,91.0,11.0,48.0,0.7,83.0,Quotsoft/Beijing-monitoring-archive,False
2019-03-17 16:00:00+08:00,天坛,71.0,116.0,13.0,23.0,0.6,116.0,Quotsoft/Beijing-monitoring-archive,False
2019-03-17 16:00:00+08:00,永定门内,67.0,108.0,15.0,28.0,0.5,114.0,Quotsoft/Beijing-monitoring-archive,False
2019-03-17 17:00:00+08:00,前门,64.0,87.0,12.0,44.0,0.6,86.0,Quotsoft/Beijing-monitoring-archive,False
2019-03-17 17:00:00+08:00,天坛,60.0,101.0,11.0,20.0,0.5,118.0,Quotsoft/Beijing-monitoring-archive,False
2019-03-17 17:00:00+08:00,永定门内,65.0,103.0,15.0,24.0,0.4,122.0,Quotsoft/Beijing-monitoring-archive,False
2019-03-17 18:00:00+08:00,前门,59.0,81.0,8.0,46.0,0.7,84.0,Quotsoft/Beijing-monitoring-archive,False
2019-03-17 18:00:00+08:00,天坛,54.0,94.0,6.0,21.0,0.5,116.0,Quotsoft/Beijing-monitoring-archive,False
2019-03-17 18:00:00+08:00,永定门内,61.0,93.0,10.0,33.0,0.5,115.0,Quotsoft/Beijing-monitoring-archive,False
2019-03-17 19:00:00+08:00,前门,65.0,83.0,7.0,48.0,0.7,76.0,Quotsoft/Beijing-monitoring-archive,False
2019-03-17 19:00:00+08:00,天坛,59.0,84.0,6.0,26.0,0.5,105.0,Quotsoft/Beijing-monitoring-archive,False
2019-03-17 19:00:00+08:00,永定门内,59.0,95.0,9.0,36.0,0.5,99.0,Quotsoft/Beijing-monitoring-archive,False
2019-03-17 20:00:00+08:00,前门,54.0,77.0,7.0,51.0,0.7,65.0,Quotsoft/Beijing-monitoring-archive,False
2019-03-17 20:00:00+08:00,天坛,52.0,76.0,6.0,28.0,0.5,93.0,Quotsoft/Beijing-monitoring-archive,False
2019-03-17 20:00:00+08:00,永定门内,55.0,92.0,9.0,38.0,0.5,86.0,Quotsoft/Beijing-monitoring-archive,False
2019-03-17 21:00:00+08:00,前门,52.0,77.0,7.0,65.0,0.7,42.0,Quotsoft/Beijing-monitoring-archive,False
2019-03-17 21:00:00+08:00,天坛,46.0,76.0,5.0,43.0,0.6,67.0,Quotsoft/Beijing-monitoring-archive,False
2019-03-17 21:00:00+08:00,永定门内,51.0,100.0,9.0,78.0,0.7,23.0,Quotsoft/Beijing-monitoring-archive,False
2019-03-17 22:00:00+08:00,前门,52.0,84.0,8.0,76.0,0.8,27.0,Quotsoft/Beijing-monitoring-archive,False
2019-03-17 22:00:00+08:00,天坛,49.0,89.0,4.0,50.0,0.6,46.0,Quotsoft/Beijing-monitoring-archive,False
2019-03-17 22:00:00+08:00,永定门内,53.0,117.0,9.0,102.0,0.7,,Quotsoft/Beijing-monitoring-archive,False
2019-03-17 23:00:00+08:00,前门,69.0,88.0,7.0,78.0,0.7,23.0,Quotsoft/Beijing-monitoring-archive,False
2019-03-17 23:00:00+08:00,天坛,48.0,77.0,3.0,56.0,0.6,30.0,Quotsoft/Beijing-monitoring-archive,False
2019-03-17 23:00:00+08:00,永定门内,,,,,,,Quotsoft/Beijing-monitoring-archive,False
2019-03-18 00:00:00+08:00,前门,60.0,87.0,7.0,79.0,0.7,18.0,Quotsoft/Beijing-monitoring-archive,False
2019-03-18 00:00:00+08:00,天坛,54.0,87.0,5.0,68.0,0.6,31.0,Quotsoft/Beijing-monitoring-archive,False
2019-03-18 00:00:00+08:00,永定门内,62.0,112.0,10.0,82.0,0.6,8.0,Quotsoft/Beijing-monitoring-archive,False
2019-03-18 01:00:00+08:00,前门,69.0,88.0,7.0,75.0,0.7,20.0,Quotsoft/Beijing-monitoring-archive,False
2019-03-18 01:00:00+08:00,天坛,59.0,95.0,4.0,64.0,0.6,33.0,Quotsoft/Beijing-monitoring-archive,False
2019-03-18 01:00:00+08:00,永定门内,67.0,119.0,10.0,79.0,0.6,2.0,Quotsoft/Beijing-monitoring-archive,False
2019-03-18 02:00:00+08:00,前门,58.0,94.0,6.0,82.0,0.7,11.0,Quotsoft/Beijing-monitoring-archive,False
2019-03-18 02:00:00+08:00,天坛,63.0,98.0,4.0,73.0,0.6,22.0,Quotsoft/Beijing-monitoring-archive,False
2019-03-18 02:00:00+08:00,永定门内,77.0,156.0,10.0,85.0,0.6,,Quotsoft/Beijing-monitoring-archive,False
2019-03-18 03:00:00+08:00,前门,72.0,96.0,7.0,85.0,0.7,7.0,Quotsoft/Beijing-monitoring-archive,False
2019-03-18 03:00:00+08:00,天坛,63.0,97.0,3.0,76.0,0.7,14.0,Quotsoft/Beijing-monitoring-archive,False
2019-03-18 03:00:00+08:00,永定门内,72.0,131.0,12.0,87.0,0.6,,Quotsoft/Beijing-monitoring-archive,False
2019-03-18 04:00:00+08:00,前门,77.0,98.0,8.0,89.0,0.7,,Quotsoft/Beijing-monitoring-archive,False
2019-03-18 04:00:00+08:00,天坛,69.0,99.0,2.0,68.0,0.7,8.0,Quotsoft/Beijing-monitoring-archive,False
2019-03-18 04:00:00+08:00,永定门内,72.0,124.0,9.0,78.0,0.6,,Quotsoft/Beijing-monitoring-archive,False
2019-03-18 05:00:00+08:00,前门,73.0,99.0,7.0,91.0,0.7,2.0,Quotsoft/Beijing-monitoring-archive,False
2019-03-18 05:00:00+08:00,天坛,71.0,94.0,2.0,75.0,0.7,4.0,Quotsoft/Beijing-monitoring-archive,False
2019-03-18 05:00:00+08:00,永定门内,76.0,129.0,7.0,78.0,0.7,2.0,Quotsoft/Beijing-monitoring-archive,False
2019-03-18 06:00:00+08:00,前门,69.0,103.0,8.0,100.0,1.0,2.0,Quotsoft/Beijing-monitoring-archive,False
2019-03-18 06:00:00+08:00,天坛,71.0,104.0,3.0,81.0,0.8,3.0,Quotsoft/Beijing-monitoring-archive,False
2019-03-18 06:00:00+08:00,永定门内,75.0,126.0,9.0,92.0,0.8,1.0,Quotsoft/Beijing-monitoring-archive,False
2019-03-18 07:00:00+08:00,前门,70.0,107.0,8.0,97.0,1.1,2.0,Quotsoft/Beijing-monitoring-archive,False
2019-03-18 07:00:00+08:00,天坛,79.0,146.0,3.0,87.0,1.0,4.0,Quotsoft/Beijing-monitoring-archive,False
2019-03-18 07:00:00+08:00,永定门内,80.0,143.0,11.0,99.0,1.1,2.0,Quotsoft/Beijing-monitoring-archive,False
2019-03-18 08:00:00+08:00,前门,87.0,113.0,9.0,96.0,1.2,3.0,Quotsoft/Beijing-monitoring-archive,False
2019-03-18 08:00:00+08:00,天坛,90.0,274.0,3.0,79.0,1.2,5.0,Quotsoft/Beijing-monitoring-archive,False
2019-03-18 08:00:00+08:00,永定门内,86.0,151.0,10.0,98.0,1.3,3.0,Quotsoft/Beijing-monitoring-archive,False
2019-03-18 09:00:00+08:00,前门,87.0,119.0,11.0,93.0,1.2,6.0,Quotsoft/Beijing-monitoring-archive,False
2019-03-18 09:00:00+08:00,天坛,89.0,146.0,7.0,87.0,1.2,8.0,Quotsoft/Beijing-monitoring-archive,False
2019-03-18 09:00:00+08:00,永定门内,94.0,156.0,13.0,94.0,1.2,6.0,Quotsoft/Beijing-monitoring-archive,False
2019-03-18 10:00:00+08:00,前门,94.0,121.0,13.0,97.0,1.3,8.0,Quotsoft/Beijing-monitoring-archive,False
2019-03-18 10:00:00+08:00,天坛,102.0,173.0,10.0,102.0,1.3,10.0,Quotsoft/Beijing-monitoring-archive,False
2019-03-18 10:00:00+08:00,永定门内,100.0,149.0,15.0,96.0,1.2,9.0,Quotsoft/Beijing-monitoring-archive,False
2019-03-18 11:00:00+08:00,前门,101.0,121.0,16.0,94.0,1.2,16.0,Quotsoft/Beijing-monitoring-archive,False
2019-03-18 11:00:00+08:00,天坛,112.0,199.0,12.0,101.0,1.5,17.0,Quotsoft/Beijing-monitoring-archive,False
2019-03-18 11:00:00+08:00,永定门内,115.0,147.0,19.0,98.0,1.2,18.0,Quotsoft/Beijing-monitoring-archive,False
2019-03-18 12:00:00+08:00,前门,122.0,,16.0,96.0,1.3,27.0,Quotsoft/Beijing-monitoring-archive,False
2019-03-18 12:00:00+08:00,天坛,112.0,179.0,15.0,90.0,1.4,37.0,Quotsoft/Beijing-monitoring-archive,False
2019-03-18 12:00:00+08:00,永定门内,116.0,151.0,21.0,100.0,1.1,34.0,Quotsoft/Beijing-monitoring-archive,False
2019-03-18 13:00:00+08:00,前门,122.0,126.0,16.0,95.0,1.2,40.0,Quotsoft/Beijing-monitoring-archive,False
2019-03-18 13:00:00+08:00,天坛,,,,,,,Quotsoft/Beijing-monitoring-archive,False
2019-03-18 13:00:00+08:00,永定门内,127.0,151.0,22.0,95.0,1.0,56.0,Quotsoft/Beijing-monitoring-archive,False
2019-03-18 14:00:00+08:00,前门,121.0,127.0,16.0,88.0,1.1,59.0,Quotsoft/Beijing-monitoring-archive,False
2019-03-18 14:00:00+08:00,天坛,121.0,276.0,15.0,68.0,1.2,83.0,Quotsoft/Beijing-monitoring-archive,False
2019-03-18 14:00:00+08:00,永定门内,126.0,147.0,21.0,77.0,0.9,91.0,Quotsoft/Beijing-monitoring-archive,False
2019-03-18 15:00:00+08:00,前门,121.0,,15.0,83.0,1.0,76.0,Quotsoft/Beijing-monitoring-archive,False
2019-03-18 15:00:00+08:00,天坛,120.0,153.0,14.0,56.0,1.1,104.0,Quotsoft/Beijing-monitoring-archive,False
2019-03-18 15:00:00+08:00,永定门内,122.0,138.0,20.0,,0.8,120.0,Quotsoft/Beijing-monitoring-archive,False
2019-03-18 16:00:00+08:00,前门,116.0,,14.0,64.0,0.9,96.0,Quotsoft/Beijing-monitoring-archive,False
2019-03-18 16:00:00+08:00,天坛,120.0,150.0,14.0,38.0,0.8,128.0,Quotsoft/Beijing-monitoring-archive,False
2019-03-18 16:00:00+08:00,永定门内,126.0,137.0,21.0,51.0,0.7,143.0,Quotsoft/Beijing-monitoring-archive,False
2019-03-18 17:00:00+08:00,前门,125.0,,14.0,63.0,0.9,96.0,Quotsoft/Beijing-monitoring-archive,False
2019-03-18 17:00:00+08:00,天坛,115.0,134.0,12.0,40.0,0.8,126.0,Quotsoft/Beijing-monitoring-archive,False
2019-03-18 17:00:00+08:00,永定门内,121.0,153.0,20.0,64.0,0.7,135.0,Quotsoft/Beijing-monitoring-archive,False
2019-03-18 18:00:00+08:00,前门,119.0,127.0,14.0,62.0,0.9,105.0,Quotsoft/Beijing-monitoring-archive,False
2019-03-18 18:00:00+08:00,天坛,108.0,150.0,10.0,35.0,0.8,137.0,Quotsoft/Beijing-monitoring-archive,False
2019-03-18 18:00:00+08:00,永定门内,124.0,146.0,19.0,59.0,0.7,159.0,Quotsoft/Beijing-monitoring-archive,False
2019-03-18 19:00:00+08:00,前门,119.0,,13.0,72.0,1.0,96.0,Quotsoft/Beijing-monitoring-archive,False
2019-03-18 19:00:00+08:00,天坛,106.0,111.0,7.0,30.0,0.8,135.0,Quotsoft/Beijing-monitoring-archive,False
2019-03-18 19:00:00+08:00,永定门内,122.0,137.0,17.0,83.0,0.8,125.0,Quotsoft/Beijing-monitoring-archive,False
2019-03-18 20:00:00+08:00,前门,143.0,,13.0,82.0,1.1,77.0,Quotsoft/Beijing-monitoring-archive,False
2019-03-18 20:00:00+08:00,天坛,115.0,,4.0,34.0,0.9,106.0,Quotsoft/Beijing-monitoring-archive,False
2019-03-18 20:00:00+08:00,永定门内,137.0,177.0,14.0,158.0,1.3,33.0,Quotsoft/Beijing-monitoring-archive,False
2019-03-18 21:00:00+08:00,前门,155.0,166.0,12.0,118.0,1.5,36.0,Quotsoft/Beijing-monitoring-archive,False
2019-03-18 21:00:00+08:00,天坛,130.0,,3.0,50.0,1.0,56.0,Quotsoft/Beijing-monitoring-archive,False
2019-03-18 21:00:00+08:00,永定门内,146.0,211.0,13.0,175.0,1.5,3.0,Quotsoft/Beijing-monitoring-archive,False
2019-03-18 22:00:00+08:00,前门,164.0,180.0,12.0,142.0,1.6,15.0,Quotsoft/Beijing-monitoring-archive,False
2019-03-18 22:00:00+08:00,天坛,129.0,131.0,2.0,85.0,1.3,23.0,Quotsoft/Beijing-monitoring-archive,False
2019-03-18 22:00:00+08:00,永定门内,153.0,221.0,11.0,164.0,1.6,2.0,Quotsoft/Beijing-monitoring-archive,False
2019-03-18 23:00:00+08:00,前门,165.0,182.0,12.0,155.0,1.6,4.0,Quotsoft/Beijing-monitoring-archive,False
2019-03-18 23:00:00+08:00,天坛,135.0,149.0,1.0,98.0,1.4,15.0,Quotsoft/Beijing-monitoring-archive,False
2019-03-18 23:00:00+08:00,永定门内,150.0,199.0,9.0,147.0,1.5,2.0,Quotsoft/Beijing-monitoring-archive,False
2019-03-19 00:00:00+08:00,前门,161.0,162.0,12.0,152.0,1.6,2.0,Quotsoft/Beijing-monitoring-archive,False
2019-03-19 00:00:00+08:00,天坛,138.0,161.0,1.0,123.0,1.5,5.0,Quotsoft/Beijing-monitoring-archive,False
2019-03-19 00:00:00+08:00,永定门内,158.0,215.0,9.0,154.0,1.6,1.0,Quotsoft/Beijing-monitoring-archive,False
2019-03-19 01:00:00+08:00,前门,153.0,,11.0,137.0,1.3,2.0,Quotsoft/Beijing-monitoring-archive,False
2019-03-19 01:00:00+08:00,天坛,143.0,172.0,1.0,114.0,1.3,4.0,Quotsoft/Beijing-monitoring-archive,False
2019-03-19 01:00:00+08:00,永定门内,155.0,207.0,9.0,135.0,1.3,2.0,Quotsoft/Beijing-monitoring-archive,False
2019-03-19 02:00:00+08:00,前门,161.0,162.0,9.0,146.0,1.5,1.0,Quotsoft/Beijing-monitoring-archive,False
2019-03-19 02:00:00+08:00,天坛,137.0,166.0,1.0,103.0,1.2,4.0,Quotsoft/Beijing-monitoring-archive,False
2019-03-19 02:00:00+08:00,永定门内,150.0,186.0,8.0,123.0,1.3,1.0,Quotsoft/Beijing-monitoring-archive,False
2019-03-19 03:00:00+08:00,前门,167.0,174.0,8.0,147.0,1.5,1.0,Quotsoft/Beijing-monitoring-archive,False
2019-03-19 03:00:00+08:00,天坛,143.0,160.0,1.0,114.0,1.4,4.0,Quotsoft/Beijing-monitoring-archive,False
2019-03-19 03:00:00+08:00,永定门内,152.0,189.0,8.0,133.0,1.3,2.0,Quotsoft/Beijing-monitoring-archive,False
2019-03-19 04:00:00+08:00,前门,184.0,,7.0,139.0,1.4,1.0,Quotsoft/Beijing-monitoring-archive,False
2019-03-19 04:00:00+08:00,天坛,143.0,170.0,3.0,111.0,1.5,4.0,Quotsoft/Beijing-monitoring-archive,False
2019-03-19 04:00:00+08:00,永定门内,157.0,201.0,9.0,148.0,1.3,2.0,Quotsoft/Beijing-monitoring-archive,False
2019-03-19 05:00:00+08:00,前门,189.0,,7.0,130.0,1.5,1.0,Quotsoft/Beijing-monitoring-archive,False
2019-03-19 05:00:00+08:00,天坛,152.0,154.0,3.0,97.0,1.3,4.0,Quotsoft/Beijing-monitoring-archive,False
2019-03-19 05:00:00+08:00,永定门内,159.0,188.0,8.0,145.0,1.3,2.0,Quotsoft/Beijing-monitoring-archive,False
2019-03-19 06:00:00+08:00,前门,177.0,,6.0,123.0,1.4,2.0,Quotsoft/Beijing-monitoring-archive,False
2019-03-19 06:00:00+08:00,天坛,146.0,147.0,3.0,93.0,1.3,4.0,Quotsoft/Beijing-monitoring-archive,False
2019-03-19 06:00:00+08:00,永定门内,164.0,182.0,9.0,140.0,1.5,2.0,Quotsoft/Beijing-monitoring-archive,False
2019-03-19 07:00:00+08:00,前门,167.0,,6.0,108.0,1.5,5.0,Quotsoft/Beijing-monitoring-archive,False
2019-03-19 07:00:00+08:00,天坛,152.0,,3.0,88.0,1.3,4.0,Quotsoft/Beijing-monitoring-archive,False
2019-03-19 07:00:00+08:00,永定门内,163.0,202.0,8.0,134.0,1.6,2.0,Quotsoft/Beijing-monitoring-archive,False
2019-03-19 08:00:00+08:00,前门,168.0,,8.0,108.0,1.5,6.0,Quotsoft/Beijing-monitoring-archive,False
2019-03-19 08:00:00+08:00,天坛,151.0,230.0,1.0,83.0,1.4,5.0,Quotsoft/Beijing-monitoring-archive,False
2019-03-19 08:00:00+08:00,永定门内,162.0,228.0,9.0,124.0,1.7,2.0,Quotsoft/Beijing-monitoring-archive,False
2019-03-19 09:00:00+08:00,前门,173.0,,12.0,114.0,1.5,8.0,Quotsoft/Beijing-monitoring-archive,False
2019-03-19 09:00:00+08:00,天坛,166.0,200.0,3.0,107.0,1.5,11.0,Quotsoft/Beijing-monitoring-archive,False
2019-03-19 09:00:00+08:00,永定门内,160.0,191.0,12.0,120.0,1.3,6.0,Quotsoft/Beijing-monitoring-archive,False
2019-03-19 10:00:00+08:00,前门,228.0,,18.0,124.0,1.6,10.0,Quotsoft/Beijing-monitoring-archive,False
2019-03-19 10:00:00+08:00,天坛,177.0,247.0,7.0,126.0,1.7,13.0,Quotsoft/Beijing-monitoring-archive,False
2019-03-19 10:00:00+08:00,永定门内,185.0,205.0,15.0,135.0,1.4,14.0,Quotsoft/Beijing-monitoring-archive,False
2019-03-19 11:00:00+08:00,前门,239.0,,20.0,127.0,1.6,15.0,Quotsoft/Beijing-monitoring-archive,False
2019-03-19 11:00:00+08:00,天坛,196.0,273.0,10.0,125.0,1.7,26.0,Quotsoft/Beijing-monitoring-archive,False
2019-03-19 11:00:00+08:00,永定门内,200.0,213.0,20.0,141.0,1.4,30.0,Quotsoft/Beijing-monitoring-archive,False
2019-03-19 12:00:00+08:00,前门,250.0,,19.0,145.0,1.7,23.0,Quotsoft/Beijing-monitoring-archive,False
2019-03-19 12:00:00+08:00,天坛,198.0,260.0,11.0,128.0,1.5,36.0,Quotsoft/Beijing-monitoring-archive,False
2019-03-19 12:00:00+08:00,永定门内,206.0,223.0,21.0,147.0,1.4,44.0,Quotsoft/Beijing-monitoring-archive,False
2019-03-19 13:00:00+08:00,前门,236.0,,18.0,132.0,1.3,34.0,Quotsoft/Beijing-monitoring-archive,False
2019-03-19 13:00:00+08:00,天坛,155.0,221.0,13.0,108.0,1.2,53.0,Quotsoft/Beijing-monitoring-archive,False
2019-03-19 13:00:00+08:00,永定门内,168.0,189.0,23.0,130.0,1.0,63.0,Quotsoft/Beijing-monitoring-archive,False
2019-03-19 14:00:00+08:00,前门,178.0,,22.0,96.0,1.1,75.0,Quotsoft/Beijing-monitoring-archive,False
2019-03-19 14:00:00+08:00,天坛,135.0,167.0,18.0,56.0,0.9,119.0,Quotsoft/Beijing-monitoring-archive,False
2019-03-19 14:00:00+08:00,永定门内,152.0,,26.0,76.0,0.8,123.0,Quotsoft/Beijing-monitoring-archive,False
2019-03-19 15:00:00+08:00,前门,153.0,,19.0,76.0,1.0,102.0,Quotsoft/Beijing-monitoring-archive,False
2019-03-19 15:00:00+08:00,天坛,129.0,153.0,15.0,40.0,0.8,140.0,Quotsoft/Beijing-monitoring-archive,False
2019-03-19 15:00:00+08:00,永定门内,133.0,135.0,22.0,54.0,0.7,164.0,Quotsoft/Beijing-monitoring-archive,False
2019-03-19 16:00:00+08:00,前门,116.0,,14.0,59.0,0.8,118.0,Quotsoft/Beijing-monitoring-archive,False
2019-03-19 16:00:00+08:00,天坛,88.0,116.0,11.0,22.0,0.7,156.0,Quotsoft/Beijing-monitoring-archive,False
2019-03-19 16:00:00+08:00,永定门内,92.0,,18.0,36.0,0.6,178.0,Quotsoft/Beijing-monitoring-archive,False
2019-03-19 17:00:00+08:00,前门,88.0,,17.0,54.0,0.8,113.0,Quotsoft/Beijing-monitoring-archive,False
2019-03-19 17:00:00+08:00,天坛,60.0,106.0,14.0,19.0,0.7,39.0,Quotsoft/Beijing-monitoring-archive,False
2019-03-19 17:00:00+08:00,永定门内,74.0,97.0,22.0,31.0,0.6,170.0,Quotsoft/Beijing-monitoring-archive,False
2019-03-19 18:00:00+08:00,前门,79.0,83.0,16.0,54.0,0.8,98.0,Quotsoft/Beijing-monitoring-archive,False
2019-03-19 18:00:00+08:00,天坛,61.0,111.0,10.0,21.0,0.7,130.0,Quotsoft/Beijing-monitoring-archive,False
2019-03-19 18:00:00+08:00,永定门内,71.0,110.0,20.0,54.0,0.6,134.0,Quotsoft/Beijing-monitoring-archive,False
2019-03-19 19:00:00+08:00,前门,73.0,89.0,13.0,61.0,0.8,83.0,Quotsoft/Beijing-monitoring-archive,False
2019-03-19 19:00:00+08:00,天坛,61.0,102.0,8.0,32.0,0.7,109.0,Quotsoft/Beijing-monitoring-archive,False
2019-03-19 19:00:00+08:00,永定门内,67.0,114.0,17.0,55.0,0.6,121.0,Quotsoft/Beijing-monitoring-archive,False
2019-03-19 20:00:00+08:00,前门,71.0,105.0,11.0,66.0,0.8,68.0,Quotsoft/Beijing-monitoring-archive,False
2019-03-19 20:00:00+08:00,天坛,62.0,113.0,7.0,38.0,0.7,98.0,Quotsoft/Beijing-monitoring-archive,False
2019-03-19 20:00:00+08:00,永定门内,75.0,144.0,15.0,95.0,0.7,72.0,Quotsoft/Beijing-monitoring-archive,False
2019-03-19 21:00:00+08:00,前门,78.0,117.0,11.0,71.0,0.7,58.0,Quotsoft/Beijing-monitoring-archive,False
2019-03-19 21:00:00+08:00,天坛,59.0,130.0,5.0,46.0,0.7,84.0,Quotsoft/Beijing-monitoring-archive,False
2019-03-19 21:00:00+08:00,永定门内,74.0,153.0,14.0,92.0,0.6,71.0,Quotsoft/Beijing-monitoring-archive,False
2019-03-19 22:00:00+08:00,前门,142.0,,11.0,46.0,0.6,77.0,Quotsoft/Beijing-monitoring-archive,False
2019-03-19 22:00:00+08:00,天坛,63.0,142.0,4.0,28.0,0.6,98.0,Quotsoft/Beijing-monitoring-archive,False
2019-03-19 22:00:00+08:00,永定门内,70.0,120.0,12.0,44.0,0.5,111.0,Quotsoft/Beijing-monitoring-archive,False
2019-03-19 23:00:00+08:00,前门,160.0,,11.0,49.0,0.6,63.0,Quotsoft/Beijing-monitoring-archive,False
2019-03-19 23:00:00+08:00,天坛,62.0,93.0,4.0,40.0,0.6,73.0,Quotsoft/Beijing-monitoring-archive,False
2019-03-19 23:00:00+08:00,永定门内,72.0,103.0,12.0,60.0,0.5,79.0,Quotsoft/Beijing-monitoring-archive,False
2019-03-20 00:00:00+08:00,前门,212.0,,11.0,55.0,0.6,49.0,Quotsoft/Beijing-monitoring-archive,False
2019-03-20 00:00:00+08:00,天坛,69.0,121.0,3.0,47.0,0.7,62.0,Quotsoft/Beijing-monitoring-archive,False
2019-03-20 00:00:00+08:00,永定门内,68.0,113.0,12.0,54.0,0.5,74.0,Quotsoft/Beijing-monitoring-archive,False
2019-03-20 01:00:00+08:00,前门,275.0,,11.0,60.0,0.6,38.0,Quotsoft/Beijing-monitoring-archive,False
2019-03-20 01:00:00+08:00,天坛,71.0,111.0,3.0,48.0,0.7,51.0,Quotsoft/Beijing-monitoring-archive,False
2019-03-20 01:00:00+08:00,永定门内,71.0,115.0,12.0,67.0,0.5,52.0,Quotsoft/Beijing-monitoring-archive,False
2019-03-20 02:00:00+08:00,前门,300.0,,9.0,50.0,0.6,46.0,Quotsoft/Beijing-monitoring-archive,False
2019-03-20 02:00:00+08:00,天坛,69.0,102.0,3.0,60.0,0.7,35.0,Quotsoft/Beijing-monitoring-archive,False
2019-03-20 02:00:00+08:00,永定门内,74.0,97.0,10.0,51.0,0.5,59.0,Quotsoft/Beijing-monitoring-archive,False
2019-03-20 03:00:00+08:00,前门,323.0,,9.0,49.0,0.7,43.0,Quotsoft/Beijing-monitoring-archive,False
2019-03-20 03:00:00+08:00,天坛,68.0,102.0,3.0,47.0,0.7,48.0,Quotsoft/Beijing-monitoring-archive,False
2019-03-20 03:00:00+08:00,永定门内,68.0,89.0,11.0,47.0,0.5,62.0,Quotsoft/Beijing-monitoring-archive,False
2019-03-20 04:00:00+08:00,前门,295.0,,9.0,47.0,0.6,,Quotsoft/Beijing-monitoring-archive,False
2019-03-20 04:00:00+08:00,天坛,61.0,97.0,4.0,36.0,0.7,58.0,Quotsoft/Beijing-monitoring-archive,False
2019-03-20 04:00:00+08:00,永定门内,65.0,89.0,11.0,42.0,0.5,,Quotsoft/Beijing-monitoring-archive,False
2019-03-20 05:00:00+08:00,前门,265.0,,7.0,49.0,0.6,38.0,Quotsoft/Beijing-monitoring-archive,False
2019-03-20 05:00:00+08:00,天坛,67.0,71.0,2.0,35.0,0.7,46.0,Quotsoft/Beijing-monitoring-archive,False
2019-03-20 05:00:00+08:00,永定门内,67.0,80.0,10.0,54.0,0.5,51.0,Quotsoft/Beijing-monitoring-archive,False
2019-03-20 06:00:00+08:00,前门,241.0,,8.0,83.0,0.7,15.0,Quotsoft/Beijing-monitoring-archive,False
2019-03-20 06:00:00+08:00,天坛,62.0,65.0,1.0,46.0,0.7,30.0,Quotsoft/Beijing-monitoring-archive,False
2019-03-20 06:00:00+08:00,永定门内,70.0,84.0,10.0,60.0,0.5,44.0,Quotsoft/Beijing-monitoring-archive,False
2019-03-20 07:00:00+08:00,前门,216.0,,8.0,99.0,0.9,5.0,Quotsoft/Beijing-monitoring-archive,False
2019-03-20 07:00:00+08:00,天坛,70.0,76.0,1.0,73.0,0.7,11.0,Quotsoft/Beijing-monitoring-archive,False
2019-03-20 07:00:00+08:00,永定门内,80.0,108.0,9.0,96.0,0.8,16.0,Quotsoft/Beijing-monitoring-archive,False
2019-03-20 08:00:00+08:00,前门,201.0,,10.0,99.0,1.0,6.0,Quotsoft/Beijing-monitoring-archive,False
2019-03-20 08:00:00+08:00,天坛,100.0,389.0,1.0,81.0,1.0,6.0,Quotsoft/Beijing-monitoring-archive,False
2019-03-20 08:00:00+08:00,永定门内,79.0,119.0,10.0,87.0,0.7,18.0,Quotsoft/Beijing-monitoring-archive,False
2019-03-20 09:00:00+08:00,前门,188.0,,14.0,83.0,0.9,22.0,Quotsoft/Beijing-monitoring-archive,False
2019-03-20 09:00:00+08:00,天坛,79.0,130.0,6.0,60.0,1.0,39.0,Quotsoft/Beijing-monitoring-archive,False
2019-03-20 09:00:00+08:00,永定门内,81.0,110.0,15.0,67.0,0.7,54.0,Quotsoft/Beijing-monitoring-archive,False
2019-03-20 10:00:00+08:00,前门,158.0,,17.0,64.0,0.8,44.0,Quotsoft/Beijing-monitoring-archive,False
2019-03-20 10:00:00+08:00,天坛,76.0,116.0,10.0,44.0,0.8,64.0,Quotsoft/Beijing-monitoring-archive,False
2019-03-20 10:00:00+08:00,永定门内,83.0,102.0,19.0,56.0,0.6,69.0,Quotsoft/Beijing-monitoring-archive,False
2019-03-20 11:00:00+08:00,前门,143.0,,16.0,76.0,0.9,44.0,Quotsoft/Beijing-monitoring-archive,False
2019-03-20 11:00:00+08:00,天坛,85.0,141.0,10.0,51.0,0.8,64.0,Quotsoft/Beijing-monitoring-archive,False
2019-03-20 11:00:00+08:00,永定门内,89.0,106.0,19.0,50.0,0.6,85.0,Quotsoft/Beijing-monitoring-archive,False
2019-03-20 12:00:00+08:00,前门,147.0,,14.0,79.0,0.8,47.0,Quotsoft/Beijing-monitoring-archive,False
2019-03-20 12:00:00+08:00,天坛,88.0,137.0,9.0,44.0,0.8,76.0,Quotsoft/Beijing-monitoring-archive,False
2019-03-20 12:00:00+08:00,永定门内,89.0,111.0,15.0,58.0,0.6,87.0,Quotsoft/Beijing-monitoring-archive,False
2019-03-20 13:00:00+08:00,前门,187.0,,14.0,71.0,0.8,47.0,Quotsoft/Beijing-monitoring-archive,False
2019-03-20 13:00:00+08:00,天坛,84.0,141.0,9.0,44.0,0.8,72.0,Quotsoft/Beijing-monitoring-archive,False
2019-03-20 13:00:00+08:00,永定门内,92.0,117.0,17.0,55.0,0.7,84.0,Quotsoft/Beijing-monitoring-archive,False
2019-03-20 14:00:00+08:00,前门,,104.0,16.0,83.0,1.1,54.0,Quotsoft/Beijing-monitoring-archive,False
2019-03-20 14:00:00+08:00,天坛,98.0,162.0,11.0,51.0,1.2,72.0,Quotsoft/Beijing-monitoring-archive,False
2019-03-20 14:00:00+08:00,永定门内,106.0,120.0,18.0,57.0,0.9,90.0,Quotsoft/Beijing-monitoring-archive,False
2019-03-20 15:00:00+08:00,前门,47.0,,13.0,62.0,1.3,73.0,Quotsoft/Beijing-monitoring-archive,False
2019-03-20 15:00:00+08:00,天坛,109.0,147.0,9.0,51.0,1.5,78.0,Quotsoft/Beijing-monitoring-archive,False
2019-03-20 15:00:00+08:00,永定门内,104.0,123.0,16.0,50.0,1.0,105.0,Quotsoft/Beijing-monitoring-archive,False
2019-03-20 16:00:00+08:00,前门,63.0,,8.0,45.0,0.9,46.0,Quotsoft/Beijing-monitoring-archive,False
2019-03-20 16:00:00+08:00,天坛,52.0,119.0,4.0,28.0,0.7,60.0,Quotsoft/Beijing-monitoring-archive,False
2019-03-20 16:00:00+08:00,永定门内,52.0,53.0,8.0,33.0,0.4,91.0,Quotsoft/Beijing-monitoring-archive,False
2019-03-20 17:00:00+08:00,前门,43.0,,8.0,52.0,0.9,39.0,Quotsoft/Beijing-monitoring-archive,False
2019-03-20 17:00:00+08:00,天坛,41.0,46.0,4.0,42.0,0.7,32.0,Quotsoft/Beijing-monitoring-archive,False
2019-03-20 17:00:00+08:00,永定门内,46.0,,7.0,52.0,0.5,62.0,Quotsoft/Beijing-monitoring-archive,False
2019-03-20 18:00:00+08:00,前门,43.0,,6.0,48.0,0.8,35.0,Quotsoft/Beijing-monitoring-archive,False
2019-03-20 18:00:00+08:00,天坛,46.0,,4.0,51.0,0.8,25.0,Quotsoft/Beijing-monitoring-archive,False
2019-03-20 18:00:00+08:00,永定门内,46.0,,8.0,51.0,0.5,54.0,Quotsoft/Beijing-monitoring-archive,False
2019-03-20 19:00:00+08:00,前门,74.0,74.0,5.0,49.0,1.0,40.0,Quotsoft/Beijing-monitoring-archive,False
2019-03-20 19:00:00+08:00,天坛,65.0,,3.0,44.0,1.0,57.0,Quotsoft/Beijing-monitoring-archive,False
2019-03-20 19:00:00+08:00,永定门内,61.0,87.0,7.0,43.0,0.7,66.0,Quotsoft/Beijing-monitoring-archive,False
2019-03-20 20:00:00+08:00,前门,30.0,53.0,4.0,29.0,0.5,36.0,Quotsoft/Beijing-monitoring-archive,False
2019-03-20 20:00:00+08:00,天坛,30.0,,2.0,18.0,0.5,47.0,Quotsoft/Beijing-monitoring-archive,False
2019-03-20 20:00:00+08:00,永定门内,45.0,,8.0,16.0,0.3,58.0,Quotsoft/Beijing-monitoring-archive,False
2019-03-20 21:00:00+08:00,前门,24.0,84.0,3.0,24.0,0.4,39.0,Quotsoft/Beijing-monitoring-archive,False
2019-03-20 21:00:00+08:00,天坛,22.0,82.0,2.0,14.0,0.4,49.0,Quotsoft/Beijing-monitoring-archive,False
2019-03-20 21:00:00+08:00,永定门内,21.0,84.0,7.0,14.0,0.2,57.0,Quotsoft/Beijing-monitoring-archive,False
2019-03-20 22:00:00+08:00,前门,16.0,64.0,2.0,20.0,0.3,42.0,Quotsoft/Beijing-monitoring-archive,False
2019-03-20 22:00:00+08:00,天坛,14.0,56.0,1.0,10.0,0.4,53.0,Quotsoft/Beijing-monitoring-archive,False
2019-03-20 22:00:00+08:00,永定门内,20.0,67.0,6.0,8.0,0.2,65.0,Quotsoft/Beijing-monitoring-archive,False
2019-03-20 23:00:00+08:00,前门,30.0,82.0,1.0,17.0,0.3,48.0,Quotsoft/Beijing-monitoring-archive,False
2019-03-20 23:00:00+08:00,天坛,9.0,58.0,1.0,8.0,0.3,59.0,Quotsoft/Beijing-monitoring-archive,False
2019-03-20 23:00:00+08:00,永定门内,15.0,73.0,6.0,6.0,0.2,73.0,Quotsoft/Beijing-monitoring-archive,False
2019-03-21 00:00:00+08:00,前门,12.0,58.0,1.0,16.0,0.3,50.0,Quotsoft/Beijing-monitoring-archive,False
2019-03-21 00:00:00+08:00,天坛,3.0,60.0,1.0,9.0,0.3,59.0,Quotsoft/Beijing-monitoring-archive,False
2019-03-21 00:00:00+08:00,永定门内,9.0,59.0,5.0,6.0,0.2,76.0,Quotsoft/Beijing-monitoring-archive,False
2019-03-21 01:00:00+08:00,前门,7.0,39.0,1.0,17.0,0.3,48.0,Quotsoft/Beijing-monitoring-archive,False
2019-03-21 01:00:00+08:00,天坛,4.0,47.0,1.0,12.0,0.3,57.0,Quotsoft/Beijing-monitoring-archive,False
2019-03-21 01:00:00+08:00,永定门内,8.0,40.0,5.0,6.0,0.2,74.0,Quotsoft/Beijing-monitoring-archive,False
2019-03-21 02:00:00+08:00,前门,3.0,32.0,3.0,17.0,0.3,47.0,Quotsoft/Beijing-monitoring-archive,False
2019-03-21 02:00:00+08:00,天坛,7.0,46.0,1.0,11.0,0.3,57.0,Quotsoft/Beijing-monitoring-archive,False
2019-03-21 02:00:00+08:00,永定门内,10.0,35.0,5.0,7.0,0.2,73.0,Quotsoft/Beijing-monitoring-archive,False
2019-03-21 03:00:00+08:00,前门,13.0,18.0,3.0,16.0,0.3,48.0,Quotsoft/Beijing-monitoring-archive,False
2019-03-21 03:00:00+08:00,天坛,4.0,22.0,1.0,10.0,0.3,58.0,Quotsoft/Beijing-monitoring-archive,False
2019-03-21 03:00:00+08:00,永定门内,5.0,19.0,4.0,6.0,0.2,74.0,Quotsoft/Beijing-monitoring-archive,False
2019-03-21 04:00:00+08:00,前门,11.0,23.0,3.0,18.0,0.3,46.0,Quotsoft/Beijing-monitoring-archive,False
2019-03-21 04:00:00+08:00,天坛,2.0,29.0,1.0,12.0,0.3,58.0,Quotsoft/Beijing-monitoring-archive,False
2019-03-21 04:00:00+08:00,永定门内,4.0,24.0,5.0,6.0,0.2,74.0,Quotsoft/Beijing-monitoring-archive,False
2019-03-21 05:00:00+08:00,前门,18.0,20.0,3.0,17.0,0.2,50.0,Quotsoft/Beijing-monitoring-archive,False
2019-03-21 05:00:00+08:00,天坛,2.0,19.0,3.0,9.0,0.3,64.0,Quotsoft/Beijing-monitoring-archive,False
2019-03-21 05:00:00+08:00,永定门内,6.0,18.0,3.0,8.0,0.2,77.0,Quotsoft/Beijing-monitoring-archive,False
2019-03-21 06:00:00+08:00,前门,14.0,15.0,3.0,20.0,0.2,51.0,Quotsoft/Beijing-monitoring-archive,False
2019-03-21 06:00:00+08:00,天坛,2.0,18.0,3.0,15.0,0.3,64.0,Quotsoft/Beijing-monitoring-archive,False
2019-03-21 06:00:00+08:00,永定门内,4.0,20.0,3.0,11.0,0.2,77.0,Quotsoft/Beijing-monitoring-archive,False
2019-03-21 07:00:00+08:00,前门,16.0,39.0,3.0,15.0,0.2,58.0,Quotsoft/Beijing-monitoring-archive,False
2019-03-21 07:00:00+08:00,天坛,6.0,52.0,3.0,12.0,0.3,70.0,Quotsoft/Beijing-monitoring-archive,False
2019-03-21 07:00:00+08:00,永定门内,3.0,57.0,3.0,8.0,0.2,87.0,Quotsoft/Beijing-monitoring-archive,False
2019-03-21 08:00:00+08:00,前门,3.0,28.0,3.0,16.0,0.2,56.0,Quotsoft/Beijing-monitoring-archive,False
2019-03-21 08:00:00+08:00,天坛,2.0,52.0,3.0,12.0,0.3,68.0,Quotsoft/Beijing-monitoring-archive,False
2019-03-21 08:00:00+08:00,永定门内,5.0,44.0,3.0,11.0,0.2,82.0,Quotsoft/Beijing-monitoring-archive,False
2019-03-21 09:00:00+08:00,前门,4.0,33.0,3.0,17.0,0.2,54.0,Quotsoft/Beijing-monitoring-archive,False
2019-03-21 09:00:00+08:00,天坛,2.0,56.0,3.0,14.0,0.3,67.0,Quotsoft/Beijing-monitoring-archive,False
2019-03-21 09:00:00+08:00,永定门内,8.0,42.0,2.0,12.0,0.2,80.0,Quotsoft/Beijing-monitoring-archive,False
2019-03-21 10:00:00+08:00,前门,13.0,40.0,3.0,19.0,0.2,55.0,Quotsoft/Beijing-monitoring-archive,False
2019-03-21 10:00:00+08:00,天坛,6.0,70.0,3.0,12.0,0.3,68.0,Quotsoft/Beijing-monitoring-archive,False
2019-03-21 10:00:00+08:00,永定门内,8.0,41.0,3.0,13.0,0.2,82.0,Quotsoft/Beijing-monitoring-archive,False
2019-03-21 11:00:00+08:00,前门,2.0,29.0,3.0,16.0,0.2,58.0,Quotsoft/Beijing-monitoring-archive,False
2019-03-21 11:00:00+08:00,天坛,3.0,40.0,1.0,13.0,0.3,69.0,Quotsoft/Beijing-monitoring-archive,False
2019-03-21 11:00:00+08:00,永定门内,3.0,33.0,2.0,12.0,0.2,84.0,Quotsoft/Beijing-monitoring-archive,False
2019-03-21 12:00:00+08:00,前门,3.0,12.0,3.0,15.0,0.2,59.0,Quotsoft/Beijing-monitoring-archive,False
2019-03-21 12:00:00+08:00,天坛,,22.0,,9.0,,70.0,Quotsoft/Beijing-monitoring-archive,False
2019-03-21 12:00:00+08:00,永定门内,2.0,26.0,2.0,,,84.0,Quotsoft/Beijing-monitoring-archive,False
2019-03-21 13:00:00+08:00,前门,7.0,9.0,3.0,17.0,0.2,59.0,Quotsoft/Beijing-monitoring-archive,False
2019-03-21 13:00:00+08:00,天坛,7.0,,1.0,14.0,0.3,72.0,Quotsoft/Beijing-monitoring-archive,False
2019-03-21 13:00:00+08:00,永定门内,1.0,14.0,3.0,,,78.0,Quotsoft/Beijing-monitoring-archive,False
2019-03-21 14:00:00+08:00,前门,6.0,15.0,3.0,17.0,0.2,61.0,Quotsoft/Beijing-monitoring-archive,False
2019-03-21 14:00:00+08:00,天坛,3.0,14.0,1.0,16.0,0.3,73.0,Quotsoft/Beijing-monitoring-archive,False
2019-03-21 14:00:00+08:00,永定门内,5.0,14.0,3.0,3.0,,75.0,Quotsoft/Beijing-monitoring-archive,False
2019-03-21 15:00:00+08:00,前门,3.0,7.0,3.0,14.0,0.2,64.0,Quotsoft/Beijing-monitoring-archive,False
2019-03-21 15:00:00+08:00,天坛,11.0,17.0,3.0,16.0,0.3,75.0,Quotsoft/Beijing-monitoring-archive,False
2019-03-21 15:00:00+08:00,永定门内,6.0,13.0,,5.0,0.1,79.0,Quotsoft/Beijing-monitoring-archive,False
2019-03-21 16:00:00+08:00,前门,1.0,6.0,3.0,13.0,0.3,64.0,Quotsoft/Beijing-monitoring-archive,False
2019-03-21 16:00:00+08:00,天坛,4.0,13.0,1.0,16.0,0.3,75.0,Quotsoft/Beijing-monitoring-archive,False
2019-03-21 16:00:00+08:00,永定门内,3.0,14.0,,7.0,,,Quotsoft/Beijing-monitoring-archive,False
2019-03-21 17:00:00+08:00,前门,4.0,8.0,3.0,14.0,0.3,63.0,Quotsoft/Beijing-monitoring-archive,False
2019-03-21 17:00:00+08:00,天坛,1.0,7.0,1.0,14.0,0.3,74.0,Quotsoft/Beijing-monitoring-archive,False
2019-03-21 17:00:00+08:00,永定门内,4.0,20.0,3.0,7.0,0.1,,Quotsoft/Beijing-monitoring-archive,False
2019-03-21 18:00:00+08:00,前门,9.0,11.0,3.0,15.0,0.3,62.0,Quotsoft/Beijing-monitoring-archive,False
2019-03-21 18:00:00+08:00,天坛,11.0,33.0,1.0,17.0,0.3,71.0,Quotsoft/Beijing-monitoring-archive,False
2019-03-21 18:00:00+08:00,永定门内,,18.0,2.0,11.0,0.1,,Quotsoft/Beijing-monitoring-archive,False
2019-03-21 19:00:00+08:00,前门,5.0,14.0,3.0,17.0,0.3,58.0,Quotsoft/Beijing-monitoring-archive,False
2019-03-21 19:00:00+08:00,天坛,10.0,,3.0,22.0,0.3,65.0,Quotsoft/Beijing-monitoring-archive,False
2019-03-21 19:00:00+08:00,永定门内,1.0,20.0,2.0,20.0,0.2,80.0,Quotsoft/Beijing-monitoring-archive,False
2019-03-21 20:00:00+08:00,前门,17.0,,3.0,18.0,0.3,55.0,Quotsoft/Beijing-monitoring-archive,False
2019-03-21 20:00:00+08:00,天坛,7.0,18.0,3.0,24.0,0.3,62.0,Quotsoft/Beijing-monitoring-archive,False
2019-03-21 20:00:00+08:00,永定门内,4.0,18.0,3.0,21.0,0.2,76.0,Quotsoft/Beijing-monitoring-archive,False
2019-03-21 21:00:00+08:00,前门,8.0,15.0,3.0,22.0,0.3,49.0,Quotsoft/Beijing-monitoring-archive,False
2019-03-21 21:00:00+08:00,天坛,8.0,17.0,3.0,22.0,0.3,62.0,Quotsoft/Beijing-monitoring-archive,False
2019-03-21 21:00:00+08:00,永定门内,7.0,21.0,2.0,31.0,0.3,65.0,Quotsoft/Beijing-monitoring-archive,False
2019-03-21 22:00:00+08:00,前门,2.0,11.0,3.0,21.0,0.3,50.0,Quotsoft/Beijing-monitoring-archive,False
2019-03-21 22:00:00+08:00,天坛,3.0,13.0,3.0,24.0,0.3,58.0,Quotsoft/Beijing-monitoring-archive,False
2019-03-21 22:00:00+08:00,永定门内,6.0,16.0,3.0,27.0,0.2,67.0,Quotsoft/Beijing-monitoring-archive,False
2019-03-21 23:00:00+08:00,前门,3.0,11.0,3.0,20.0,0.3,49.0,Quotsoft/Beijing-monitoring-archive,False
2019-03-21 23:00:00+08:00,天坛,8.0,12.0,3.0,25.0,0.3,53.0,Quotsoft/Beijing-monitoring-archive,False
2019-03-21 23:00:00+08:00,永定门内,7.0,13.0,2.0,35.0,0.2,59.0,Quotsoft/Beijing-monitoring-archive,False
2019-03-22 00:00:00+08:00,前门,9.0,10.0,3.0,28.0,0.3,40.0,Quotsoft/Beijing-monitoring-archive,False
2019-03-22 00:00:00+08:00,天坛,5.0,9.0,3.0,26.0,0.3,53.0,Quotsoft/Beijing-monitoring-archive,False
2019-03-22 00:00:00+08:00,永定门内,8.0,17.0,2.0,41.0,0.2,45.0,Quotsoft/Beijing-monitoring-archive,False
2019-03-22 01:00:00+08:00,前门,6.0,11.0,3.0,26.0,0.2,40.0,Quotsoft/Beijing-monitoring-archive,False
2019-03-22 01:00:00+08:00,天坛,7.0,13.0,3.0,28.0,0.3,51.0,Quotsoft/Beijing-monitoring-archive,False
2019-03-22 01:00:00+08:00,永定门内,7.0,13.0,2.0,32.0,0.2,55.0,Quotsoft/Beijing-monitoring-archive,False
2019-03-22 02:00:00+08:00,前门,10.0,,2.0,29.0,0.2,35.0,Quotsoft/Beijing-monitoring-archive,False
2019-03-22 02:00:00+08:00,天坛,6.0,9.0,3.0,25.0,0.3,50.0,Quotsoft/Beijing-monitoring-archive,False
2019-03-22 02:00:00+08:00,永定门内,5.0,16.0,5.0,50.0,0.2,30.0,Quotsoft/Beijing-monitoring-archive,False
2019-03-22 03:00:00+08:00,前门,10.0,,2.0,32.0,0.3,32.0,Quotsoft/Beijing-monitoring-archive,False
2019-03-22 03:00:00+08:00,天坛,10.0,,3.0,24.0,0.3,32.0,Quotsoft/Beijing-monitoring-archive,False
2019-03-22 03:00:00+08:00,永定门内,8.0,15.0,5.0,56.0,0.2,15.0,Quotsoft/Beijing-monitoring-archive,False
2019-03-22 04:00:00+08:00,前门,15.0,21.0,3.0,45.0,0.3,,Quotsoft/Beijing-monitoring-archive,False
2019-03-22 04:00:00+08:00,天坛,10.0,,3.0,31.0,0.3,23.0,Quotsoft/Beijing-monitoring-archive,False
2019-03-22 04:00:00+08:00,永定门内,12.0,17.0,5.0,54.0,0.2,,Quotsoft/Beijing-monitoring-archive,False
2019-03-22 05:00:00+08:00,前门,19.0,44.0,5.0,67.0,0.6,1.0,Quotsoft/Beijing-monitoring-archive,False
2019-03-22 05:00:00+08:00,天坛,8.0,,3.0,31.0,0.3,21.0,Quotsoft/Beijing-monitoring-archive,False
2019-03-22 05:00:00+08:00,永定门内,5.0,28.0,5.0,49.0,0.2,11.0,Quotsoft/Beijing-monitoring-archive,False
2019-03-22 06:00:00+08:00,前门,20.0,44.0,10.0,92.0,0.6,1.0,Quotsoft/Beijing-monitoring-archive,False
2019-03-22 06:00:00+08:00,天坛,3.0,10.0,3.0,39.0,0.3,8.0,Quotsoft/Beijing-monitoring-archive,False
2019-03-22 06:00:00+08:00,永定门内,8.0,54.0,6.0,70.0,0.4,2.0,Quotsoft/Beijing-monitoring-archive,False
2019-03-22 07:00:00+08:00,前门,16.0,16.0,4.0,38.0,0.4,37.0,Quotsoft/Beijing-monitoring-archive,False
2019-03-22 07:00:00+08:00,天坛,4.0,11.0,3.0,40.0,0.4,10.0,Quotsoft/Beijing-monitoring-archive,False
2019-03-22 07:00:00+08:00,永定门内,7.0,29.0,6.0,55.0,0.4,22.0,Quotsoft/Beijing-monitoring-archive,False
2019-03-22 08:00:00+08:00,前门,20.0,,3.0,32.0,0.4,42.0,Quotsoft/Beijing-monitoring-archive,False
2019-03-22 08:00:00+08:00,天坛,3.0,25.0,1.0,31.0,0.4,49.0,Quotsoft/Beijing-monitoring-archive,False
2019-03-22 08:00:00+08:00,永定门内,6.0,13.0,6.0,16.0,0.2,69.0,Quotsoft/Beijing-monitoring-archive,False
2019-03-22 09:00:00+08:00,前门,8.0,9.0,2.0,25.0,0.3,50.0,Quotsoft/Beijing-monitoring-archive,False
2019-03-22 09:00:00+08:00,天坛,8.0,21.0,3.0,27.0,0.4,58.0,Quotsoft/Beijing-monitoring-archive,False
2019-03-22 09:00:00+08:00,永定门内,7.0,20.0,5.0,17.0,0.2,74.0,Quotsoft/Beijing-monitoring-archive,False
2019-03-22 10:00:00+08:00,前门,2.0,10.0,2.0,19.0,0.3,56.0,Quotsoft/Beijing-monitoring-archive,False
2019-03-22 10:00:00+08:00,天坛,5.0,12.0,3.0,18.0,0.4,68.0,Quotsoft/Beijing-monitoring-archive,False
2019-03-22 10:00:00+08:00,永定门内,10.0,10.0,5.0,7.0,0.2,85.0,Quotsoft/Beijing-monitoring-archive,False
2019-03-22 11:00:00+08:00,前门,8.0,14.0,2.0,18.0,0.3,60.0,Quotsoft/Beijing-monitoring-archive,False
2019-03-22 11:00:00+08:00,天坛,6.0,12.0,3.0,15.0,0.4,73.0,Quotsoft/Beijing-monitoring-archive,False
2019-03-22 11:00:00+08:00,永定门内,15.0,,6.0,7.0,0.2,89.0,Quotsoft/Beijing-monitoring-archive,False
2019-03-22 12:00:00+08:00,前门,7.0,13.0,2.0,17.0,0.3,61.0,Quotsoft/Beijing-monitoring-archive,False
2019-03-22 12:00:00+08:00,天坛,4.0,11.0,1.0,13.0,0.3,77.0,Quotsoft/Beijing-monitoring-archive,False
2019-03-22 12:00:00+08:00,永定门内,16.0,,6.0,,0.2,91.0,Quotsoft/Beijing-monitoring-archive,False
2019-03-22 13:00:00+08:00,前门,4.0,,2.0,14.0,0.3,65.0,Quotsoft/Beijing-monitoring-archive,False
2019-03-22 13:00:00+08:00,天坛,12.0,,2.0,13.0,0.3,79.0,Quotsoft/Beijing-monitoring-archive,False
2019-03-22 13:00:00+08:00,永定门内,13.0,,6.0,4.0,0.2,96.0,Quotsoft/Beijing-monitoring-archive,False
2019-03-22 14:00:00+08:00,前门,4.0,12.0,3.0,12.0,0.3,69.0,Quotsoft/Beijing-monitoring-archive,False
2019-03-22 14:00:00+08:00,天坛,7.0,10.0,1.0,13.0,0.4,82.0,Quotsoft/Beijing-monitoring-archive,False
2019-03-22 14:00:00+08:00,永定门内,11.0,14.0,6.0,4.0,0.2,98.0,Quotsoft/Beijing-monitoring-archive,False
2019-03-22 15:00:00+08:00,前门,8.0,13.0,3.0,10.0,0.3,71.0,Quotsoft/Beijing-monitoring-archive,False
2019-03-22 15:00:00+08:00,天坛,6.0,21.0,3.0,13.0,0.4,83.0,Quotsoft/Beijing-monitoring-archive,False
2019-03-22 15:00:00+08:00,永定门内,18.0,,6.0,3.0,0.2,101.0,Quotsoft/Beijing-monitoring-archive,False
2019-03-22 16:00:00+08:00,前门,6.0,15.0,3.0,9.0,0.3,72.0,Quotsoft/Beijing-monitoring-archive,False
2019-03-22 16:00:00+08:00,天坛,2.0,24.0,3.0,12.0,0.3,84.0,Quotsoft/Beijing-monitoring-archive,False
2019-03-22 16:00:00+08:00,永定门内,14.0,24.0,6.0,5.0,0.2,100.0,Quotsoft/Beijing-monitoring-archive,False
2019-03-22 17:00:00+08:00,前门,10.0,16.0,3.0,9.0,0.3,68.0,Quotsoft/Beijing-monitoring-archive,False
2019-03-22 17:00:00+08:00,天坛,13.0,29.0,3.0,14.0,0.3,80.0,Quotsoft/Beijing-monitoring-archive,False
2019-03-22 17:00:00+08:00,永定门内,10.0,22.0,7.0,5.0,0.2,96.0,Quotsoft/Beijing-monitoring-archive,False
2019-03-22 18:00:00+08:00,前门,19.0,20.0,3.0,12.0,0.3,64.0,Quotsoft/Beijing-monitoring-archive,False
2019-03-22 18:00:00+08:00,天坛,6.0,24.0,1.0,17.0,0.4,75.0,Quotsoft/Beijing-monitoring-archive,False
2019-03-22 18:00:00+08:00,永定门内,13.0,23.0,7.0,7.0,0.2,90.0,Quotsoft/Beijing-monitoring-archive,False
2019-03-22 19:00:00+08:00,前门,25.0,35.0,3.0,14.0,0.3,58.0,Quotsoft/Beijing-monitoring-archive,False
2019-03-22 19:00:00+08:00,天坛,9.0,36.0,1.0,19.0,0.4,70.0,Quotsoft/Beijing-monitoring-archive,False
2019-03-22 19:00:00+08:00,永定门内,8.0,42.0,7.0,10.0,0.2,83.0,Quotsoft/Beijing-monitoring-archive,False
2019-03-22 20:00:00+08:00,前门,23.0,57.0,2.0,11.0,0.3,59.0,Quotsoft/Beijing-monitoring-archive,False
2019-03-22 20:00:00+08:00,天坛,8.0,69.0,3.0,17.0,0.4,68.0,Quotsoft/Beijing-monitoring-archive,False
2019-03-22 20:00:00+08:00,永定门内,5.0,70.0,6.0,6.0,0.2,85.0,Quotsoft/Beijing-monitoring-archive,False
2019-03-22 21:00:00+08:00,前门,25.0,53.0,2.0,10.0,0.3,58.0,Quotsoft/Beijing-monitoring-archive,False
2019-03-22 21:00:00+08:00,天坛,10.0,71.0,3.0,16.0,0.3,68.0,Quotsoft/Beijing-monitoring-archive,False
2019-03-22 21:00:00+08:00,永定门内,8.0,69.0,5.0,5.0,0.2,84.0,Quotsoft/Beijing-monitoring-archive,False
2019-03-22 22:00:00+08:00,前门,14.0,43.0,1.0,12.0,0.3,54.0,Quotsoft/Beijing-monitoring-archive,False
2019-03-22 22:00:00+08:00,天坛,10.0,74.0,3.0,14.0,0.3,67.0,Quotsoft/Beijing-monitoring-archive,False
2019-03-22 22:00:00+08:00,永定门内,8.0,58.0,5.0,7.0,0.2,79.0,Quotsoft/Beijing-monitoring-archive,False
2019-03-22 23:00:00+08:00,前门,10.0,36.0,1.0,8.0,0.3,58.0,Quotsoft/Beijing-monitoring-archive,False
2019-03-22 23:00:00+08:00,天坛,5.0,53.0,3.0,11.0,0.3,71.0,Quotsoft/Beijing-monitoring-archive,False
2019-03-22 23:00:00+08:00,永定门内,6.0,50.0,5.0,6.0,0.2,80.0,Quotsoft/Beijing-monitoring-archive,False
2019-03-23 00:00:00+08:00,前门,19.0,45.0,1.0,9.0,0.2,57.0,Quotsoft/Beijing-monitoring-archive,False
2019-03-23 00:00:00+08:00,天坛,1.0,58.0,3.0,12.0,0.3,70.0,Quotsoft/Beijing-monitoring-archive,False
2019-03-23 00:00:00+08:00,永定门内,7.0,52.0,4.0,4.0,0.2,81.0,Quotsoft/Beijing-monitoring-archive,False
2019-03-23 01:00:00+08:00,前门,22.0,38.0,1.0,8.0,0.2,60.0,Quotsoft/Beijing-monitoring-archive,False
2019-03-23 01:00:00+08:00,天坛,3.0,58.0,3.0,10.0,0.3,75.0,Quotsoft/Beijing-monitoring-archive,False
2019-03-23 01:00:00+08:00,永定门内,9.0,43.0,4.0,5.0,0.2,85.0,Quotsoft/Beijing-monitoring-archive,False
2019-03-23 02:00:00+08:00,前门,8.0,27.0,1.0,7.0,0.2,62.0,Quotsoft/Beijing-monitoring-archive,False
2019-03-23 02:00:00+08:00,天坛,4.0,48.0,3.0,9.0,0.3,77.0,Quotsoft/Beijing-monitoring-archive,False
2019-03-23 02:00:00+08:00,永定门内,5.0,34.0,5.0,2.0,0.2,89.0,Quotsoft/Beijing-monitoring-archive,False
2019-03-23 03:00:00+08:00,前门,10.0,17.0,1.0,8.0,0.2,60.0,Quotsoft/Beijing-monitoring-archive,False
2019-03-23 03:00:00+08:00,天坛,5.0,29.0,3.0,10.0,0.3,76.0,Quotsoft/Beijing-monitoring-archive,False
2019-03-23 03:00:00+08:00,永定门内,5.0,19.0,4.0,3.0,0.2,88.0,Quotsoft/Beijing-monitoring-archive,False
2019-03-23 04:00:00+08:00,前门,7.0,14.0,2.0,8.0,0.2,60.0,Quotsoft/Beijing-monitoring-archive,False
2019-03-23 04:00:00+08:00,天坛,7.0,19.0,1.0,13.0,0.3,74.0,Quotsoft/Beijing-monitoring-archive,False
2019-03-23 04:00:00+08:00,永定门内,7.0,15.0,5.0,3.0,0.2,86.0,Quotsoft/Beijing-monitoring-archive,False
2019-03-23 05:00:00+08:00,前门,13.0,14.0,1.0,9.0,0.2,58.0,Quotsoft/Beijing-monitoring-archive,False
2019-03-23 05:00:00+08:00,天坛,9.0,18.0,3.0,11.0,0.3,74.0,Quotsoft/Beijing-monitoring-archive,False
2019-03-23 05:00:00+08:00,永定门内,9.0,14.0,5.0,3.0,0.2,85.0,Quotsoft/Beijing-monitoring-archive,False
2019-03-23 06:00:00+08:00,前门,6.0,18.0,1.0,14.0,0.3,54.0,Quotsoft/Beijing-monitoring-archive,False
2019-03-23 06:00:00+08:00,天坛,8.0,17.0,3.0,17.0,0.3,68.0,Quotsoft/Beijing-monitoring-archive,False
2019-03-23 06:00:00+08:00,永定门内,6.0,15.0,4.0,10.0,0.2,76.0,Quotsoft/Beijing-monitoring-archive,False
2019-03-23 07:00:00+08:00,前门,12.0,14.0,1.0,18.0,0.3,47.0,Quotsoft/Beijing-monitoring-archive,False
2019-03-23 07:00:00+08:00,天坛,13.0,25.0,3.0,28.0,0.3,57.0,Quotsoft/Beijing-monitoring-archive,False
2019-03-23 07:00:00+08:00,永定门内,6.0,16.0,4.0,14.0,0.2,68.0,Quotsoft/Beijing-monitoring-archive,False
2019-03-23 08:00:00+08:00,前门,20.0,,2.0,17.0,0.3,48.0,Quotsoft/Beijing-monitoring-archive,False
2019-03-23 08:00:00+08:00,天坛,9.0,27.0,1.0,32.0,0.4,55.0,Quotsoft/Beijing-monitoring-archive,False
2019-03-23 08:00:00+08:00,永定门内,7.0,20.0,5.0,15.0,0.3,66.0,Quotsoft/Beijing-monitoring-archive,False
2019-03-23 09:00:00+08:00,前门,17.0,18.0,2.0,15.0,0.3,52.0,Quotsoft/Beijing-monitoring-archive,False
2019-03-23 09:00:00+08:00,天坛,9.0,30.0,2.0,24.0,0.4,63.0,Quotsoft/Beijing-monitoring-archive,False
2019-03-23 09:00:00+08:00,永定门内,8.0,23.0,6.0,8.0,0.2,76.0,Quotsoft/Beijing-monitoring-archive,False
2019-03-23 10:00:00+08:00,前门,12.0,21.0,2.0,14.0,0.3,53.0,Quotsoft/Beijing-monitoring-archive,False
2019-03-23 10:00:00+08:00,天坛,6.0,30.0,1.0,25.0,0.4,65.0,Quotsoft/Beijing-monitoring-archive,False
2019-03-23 10:00:00+08:00,永定门内,10.0,22.0,5.0,8.0,0.3,77.0,Quotsoft/Beijing-monitoring-archive,False
2019-03-23 11:00:00+08:00,前门,3.0,23.0,2.0,13.0,0.4,55.0,Quotsoft/Beijing-monitoring-archive,False
2019-03-23 11:00:00+08:00,天坛,7.0,27.0,1.0,23.0,0.4,67.0,Quotsoft/Beijing-monitoring-archive,False
2019-03-23 11:00:00+08:00,永定门内,18.0,21.0,6.0,8.0,0.3,79.0,Quotsoft/Beijing-monitoring-archive,False
2019-03-23 12:00:00+08:00,前门,13.0,17.0,2.0,12.0,0.4,58.0,Quotsoft/Beijing-monitoring-archive,False
2019-03-23 12:00:00+08:00,天坛,4.0,23.0,1.0,22.0,0.4,71.0,Quotsoft/Beijing-monitoring-archive,False
2019-03-23 12:00:00+08:00,永定门内,16.0,,5.0,8.0,0.3,78.0,Quotsoft/Beijing-monitoring-archive,False
2019-03-23 13:00:00+08:00,前门,16.0,,2.0,15.0,0.3,59.0,Quotsoft/Beijing-monitoring-archive,False
2019-03-23 13:00:00+08:00,天坛,11.0,18.0,3.0,19.0,0.4,75.0,Quotsoft/Beijing-monitoring-archive,False
2019-03-23 13:00:00+08:00,永定门内,21.0,,5.0,5.0,0.2,90.0,Quotsoft/Beijing-monitoring-archive,False
2019-03-23 14:00:00+08:00,前门,6.0,8.0,2.0,17.0,0.3,61.0,Quotsoft/Beijing-monitoring-archive,False
2019-03-23 14:00:00+08:00,天坛,9.0,11.0,3.0,21.0,0.4,76.0,Quotsoft/Beijing-monitoring-archive,False
2019-03-23 14:00:00+08:00,永定门内,15.0,,5.0,6.0,0.2,89.0,Quotsoft/Beijing-monitoring-archive,False
2019-03-23 15:00:00+08:00,前门,8.0,9.0,2.0,15.0,0.3,62.0,Quotsoft/Beijing-monitoring-archive,False
2019-03-23 15:00:00+08:00,天坛,7.0,16.0,3.0,20.0,0.4,78.0,Quotsoft/Beijing-monitoring-archive,False
2019-03-23 15:00:00+08:00,永定门内,10.0,17.0,5.0,9.0,0.2,85.0,Quotsoft/Beijing-monitoring-archive,False
2019-03-23 16:00:00+08:00,前门,9.0,14.0,2.0,16.0,0.3,63.0,Quotsoft/Beijing-monitoring-archive,False
2019-03-23 16:00:00+08:00,天坛,7.0,14.0,3.0,,0.3,84.0,Quotsoft/Beijing-monitoring-archive,False
2019-03-23 16:00:00+08:00,永定门内,12.0,24.0,6.0,10.0,0.2,90.0,Quotsoft/Beijing-monitoring-archive,False
2019-03-23 17:00:00+08:00,前门,14.0,26.0,2.0,17.0,0.3,71.0,Quotsoft/Beijing-monitoring-archive,False
2019-03-23 17:00:00+08:00,天坛,14.0,22.0,3.0,10.0,0.3,95.0,Quotsoft/Beijing-monitoring-archive,False
2019-03-23 17:00:00+08:00,永定门内,16.0,31.0,6.0,11.0,0.2,101.0,Quotsoft/Beijing-monitoring-archive,False
2019-03-23 18:00:00+08:00,前门,13.0,36.0,3.0,21.0,0.4,63.0,Quotsoft/Beijing-monitoring-archive,False
2019-03-23 18:00:00+08:00,天坛,13.0,25.0,3.0,13.0,0.3,84.0,Quotsoft/Beijing-monitoring-archive,False
2019-03-23 18:00:00+08:00,永定门内,21.0,39.0,6.0,13.0,0.2,91.0,Quotsoft/Beijing-monitoring-archive,False
2019-03-23 19:00:00+08:00,前门,23.0,41.0,3.0,26.0,0.4,57.0,Quotsoft/Beijing-monitoring-archive,False
2019-03-23 19:00:00+08:00,天坛,15.0,32.0,1.0,18.0,0.3,79.0,Quotsoft/Beijing-monitoring-archive,False
2019-03-23 19:00:00+08:00,永定门内,20.0,48.0,7.0,17.0,0.2,86.0,Quotsoft/Beijing-monitoring-archive,False
2019-03-23 20:00:00+08:00,前门,23.0,59.0,5.0,28.0,0.4,55.0,Quotsoft/Beijing-monitoring-archive,False
2019-03-23 20:00:00+08:00,天坛,20.0,45.0,3.0,21.0,0.3,76.0,Quotsoft/Beijing-monitoring-archive,False
2019-03-23 20:00:00+08:00,永定门内,22.0,55.0,9.0,20.0,0.3,81.0,Quotsoft/Beijing-monitoring-archive,False
2019-03-23 21:00:00+08:00,前门,27.0,46.0,5.0,27.0,0.4,55.0,Quotsoft/Beijing-monitoring-archive,False
2019-03-23 21:00:00+08:00,天坛,23.0,43.0,3.0,26.0,0.3,70.0,Quotsoft/Beijing-monitoring-archive,False
2019-03-23 21:00:00+08:00,永定门内,21.0,48.0,9.0,26.0,0.3,65.0,Quotsoft/Beijing-monitoring-archive,False
2019-03-23 22:00:00+08:00,前门,26.0,44.0,5.0,30.0,0.4,47.0,Quotsoft/Beijing-monitoring-archive,False
2019-03-23 22:00:00+08:00,天坛,19.0,44.0,1.0,30.0,0.4,60.0,Quotsoft/Beijing-monitoring-archive,False
2019-03-23 22:00:00+08:00,永定门内,22.0,48.0,8.0,29.0,0.3,61.0,Quotsoft/Beijing-monitoring-archive,False
2019-03-23 23:00:00+08:00,前门,32.0,49.0,5.0,32.0,0.4,43.0,Quotsoft/Beijing-monitoring-archive,False
2019-03-23 23:00:00+08:00,天坛,23.0,45.0,2.0,32.0,0.4,54.0,Quotsoft/Beijing-monitoring-archive,False
2019-03-23 23:00:00+08:00,永定门内,28.0,55.0,9.0,33.0,0.3,52.0,Quotsoft/Beijing-monitoring-archive,False
2019-03-24 00:00:00+08:00,前门,27.0,57.0,6.0,38.0,0.4,33.0,Quotsoft/Beijing-monitoring-archive,False
2019-03-24 00:00:00+08:00,天坛,29.0,55.0,5.0,37.0,0.4,45.0,Quotsoft/Beijing-monitoring-archive,False
2019-03-24 00:00:00+08:00,永定门内,28.0,67.0,12.0,36.0,0.3,44.0,Quotsoft/Beijing-monitoring-archive,False
2019-03-24 01:00:00+08:00,前门,34.0,76.0,10.0,45.0,0.4,25.0,Quotsoft/Beijing-monitoring-archive,False
2019-03-24 01:00:00+08:00,天坛,33.0,58.0,6.0,42.0,0.4,37.0,Quotsoft/Beijing-monitoring-archive,False
2019-03-24 01:00:00+08:00,永定门内,29.0,84.0,15.0,35.0,0.3,39.0,Quotsoft/Beijing-monitoring-archive,False
2019-03-24 02:00:00+08:00,前门,43.0,84.0,9.0,48.0,0.4,22.0,Quotsoft/Beijing-monitoring-archive,False
2019-03-24 02:00:00+08:00,天坛,34.0,65.0,4.0,47.0,0.5,33.0,Quotsoft/Beijing-monitoring-archive,False
2019-03-24 02:00:00+08:00,永定门内,34.0,81.0,12.0,39.0,0.4,32.0,Quotsoft/Beijing-monitoring-archive,False
2019-03-24 03:00:00+08:00,前门,37.0,73.0,9.0,50.0,0.4,18.0,Quotsoft/Beijing-monitoring-archive,False
2019-03-24 03:00:00+08:00,天坛,34.0,70.0,4.0,48.0,0.5,28.0,Quotsoft/Beijing-monitoring-archive,False
2019-03-24 03:00:00+08:00,永定门内,37.0,77.0,14.0,38.0,0.4,30.0,Quotsoft/Beijing-monitoring-archive,False
2019-03-24 04:00:00+08:00,前门,39.0,72.0,9.0,54.0,0.4,,Quotsoft/Beijing-monitoring-archive,False
2019-03-24 04:00:00+08:00,天坛,34.0,65.0,2.0,48.0,0.5,23.0,Quotsoft/Beijing-monitoring-archive,False
2019-03-24 04:00:00+08:00,永定门内,42.0,80.0,10.0,42.0,0.4,,Quotsoft/Beijing-monitoring-archive,False
2019-03-24 05:00:00+08:00,前门,47.0,70.0,7.0,64.0,0.5,7.0,Quotsoft/Beijing-monitoring-archive,False
2019-03-24 05:00:00+08:00,天坛,38.0,63.0,3.0,50.0,0.5,15.0,Quotsoft/Beijing-monitoring-archive,False
2019-03-24 05:00:00+08:00,永定门内,45.0,93.0,7.0,69.0,0.5,4.0,Quotsoft/Beijing-monitoring-archive,False
2019-03-24 06:00:00+08:00,前门,51.0,92.0,9.0,85.0,0.6,3.0,Quotsoft/Beijing-monitoring-archive,False
2019-03-24 06:00:00+08:00,天坛,39.0,69.0,3.0,62.0,0.5,7.0,Quotsoft/Beijing-monitoring-archive,False
2019-03-24 06:00:00+08:00,永定门内,45.0,94.0,6.0,68.0,0.5,2.0,Quotsoft/Beijing-monitoring-archive,False
2019-03-24 07:00:00+08:00,前门,56.0,103.0,9.0,77.0,0.7,3.0,Quotsoft/Beijing-monitoring-archive,False
2019-03-24 07:00:00+08:00,天坛,43.0,65.0,3.0,58.0,0.6,8.0,Quotsoft/Beijing-monitoring-archive,False
2019-03-24 07:00:00+08:00,永定门内,52.0,142.0,5.0,71.0,0.7,2.0,Quotsoft/Beijing-monitoring-archive,False
2019-03-24 08:00:00+08:00,前门,50.0,100.0,9.0,72.0,0.7,6.0,Quotsoft/Beijing-monitoring-archive,False
2019-03-24 08:00:00+08:00,天坛,54.0,80.0,3.0,54.0,0.6,14.0,Quotsoft/Beijing-monitoring-archive,False
2019-03-24 08:00:00+08:00,永定门内,54.0,126.0,10.0,69.0,0.7,9.0,Quotsoft/Beijing-monitoring-archive,False
2019-03-24 09:00:00+08:00,前门,54.0,88.0,10.0,68.0,0.7,12.0,Quotsoft/Beijing-monitoring-archive,False
2019-03-24 09:00:00+08:00,天坛,52.0,94.0,7.0,57.0,0.6,25.0,Quotsoft/Beijing-monitoring-archive,False
2019-03-24 09:00:00+08:00,永定门内,52.0,100.0,14.0,60.0,0.6,21.0,Quotsoft/Beijing-monitoring-archive,False
2019-03-24 10:00:00+08:00,前门,65.0,87.0,11.0,64.0,0.6,18.0,Quotsoft/Beijing-monitoring-archive,False
2019-03-24 10:00:00+08:00,天坛,61.0,100.0,10.0,57.0,0.7,31.0,Quotsoft/Beijing-monitoring-archive,False
2019-03-24 10:00:00+08:00,永定门内,65.0,103.0,17.0,62.0,0.7,27.0,Quotsoft/Beijing-monitoring-archive,False
2019-03-24 11:00:00+08:00,前门,55.0,83.0,11.0,59.0,0.6,30.0,Quotsoft/Beijing-monitoring-archive,False
2019-03-24 11:00:00+08:00,天坛,56.0,88.0,10.0,51.0,0.6,43.0,Quotsoft/Beijing-monitoring-archive,False
2019-03-24 11:00:00+08:00,永定门内,62.0,81.0,15.0,54.0,0.6,44.0,Quotsoft/Beijing-monitoring-archive,False
2019-03-24 12:00:00+08:00,前门,49.0,60.0,10.0,53.0,0.6,40.0,Quotsoft/Beijing-monitoring-archive,False
2019-03-24 12:00:00+08:00,天坛,45.0,68.0,8.0,41.0,0.6,58.0,Quotsoft/Beijing-monitoring-archive,False
2019-03-24 12:00:00+08:00,永定门内,50.0,69.0,11.0,47.0,0.5,60.0,Quotsoft/Beijing-monitoring-archive,False
2019-03-24 13:00:00+08:00,前门,46.0,58.0,9.0,47.0,0.5,48.0,Quotsoft/Beijing-monitoring-archive,False
2019-03-24 13:00:00+08:00,天坛,40.0,62.0,6.0,31.0,0.5,69.0,Quotsoft/Beijing-monitoring-archive,False
2019-03-24 13:00:00+08:00,永定门内,48.0,71.0,12.0,34.0,0.5,75.0,Quotsoft/Beijing-monitoring-archive,False
2019-03-24 14:00:00+08:00,前门,39.0,70.0,9.0,45.0,0.5,57.0,Quotsoft/Beijing-monitoring-archive,False
2019-03-24 14:00:00+08:00,天坛,47.0,66.0,6.0,26.0,0.5,78.0,Quotsoft/Beijing-monitoring-archive,False
2019-03-24 14:00:00+08:00,永定门内,45.0,79.0,11.0,31.0,0.4,85.0,Quotsoft/Beijing-monitoring-archive,False
2019-03-24 15:00:00+08:00,前门,34.0,57.0,8.0,38.0,0.4,64.0,Quotsoft/Beijing-monitoring-archive,False
2019-03-24 15:00:00+08:00,天坛,41.0,58.0,5.0,18.0,0.5,87.0,Quotsoft/Beijing-monitoring-archive,False
2019-03-24 15:00:00+08:00,永定门内,41.0,64.0,11.0,23.0,0.4,97.0,Quotsoft/Beijing-monitoring-archive,False
2019-03-24 16:00:00+08:00,前门,35.0,61.0,7.0,32.0,0.4,72.0,Quotsoft/Beijing-monitoring-archive,False
2019-03-24 16:00:00+08:00,天坛,39.0,61.0,5.0,17.0,0.5,90.0,Quotsoft/Beijing-monitoring-archive,False
2019-03-24 16:00:00+08:00,永定门内,39.0,68.0,10.0,22.0,0.4,102.0,Quotsoft/Beijing-monitoring-archive,False
2019-03-24 17:00:00+08:00,前门,34.0,64.0,8.0,33.0,0.5,67.0,Quotsoft/Beijing-monitoring-archive,False
2019-03-24 17:00:00+08:00,天坛,29.0,66.0,5.0,16.0,0.5,90.0,Quotsoft/Beijing-monitoring-archive,False
2019-03-24 17:00:00+08:00,永定门内,28.0,75.0,11.0,25.0,0.4,96.0,Quotsoft/Beijing-monitoring-archive,False
2019-03-24 18:00:00+08:00,前门,26.0,69.0,8.0,35.0,0.5,65.0,Quotsoft/Beijing-monitoring-archive,False
2019-03-24 18:00:00+08:00,天坛,28.0,75.0,5.0,20.0,0.5,87.0,Quotsoft/Beijing-monitoring-archive,False
2019-03-24 18:00:00+08:00,永定门内,30.0,84.0,11.0,24.0,0.4,99.0,Quotsoft/Beijing-monitoring-archive,False
2019-03-24 19:00:00+08:00,前门,29.0,79.0,8.0,40.0,0.5,58.0,Quotsoft/Beijing-monitoring-archive,False
2019-03-24 19:00:00+08:00,天坛,33.0,85.0,5.0,25.0,0.5,79.0,Quotsoft/Beijing-monitoring-archive,False
2019-03-24 19:00:00+08:00,永定门内,34.0,92.0,10.0,30.0,0.4,90.0,Quotsoft/Beijing-monitoring-archive,False
2019-03-24 20:00:00+08:00,前门,34.0,85.0,9.0,46.0,0.5,49.0,Quotsoft/Beijing-monitoring-archive,False
2019-03-24 20:00:00+08:00,天坛,27.0,86.0,6.0,29.0,0.5,70.0,Quotsoft/Beijing-monitoring-archive,False
2019-03-24 20:00:00+08:00,永定门内,35.0,95.0,12.0,34.0,0.4,80.0,Quotsoft/Beijing-monitoring-archive,False
2019-03-24 21:00:00+08:00,前门,33.0,87.0,11.0,48.0,0.6,40.0,Quotsoft/Beijing-monitoring-archive,False
2019-03-24 21:00:00+08:00,天坛,43.0,93.0,9.0,38.0,0.5,56.0,Quotsoft/Beijing-monitoring-archive,False
2019-03-24 21:00:00+08:00,永定门内,51.0,108.0,14.0,45.0,0.5,60.0,Quotsoft/Beijing-monitoring-archive,False
2019-03-24 22:00:00+08:00,前门,42.0,90.0,11.0,57.0,0.6,28.0,Quotsoft/Beijing-monitoring-archive,False
2019-03-24 22:00:00+08:00,天坛,46.0,98.0,7.0,49.0,0.6,39.0,Quotsoft/Beijing-monitoring-archive,False
2019-03-24 22:00:00+08:00,永定门内,53.0,109.0,15.0,57.0,0.5,41.0,Quotsoft/Beijing-monitoring-archive,False
2019-03-24 23:00:00+08:00,前门,56.0,92.0,10.0,73.0,0.7,9.0,Quotsoft/Beijing-monitoring-archive,False
2019-03-24 23:00:00+08:00,天坛,47.0,90.0,4.0,54.0,0.6,28.0,Quotsoft/Beijing-monitoring-archive,False
2019-03-24 23:00:00+08:00,永定门内,55.0,101.0,14.0,73.0,0.6,15.0,Quotsoft/Beijing-monitoring-archive,False
2019-03-25 00:00:00+08:00,前门,55.0,102.0,11.0,78.0,0.8,3.0,Quotsoft/Beijing-monitoring-archive,False
2019-03-25 00:00:00+08:00,天坛,40.0,81.0,1.0,59.0,0.6,12.0,Quotsoft/Beijing-monitoring-archive,False
2019-03-25 00:00:00+08:00,永定门内,51.0,128.0,10.0,76.0,0.8,2.0,Quotsoft/Beijing-monitoring-archive,False
2019-03-25 01:00:00+08:00,前门,67.0,101.0,9.0,78.0,0.8,2.0,Quotsoft/Beijing-monitoring-archive,False
2019-03-25 01:00:00+08:00,天坛,43.0,71.0,3.0,63.0,0.7,4.0,Quotsoft/Beijing-monitoring-archive,False
2019-03-25 01:00:00+08:00,永定门内,61.0,144.0,7.0,74.0,0.9,2.0,Quotsoft/Beijing-monitoring-archive,False
2019-03-25 02:00:00+08:00,前门,66.0,101.0,9.0,77.0,0.9,2.0,Quotsoft/Beijing-monitoring-archive,False
2019-03-25 02:00:00+08:00,天坛,47.0,75.0,3.0,62.0,0.8,4.0,Quotsoft/Beijing-monitoring-archive,False
2019-03-25 02:00:00+08:00,永定门内,64.0,154.0,7.0,76.0,0.9,1.0,Quotsoft/Beijing-monitoring-archive,False
2019-03-25 03:00:00+08:00,前门,60.0,102.0,9.0,75.0,0.9,2.0,Quotsoft/Beijing-monitoring-archive,False
2019-03-25 03:00:00+08:00,天坛,48.0,88.0,1.0,66.0,0.8,4.0,Quotsoft/Beijing-monitoring-archive,False
2019-03-25 03:00:00+08:00,永定门内,70.0,224.0,7.0,66.0,1.0,2.0,Quotsoft/Beijing-monitoring-archive,False
2019-03-25 04:00:00+08:00,前门,60.0,109.0,10.0,75.0,1.0,2.0,Quotsoft/Beijing-monitoring-archive,False
2019-03-25 04:00:00+08:00,天坛,52.0,101.0,1.0,67.0,0.9,4.0,Quotsoft/Beijing-monitoring-archive,False
2019-03-25 04:00:00+08:00,永定门内,68.0,169.0,7.0,63.0,0.9,2.0,Quotsoft/Beijing-monitoring-archive,False
2019-03-25 05:00:00+08:00,前门,65.0,100.0,9.0,74.0,1.0,2.0,Quotsoft/Beijing-monitoring-archive,False
2019-03-25 05:00:00+08:00,天坛,50.0,108.0,2.0,61.0,0.9,4.0,Quotsoft/Beijing-monitoring-archive,False
2019-03-25 05:00:00+08:00,永定门内,61.0,134.0,5.0,58.0,0.9,1.0,Quotsoft/Beijing-monitoring-archive,False
2019-03-25 06:00:00+08:00,前门,52.0,105.0,11.0,79.0,1.2,2.0,Quotsoft/Beijing-monitoring-archive,False
2019-03-25 06:00:00+08:00,天坛,49.0,91.0,2.0,56.0,1.0,5.0,Quotsoft/Beijing-monitoring-archive,False
2019-03-25 06:00:00+08:00,永定门内,68.0,164.0,7.0,58.0,1.0,1.0,Quotsoft/Beijing-monitoring-archive,False
2019-03-25 07:00:00+08:00,前门,43.0,100.0,11.0,75.0,1.4,2.0,Quotsoft/Beijing-monitoring-archive,False
2019-03-25 07:00:00+08:00,天坛,52.0,87.0,1.0,54.0,1.0,5.0,Quotsoft/Beijing-monitoring-archive,False
2019-03-25 07:00:00+08:00,永定门内,65.0,217.0,7.0,64.0,1.5,1.0,Quotsoft/Beijing-monitoring-archive,False
2019-03-25 08:00:00+08:00,前门,47.0,76.0,9.0,79.0,1.2,3.0,Quotsoft/Beijing-monitoring-archive,False
2019-03-25 08:00:00+08:00,天坛,57.0,121.0,3.0,60.0,1.3,6.0,Quotsoft/Beijing-monitoring-archive,False
2019-03-25 08:00:00+08:00,永定门内,51.0,163.0,8.0,67.0,1.7,3.0,Quotsoft/Beijing-monitoring-archive,False
2019-03-25 09:00:00+08:00,前门,28.0,43.0,7.0,70.0,0.8,14.0,Quotsoft/Beijing-monitoring-archive,False
2019-03-25 09:00:00+08:00,天坛,37.0,100.0,2.0,65.0,0.9,22.0,Quotsoft/Beijing-monitoring-archive,False
2019-03-25 09:00:00+08:00,永定门内,43.0,73.0,8.0,69.0,1.1,21.0,Quotsoft/Beijing-monitoring-archive,False
2019-03-25 10:00:00+08:00,前门,21.0,31.0,5.0,44.0,0.5,39.0,Quotsoft/Beijing-monitoring-archive,False
2019-03-25 10:00:00+08:00,天坛,17.0,41.0,2.0,35.0,0.5,55.0,Quotsoft/Beijing-monitoring-archive,False
2019-03-25 10:00:00+08:00,永定门内,20.0,28.0,6.0,30.0,0.4,67.0,Quotsoft/Beijing-monitoring-archive,False
2019-03-25 11:00:00+08:00,前门,12.0,32.0,4.0,29.0,0.4,56.0,Quotsoft/Beijing-monitoring-archive,False
2019-03-25 11:00:00+08:00,天坛,8.0,44.0,1.0,23.0,0.5,71.0,Quotsoft/Beijing-monitoring-archive,False
2019-03-25 11:00:00+08:00,永定门内,9.0,25.0,5.0,18.0,0.3,88.0,Quotsoft/Beijing-monitoring-archive,False
2019-03-25 12:00:00+08:00,前门,7.0,13.0,3.0,23.0,0.3,65.0,Quotsoft/Beijing-monitoring-archive,False
2019-03-25 12:00:00+08:00,天坛,16.0,34.0,3.0,17.0,0.4,80.0,Quotsoft/Beijing-monitoring-archive,False
2019-03-25 12:00:00+08:00,永定门内,8.0,17.0,5.0,10.0,0.3,100.0,Quotsoft/Beijing-monitoring-archive,False
2019-03-25 13:00:00+08:00,前门,4.0,8.0,4.0,21.0,0.3,69.0,Quotsoft/Beijing-monitoring-archive,False
2019-03-25 13:00:00+08:00,天坛,5.0,20.0,3.0,15.0,0.4,84.0,Quotsoft/Beijing-monitoring-archive,False
2019-03-25 13:00:00+08:00,永定门内,4.0,6.0,4.0,7.0,0.2,107.0,Quotsoft/Beijing-monitoring-archive,False
2019-03-25 14:00:00+08:00,前门,2.0,12.0,4.0,21.0,0.3,72.0,Quotsoft/Beijing-monitoring-archive,False
2019-03-25 14:00:00+08:00,天坛,6.0,21.0,3.0,15.0,0.3,87.0,Quotsoft/Beijing-monitoring-archive,False
2019-03-25 14:00:00+08:00,永定门内,14.0,18.0,5.0,8.0,0.2,108.0,Quotsoft/Beijing-monitoring-archive,False
2019-03-25 15:00:00+08:00,前门,8.0,27.0,4.0,20.0,0.3,76.0,Quotsoft/Beijing-monitoring-archive,False
2019-03-25 15:00:00+08:00,天坛,10.0,39.0,3.0,17.0,0.3,90.0,Quotsoft/Beijing-monitoring-archive,False
2019-03-25 15:00:00+08:00,永定门内,9.0,28.0,6.0,8.0,0.2,118.0,Quotsoft/Beijing-monitoring-archive,False
2019-03-25 16:00:00+08:00,前门,12.0,18.0,4.0,18.0,0.3,78.0,Quotsoft/Beijing-monitoring-archive,False
2019-03-25 16:00:00+08:00,天坛,11.0,32.0,3.0,16.0,0.3,91.0,Quotsoft/Beijing-monitoring-archive,False
2019-03-25 16:00:00+08:00,永定门内,11.0,21.0,6.0,8.0,0.2,116.0,Quotsoft/Beijing-monitoring-archive,False
2019-03-25 17:00:00+08:00,前门,8.0,18.0,3.0,17.0,0.3,79.0,Quotsoft/Beijing-monitoring-archive,False
2019-03-25 17:00:00+08:00,天坛,16.0,26.0,3.0,17.0,0.3,92.0,Quotsoft/Beijing-monitoring-archive,False
2019-03-25 17:00:00+08:00,永定门内,9.0,22.0,5.0,10.0,0.3,114.0,Quotsoft/Beijing-monitoring-archive,False
2019-03-25 18:00:00+08:00,前门,10.0,21.0,4.0,18.0,0.3,75.0,Quotsoft/Beijing-monitoring-archive,False
2019-03-25 18:00:00+08:00,天坛,13.0,26.0,3.0,22.0,0.4,84.0,Quotsoft/Beijing-monitoring-archive,False
2019-03-25 18:00:00+08:00,永定门内,15.0,27.0,5.0,16.0,0.3,106.0,Quotsoft/Beijing-monitoring-archive,False
2019-03-25 19:00:00+08:00,前门,8.0,24.0,4.0,25.0,0.3,68.0,Quotsoft/Beijing-monitoring-archive,False
2019-03-25 19:00:00+08:00,天坛,12.0,33.0,3.0,31.0,0.4,74.0,Quotsoft/Beijing-monitoring-archive,False
2019-03-25 19:00:00+08:00,永定门内,12.0,29.0,4.0,18.0,0.3,102.0,Quotsoft/Beijing-monitoring-archive,False
2019-03-25 20:00:00+08:00,前门,20.0,32.0,3.0,33.0,0.5,56.0,Quotsoft/Beijing-monitoring-archive,False
2019-03-25 20:00:00+08:00,天坛,14.0,40.0,3.0,27.0,0.4,56.0,Quotsoft/Beijing-monitoring-archive,False
2019-03-25 20:00:00+08:00,永定门内,17.0,46.0,4.0,38.0,0.4,68.0,Quotsoft/Beijing-monitoring-archive,False
2019-03-25 21:00:00+08:00,前门,19.0,38.0,3.0,44.0,0.5,39.0,Quotsoft/Beijing-monitoring-archive,False
2019-03-25 21:00:00+08:00,天坛,18.0,38.0,3.0,54.0,0.6,29.0,Quotsoft/Beijing-monitoring-archive,False
2019-03-25 21:00:00+08:00,永定门内,25.0,55.0,4.0,77.0,0.6,24.0,Quotsoft/Beijing-monitoring-archive,False
2019-03-25 22:00:00+08:00,前门,13.0,32.0,3.0,38.0,0.4,45.0,Quotsoft/Beijing-monitoring-archive,False
2019-03-25 22:00:00+08:00,天坛,15.0,40.0,3.0,49.0,0.5,45.0,Quotsoft/Beijing-monitoring-archive,False
2019-03-25 22:00:00+08:00,永定门内,24.0,41.0,4.0,55.0,0.5,48.0,Quotsoft/Beijing-monitoring-archive,False
2019-03-25 23:00:00+08:00,前门,20.0,25.0,3.0,29.0,0.3,51.0,Quotsoft/Beijing-monitoring-archive,False
2019-03-25 23:00:00+08:00,天坛,10.0,34.0,3.0,37.0,0.4,54.0,Quotsoft/Beijing-monitoring-archive,False
2019-03-25 23:00:00+08:00,永定门内,12.0,32.0,3.0,32.0,0.3,70.0,Quotsoft/Beijing-monitoring-archive,False
2019-03-26 00:00:00+08:00,前门,5.0,21.0,3.0,43.0,0.3,36.0,Quotsoft/Beijing-monitoring-archive,False
2019-03-26 00:00:00+08:00,天坛,10.0,34.0,3.0,54.0,0.4,34.0,Quotsoft/Beijing-monitoring-archive,False
2019-03-26 00:00:00+08:00,永定门内,11.0,36.0,5.0,54.0,0.3,38.0,Quotsoft/Beijing-monitoring-archive,False
2019-03-26 01:00:00+08:00,前门,16.0,24.0,3.0,53.0,0.3,28.0,Quotsoft/Beijing-monitoring-archive,False
2019-03-26 01:00:00+08:00,天坛,11.0,26.0,3.0,51.0,0.4,26.0,Quotsoft/Beijing-monitoring-archive,False
2019-03-26 01:00:00+08:00,永定门内,16.0,65.0,5.0,76.0,0.5,7.0,Quotsoft/Beijing-monitoring-archive,False
2019-03-26 02:00:00+08:00,前门,28.0,37.0,4.0,78.0,0.4,3.0,Quotsoft/Beijing-monitoring-archive,False
2019-03-26 02:00:00+08:00,天坛,11.0,30.0,1.0,55.0,0.4,18.0,Quotsoft/Beijing-monitoring-archive,False
2019-03-26 02:00:00+08:00,永定门内,11.0,42.0,6.0,70.0,0.4,4.0,Quotsoft/Beijing-monitoring-archive,False
2019-03-26 03:00:00+08:00,前门,15.0,34.0,4.0,81.0,0.3,2.0,Quotsoft/Beijing-monitoring-archive,False
2019-03-26 03:00:00+08:00,天坛,14.0,30.0,1.0,68.0,0.5,4.0,Quotsoft/Beijing-monitoring-archive,False
2019-03-26 03:00:00+08:00,永定门内,14.0,51.0,6.0,78.0,0.3,1.0,Quotsoft/Beijing-monitoring-archive,False
2019-03-26 04:00:00+08:00,前门,45.0,61.0,6.0,75.0,0.5,,Quotsoft/Beijing-monitoring-archive,False
2019-03-26 04:00:00+08:00,天坛,23.0,60.0,5.0,68.0,0.6,18.0,Quotsoft/Beijing-monitoring-archive,False
2019-03-26 04:00:00+08:00,永定门内,21.0,67.0,9.0,68.0,0.4,,Quotsoft/Beijing-monitoring-archive,False
2019-03-26 05:00:00+08:00,前门,34.0,64.0,5.0,48.0,0.4,29.0,Quotsoft/Beijing-monitoring-archive,False
2019-03-26 05:00:00+08:00,天坛,28.0,74.0,3.0,42.0,0.5,42.0,Quotsoft/Beijing-monitoring-archive,False
2019-03-26 05:00:00+08:00,永定门内,27.0,72.0,9.0,44.0,0.4,46.0,Quotsoft/Beijing-monitoring-archive,False
2019-03-26 06:00:00+08:00,前门,22.0,58.0,6.0,74.0,0.5,18.0,Quotsoft/Beijing-monitoring-archive,False
2019-03-26 06:00:00+08:00,天坛,24.0,56.0,2.0,32.0,0.5,52.0,Quotsoft/Beijing-monitoring-archive,False
2019-03-26 06:00:00+08:00,永定门内,20.0,55.0,8.0,39.0,0.3,51.0,Quotsoft/Beijing-monitoring-archive,False
2019-03-26 07:00:00+08:00,前门,30.0,49.0,6.0,51.0,0.7,30.0,Quotsoft/Beijing-monitoring-archive,False
2019-03-26 07:00:00+08:00,天坛,25.0,54.0,5.0,44.0,0.7,39.0,Quotsoft/Beijing-monitoring-archive,False
2019-03-26 07:00:00+08:00,永定门内,26.0,62.0,10.0,47.0,0.6,41.0,Quotsoft/Beijing-monitoring-archive,False
2019-03-26 08:00:00+08:00,前门,45.0,60.0,10.0,57.0,1.0,24.0,Quotsoft/Beijing-monitoring-archive,False
2019-03-26 08:00:00+08:00,天坛,32.0,79.0,9.0,47.0,1.1,35.0,Quotsoft/Beijing-monitoring-archive,False
2019-03-26 08:00:00+08:00,永定门内,32.0,69.0,15.0,49.0,1.1,38.0,Quotsoft/Beijing-monitoring-archive,False
2019-03-26 09:00:00+08:00,前门,40.0,73.0,13.0,66.0,1.1,20.0,Quotsoft/Beijing-monitoring-archive,False
2019-03-26 09:00:00+08:00,天坛,35.0,83.0,11.0,37.0,1.1,44.0,Quotsoft/Beijing-monitoring-archive,False
2019-03-26 09:00:00+08:00,永定门内,33.0,77.0,16.0,42.0,1.0,46.0,Quotsoft/Beijing-monitoring-archive,False
2019-03-26 10:00:00+08:00,前门,34.0,91.0,13.0,63.0,1.1,27.0,Quotsoft/Beijing-monitoring-archive,False
2019-03-26 10:00:00+08:00,天坛,39.0,98.0,11.0,35.0,1.1,47.0,Quotsoft/Beijing-monitoring-archive,False
2019-03-26 10:00:00+08:00,永定门内,48.0,96.0,16.0,38.0,1.0,55.0,Quotsoft/Beijing-monitoring-archive,False
2019-03-26 11:00:00+08:00,前门,42.0,102.0,13.0,55.0,1.0,35.0,Quotsoft/Beijing-monitoring-archive,False
2019-03-26 11:00:00+08:00,天坛,48.0,124.0,12.0,38.0,1.1,49.0,Quotsoft/Beijing-monitoring-archive,False
2019-03-26 11:00:00+08:00,永定门内,46.0,113.0,16.0,37.0,0.9,56.0,Quotsoft/Beijing-monitoring-archive,False
2019-03-26 12:00:00+08:00,前门,51.0,115.0,12.0,53.0,1.0,41.0,Quotsoft/Beijing-monitoring-archive,False
2019-03-26 12:00:00+08:00,天坛,,,,,,,Quotsoft/Beijing-monitoring-archive,False
2019-03-26 12:00:00+08:00,永定门内,50.0,131.0,16.0,38.0,0.8,65.0,Quotsoft/Beijing-monitoring-archive,False
2019-03-26 13:00:00+08:00,前门,51.0,117.0,11.0,49.0,0.9,48.0,Quotsoft/Beijing-monitoring-archive,False
2019-03-26 13:00:00+08:00,天坛,,10.0,11.0,31.0,0.9,71.0,Quotsoft/Beijing-monitoring-archive,False
2019-03-26 13:00:00+08:00,永定门内,56.0,146.0,15.0,37.0,0.8,72.0,Quotsoft/Beijing-monitoring-archive,False
2019-03-26 14:00:00+08:00,前门,55.0,134.0,11.0,51.0,0.9,58.0,Quotsoft/Beijing-monitoring-archive,False
2019-03-26 14:00:00+08:00,天坛,51.0,144.0,12.0,29.0,0.9,80.0,Quotsoft/Beijing-monitoring-archive,False
2019-03-26 14:00:00+08:00,永定门内,58.0,170.0,16.0,38.0,0.7,83.0,Quotsoft/Beijing-monitoring-archive,False
2019-03-26 15:00:00+08:00,前门,55.0,131.0,11.0,47.0,0.8,71.0,Quotsoft/Beijing-monitoring-archive,False
2019-03-26 15:00:00+08:00,天坛,78.0,155.0,12.0,26.0,0.9,95.0,Quotsoft/Beijing-monitoring-archive,False
2019-03-26 15:00:00+08:00,永定门内,67.0,155.0,17.0,39.0,0.7,98.0,Quotsoft/Beijing-monitoring-archive,False
2019-03-26 16:00:00+08:00,前门,67.0,119.0,12.0,44.0,0.8,75.0,Quotsoft/Beijing-monitoring-archive,False
2019-03-26 16:00:00+08:00,天坛,77.0,137.0,12.0,29.0,0.9,93.0,Quotsoft/Beijing-monitoring-archive,False
2019-03-26 16:00:00+08:00,永定门内,71.0,147.0,16.0,41.0,0.7,95.0,Quotsoft/Beijing-monitoring-archive,False
2019-03-26 17:00:00+08:00,前门,71.0,127.0,11.0,45.0,0.8,71.0,Quotsoft/Beijing-monitoring-archive,False
2019-03-26 17:00:00+08:00,天坛,77.0,145.0,11.0,31.0,0.8,91.0,Quotsoft/Beijing-monitoring-archive,False
2019-03-26 17:00:00+08:00,永定门内,76.0,152.0,16.0,44.0,0.6,93.0,Quotsoft/Beijing-monitoring-archive,False
2019-03-26 18:00:00+08:00,前门,64.0,119.0,11.0,55.0,0.9,63.0,Quotsoft/Beijing-monitoring-archive,False
2019-03-26 18:00:00+08:00,天坛,70.0,132.0,11.0,36.0,0.9,89.0,Quotsoft/Beijing-monitoring-archive,False
2019-03-26 18:00:00+08:00,永定门内,80.0,147.0,17.0,55.0,0.7,86.0,Quotsoft/Beijing-monitoring-archive,False
2019-03-26 19:00:00+08:00,前门,82.0,129.0,11.0,63.0,1.1,57.0,Quotsoft/Beijing-monitoring-archive,False
2019-03-26 19:00:00+08:00,天坛,86.0,138.0,9.0,48.0,1.1,77.0,Quotsoft/Beijing-monitoring-archive,False
2019-03-26 19:00:00+08:00,永定门内,91.0,159.0,17.0,61.0,1.0,79.0,Quotsoft/Beijing-monitoring-archive,False
2019-03-26 20:00:00+08:00,前门,88.0,135.0,10.0,63.0,1.1,49.0,Quotsoft/Beijing-monitoring-archive,False
2019-03-26 20:00:00+08:00,天坛,88.0,145.0,8.0,50.0,1.1,68.0,Quotsoft/Beijing-monitoring-archive,False
2019-03-26 20:00:00+08:00,永定门内,98.0,161.0,15.0,64.0,1.0,65.0,Quotsoft/Beijing-monitoring-archive,False
2019-03-26 21:00:00+08:00,前门,95.0,135.0,9.0,58.0,1.4,51.0,Quotsoft/Beijing-monitoring-archive,False
2019-03-26 21:00:00+08:00,天坛,85.0,151.0,9.0,48.0,1.5,66.0,Quotsoft/Beijing-monitoring-archive,False
2019-03-26 21:00:00+08:00,永定门内,98.0,155.0,15.0,54.0,1.4,74.0,Quotsoft/Beijing-monitoring-archive,False
2019-03-26 22:00:00+08:00,前门,91.0,123.0,8.0,56.0,1.4,44.0,Quotsoft/Beijing-monitoring-archive,False
2019-03-26 22:00:00+08:00,天坛,92.0,143.0,8.0,46.0,1.5,57.0,Quotsoft/Beijing-monitoring-archive,False
2019-03-26 22:00:00+08:00,永定门内,101.0,145.0,14.0,54.0,1.3,60.0,Quotsoft/Beijing-monitoring-archive,False
2019-03-26 23:00:00+08:00,前门,94.0,114.0,7.0,54.0,1.3,40.0,Quotsoft/Beijing-monitoring-archive,False
2019-03-26 23:00:00+08:00,天坛,79.0,133.0,7.0,45.0,1.4,51.0,Quotsoft/Beijing-monitoring-archive,False
2019-03-26 23:00:00+08:00,永定门内,89.0,133.0,11.0,53.0,1.2,52.0,Quotsoft/Beijing-monitoring-archive,False
2019-03-27 00:00:00+08:00,前门,110.0,,6.0,54.0,1.3,34.0,Quotsoft/Beijing-monitoring-archive,False
2019-03-27 00:00:00+08:00,天坛,89.0,120.0,4.0,46.0,1.3,41.0,Quotsoft/Beijing-monitoring-archive,False
2019-03-27 00:00:00+08:00,永定门内,95.0,120.0,10.0,51.0,1.1,50.0,Quotsoft/Beijing-monitoring-archive,False
2019-03-27 01:00:00+08:00,前门,101.0,109.0,5.0,69.0,1.2,19.0,Quotsoft/Beijing-monitoring-archive,False
2019-03-27 01:00:00+08:00,天坛,87.0,112.0,2.0,51.0,1.2,25.0,Quotsoft/Beijing-monitoring-archive,False
2019-03-27 01:00:00+08:00,永定门内,98.0,123.0,8.0,58.0,1.0,32.0,Quotsoft/Beijing-monitoring-archive,False
2019-03-27 02:00:00+08:00,前门,91.0,109.0,5.0,72.0,1.2,15.0,Quotsoft/Beijing-monitoring-archive,False
2019-03-27 02:00:00+08:00,天坛,90.0,104.0,1.0,58.0,1.2,8.0,Quotsoft/Beijing-monitoring-archive,False
2019-03-27 02:00:00+08:00,永定门内,96.0,129.0,7.0,76.0,1.1,3.0,Quotsoft/Beijing-monitoring-archive,False
2019-03-27 03:00:00+08:00,前门,99.0,109.0,4.0,81.0,1.2,6.0,Quotsoft/Beijing-monitoring-archive,False
2019-03-27 03:00:00+08:00,天坛,91.0,97.0,1.0,57.0,1.2,5.0,Quotsoft/Beijing-monitoring-archive,False
2019-03-27 03:00:00+08:00,永定门内,100.0,132.0,6.0,76.0,1.1,2.0,Quotsoft/Beijing-monitoring-archive,False
2019-03-27 04:00:00+08:00,前门,104.0,115.0,5.0,84.0,1.3,3.0,Quotsoft/Beijing-monitoring-archive,False
2019-03-27 04:00:00+08:00,天坛,93.0,98.0,1.0,63.0,1.2,3.0,Quotsoft/Beijing-monitoring-archive,False
2019-03-27 04:00:00+08:00,永定门内,104.0,123.0,6.0,75.0,1.1,2.0,Quotsoft/Beijing-monitoring-archive,False
2019-03-27 05:00:00+08:00,前门,109.0,112.0,4.0,83.0,1.3,2.0,Quotsoft/Beijing-monitoring-archive,False
2019-03-27 05:00:00+08:00,天坛,94.0,100.0,1.0,62.0,1.2,3.0,Quotsoft/Beijing-monitoring-archive,False
2019-03-27 05:00:00+08:00,永定门内,98.0,118.0,6.0,65.0,1.1,2.0,Quotsoft/Beijing-monitoring-archive,False
2019-03-27 06:00:00+08:00,前门,107.0,133.0,8.0,94.0,1.4,2.0,Quotsoft/Beijing-monitoring-archive,False
2019-03-27 06:00:00+08:00,天坛,86.0,100.0,1.0,60.0,1.2,3.0,Quotsoft/Beijing-monitoring-archive,False
2019-03-27 06:00:00+08:00,永定门内,99.0,129.0,7.0,66.0,1.1,2.0,Quotsoft/Beijing-monitoring-archive,False
2019-03-27 07:00:00+08:00,前门,108.0,159.0,9.0,92.0,1.5,3.0,Quotsoft/Beijing-monitoring-archive,False
2019-03-27 07:00:00+08:00,天坛,90.0,130.0,1.0,59.0,1.3,4.0,Quotsoft/Beijing-monitoring-archive,False
2019-03-27 07:00:00+08:00,永定门内,103.0,185.0,7.0,71.0,1.5,2.0,Quotsoft/Beijing-monitoring-archive,False
2019-03-27 08:00:00+08:00,前门,108.0,158.0,9.0,91.0,1.6,4.0,Quotsoft/Beijing-monitoring-archive,False
2019-03-27 08:00:00+08:00,天坛,98.0,154.0,4.0,69.0,1.5,5.0,Quotsoft/Beijing-monitoring-archive,False
2019-03-27 08:00:00+08:00,永定门内,105.0,157.0,8.0,82.0,1.3,3.0,Quotsoft/Beijing-monitoring-archive,False
2019-03-27 09:00:00+08:00,前门,114.0,165.0,11.0,102.0,1.7,6.0,Quotsoft/Beijing-monitoring-archive,False
2019-03-27 09:00:00+08:00,天坛,109.0,183.0,5.0,92.0,1.7,11.0,Quotsoft/Beijing-monitoring-archive,False
2019-03-27 09:00:00+08:00,永定门内,116.0,192.0,11.0,91.0,1.6,7.0,Quotsoft/Beijing-monitoring-archive,False
2019-03-27 10:00:00+08:00,前门,113.0,141.0,12.0,93.0,1.5,12.0,Quotsoft/Beijing-monitoring-archive,False
2019-03-27 10:00:00+08:00,天坛,104.0,174.0,6.0,89.0,1.5,18.0,Quotsoft/Beijing-monitoring-archive,False
2019-03-27 10:00:00+08:00,永定门内,122.0,164.0,14.0,91.0,1.4,13.0,Quotsoft/Beijing-monitoring-archive,False
2019-03-27 11:00:00+08:00,前门,69.0,72.0,8.0,78.0,1.1,29.0,Quotsoft/Beijing-monitoring-archive,False
2019-03-27 11:00:00+08:00,天坛,66.0,105.0,5.0,62.0,1.1,41.0,Quotsoft/Beijing-monitoring-archive,False
2019-03-27 11:00:00+08:00,永定门内,76.0,,10.0,63.0,0.9,44.0,Quotsoft/Beijing-monitoring-archive,False
2019-03-27 12:00:00+08:00,前门,34.0,35.0,5.0,,0.5,48.0,Quotsoft/Beijing-monitoring-archive,False
2019-03-27 12:00:00+08:00,天坛,31.0,45.0,2.0,28.0,0.6,70.0,Quotsoft/Beijing-monitoring-archive,False
2019-03-27 12:00:00+08:00,永定门内,30.0,,7.0,34.0,0.5,78.0,Quotsoft/Beijing-monitoring-archive,False
2019-03-27 13:00:00+08:00,前门,31.0,,4.0,36.0,,56.0,Quotsoft/Beijing-monitoring-archive,False
2019-03-27 13:00:00+08:00,天坛,17.0,40.0,2.0,22.0,0.6,79.0,Quotsoft/Beijing-monitoring-archive,False
2019-03-27 13:00:00+08:00,永定门内,31.0,32.0,7.0,21.0,0.4,93.0,Quotsoft/Beijing-monitoring-archive,False
2019-03-27 14:00:00+08:00,前门,31.0,,5.0,28.0,,74.0,Quotsoft/Beijing-monitoring-archive,False
2019-03-27 14:00:00+08:00,天坛,19.0,51.0,2.0,22.0,0.6,83.0,Quotsoft/Beijing-monitoring-archive,False
2019-03-27 14:00:00+08:00,永定门内,25.0,37.0,8.0,27.0,0.4,92.0,Quotsoft/Beijing-monitoring-archive,False
2019-03-27 15:00:00+08:00,前门,14.0,51.0,,40.0,0.4,63.0,Quotsoft/Beijing-monitoring-archive,False
2019-03-27 15:00:00+08:00,天坛,18.0,61.0,2.0,25.0,0.9,81.0,Quotsoft/Beijing-monitoring-archive,False
2019-03-27 15:00:00+08:00,永定门内,21.0,55.0,8.0,32.0,0.4,90.0,Quotsoft/Beijing-monitoring-archive,False
2019-03-27 16:00:00+08:00,前门,15.0,45.0,,34.0,0.4,,Quotsoft/Beijing-monitoring-archive,False
2019-03-27 16:00:00+08:00,天坛,27.0,40.0,2.0,26.0,0.6,80.0,Quotsoft/Beijing-monitoring-archive,False
2019-03-27 16:00:00+08:00,永定门内,31.0,51.0,8.0,34.0,0.4,86.0,Quotsoft/Beijing-monitoring-archive,False
2019-03-27 17:00:00+08:00,前门,23.0,121.0,7.0,55.0,0.9,,Quotsoft/Beijing-monitoring-archive,False
2019-03-27 17:00:00+08:00,天坛,25.0,77.0,7.0,43.0,1.1,68.0,Quotsoft/Beijing-monitoring-archive,False
2019-03-27 17:00:00+08:00,永定门内,36.0,184.0,13.0,54.0,0.8,69.0,Quotsoft/Beijing-monitoring-archive,False
2019-03-27 18:00:00+08:00,前门,118.0,284.0,27.0,105.0,3.0,,Quotsoft/Beijing-monitoring-archive,False
2019-03-27 18:00:00+08:00,天坛,110.0,333.0,25.0,87.0,2.7,43.0,Quotsoft/Beijing-monitoring-archive,False
2019-03-27 18:00:00+08:00,永定门内,118.0,341.0,36.0,95.0,2.5,47.0,Quotsoft/Beijing-monitoring-archive,False
2019-03-27 19:00:00+08:00,前门,78.0,171.0,18.0,80.0,1.7,46.0,Quotsoft/Beijing-monitoring-archive,False
2019-03-27 19:00:00+08:00,天坛,79.0,215.0,17.0,57.0,1.3,64.0,Quotsoft/Beijing-monitoring-archive,False
2019-03-27 19:00:00+08:00,永定门内,89.0,206.0,25.0,65.0,1.2,69.0,Quotsoft/Beijing-monitoring-archive,False
2019-03-27 20:00:00+08:00,前门,57.0,134.0,13.0,63.0,1.3,48.0,Quotsoft/Beijing-monitoring-archive,False
2019-03-27 20:00:00+08:00,天坛,64.0,161.0,13.0,43.0,1.0,69.0,Quotsoft/Beijing-monitoring-archive,False
2019-03-27 20:00:00+08:00,永定门内,69.0,165.0,18.0,55.0,0.9,69.0,Quotsoft/Beijing-monitoring-archive,False
2019-03-27 21:00:00+08:00,前门,43.0,117.0,11.0,54.0,1.1,50.0,Quotsoft/Beijing-monitoring-archive,False
2019-03-27 21:00:00+08:00,天坛,53.0,137.0,11.0,35.0,0.9,70.0,Quotsoft/Beijing-monitoring-archive,False
2019-03-27 21:00:00+08:00,永定门内,57.0,146.0,17.0,48.0,0.7,67.0,Quotsoft/Beijing-monitoring-archive,False
2019-03-27 22:00:00+08:00,前门,28.0,87.0,7.0,49.0,0.9,48.0,Quotsoft/Beijing-monitoring-archive,False
2019-03-27 22:00:00+08:00,天坛,39.0,106.0,7.0,35.0,0.7,66.0,Quotsoft/Beijing-monitoring-archive,False
2019-03-27 22:00:00+08:00,永定门内,45.0,112.0,12.0,45.0,0.6,66.0,Quotsoft/Beijing-monitoring-archive,False
2019-03-27 23:00:00+08:00,前门,24.0,59.0,5.0,39.0,0.7,50.0,Quotsoft/Beijing-monitoring-archive,False
2019-03-27 23:00:00+08:00,天坛,23.0,75.0,5.0,28.0,0.5,64.0,Quotsoft/Beijing-monitoring-archive,False
2019-03-27 23:00:00+08:00,永定门内,25.0,74.0,8.0,38.0,0.4,68.0,Quotsoft/Beijing-monitoring-archive,False
2019-03-28 00:00:00+08:00,前门,22.0,58.0,5.0,42.0,0.6,44.0,Quotsoft/Beijing-monitoring-archive,False
2019-03-28 00:00:00+08:00,天坛,22.0,68.0,5.0,29.0,0.5,60.0,Quotsoft/Beijing-monitoring-archive,False
2019-03-28 00:00:00+08:00,永定门内,25.0,75.0,8.0,39.0,0.3,62.0,Quotsoft/Beijing-monitoring-archive,False
2019-03-28 01:00:00+08:00,前门,30.0,59.0,5.0,39.0,0.6,42.0,Quotsoft/Beijing-monitoring-archive,False
2019-03-28 01:00:00+08:00,天坛,20.0,67.0,4.0,30.0,0.6,53.0,Quotsoft/Beijing-monitoring-archive,False
2019-03-28 01:00:00+08:00,永定门内,23.0,78.0,8.0,35.0,0.3,62.0,Quotsoft/Beijing-monitoring-archive,False
2019-03-28 02:00:00+08:00,前门,21.0,67.0,5.0,55.0,0.7,26.0,Quotsoft/Beijing-monitoring-archive,False
2019-03-28 02:00:00+08:00,天坛,17.0,70.0,4.0,52.0,0.7,33.0,Quotsoft/Beijing-monitoring-archive,False
2019-03-28 02:00:00+08:00,永定门内,25.0,87.0,9.0,35.0,0.3,51.0,Quotsoft/Beijing-monitoring-archive,False
2019-03-28 03:00:00+08:00,前门,26.0,63.0,4.0,36.0,0.6,42.0,Quotsoft/Beijing-monitoring-archive,False
2019-03-28 03:00:00+08:00,天坛,22.0,71.0,3.0,25.0,0.6,57.0,Quotsoft/Beijing-monitoring-archive,False
2019-03-28 03:00:00+08:00,永定门内,19.0,74.0,8.0,26.0,0.4,65.0,Quotsoft/Beijing-monitoring-archive,False
2019-03-28 04:00:00+08:00,前门,31.0,58.0,4.0,28.0,0.6,,Quotsoft/Beijing-monitoring-archive,False
2019-03-28 04:00:00+08:00,天坛,23.0,68.0,3.0,21.0,0.5,61.0,Quotsoft/Beijing-monitoring-archive,False
2019-03-28 04:00:00+08:00,永定门内,17.0,70.0,7.0,22.0,0.3,,Quotsoft/Beijing-monitoring-archive,False
2019-03-28 05:00:00+08:00,前门,22.0,48.0,3.0,28.0,0.5,43.0,Quotsoft/Beijing-monitoring-archive,False
2019-03-28 05:00:00+08:00,天坛,21.0,61.0,3.0,21.0,0.5,57.0,Quotsoft/Beijing-monitoring-archive,False
2019-03-28 05:00:00+08:00,永定门内,18.0,55.0,8.0,22.0,0.3,67.0,Quotsoft/Beijing-monitoring-archive,False
2019-03-28 06:00:00+08:00,前门,18.0,49.0,4.0,52.0,0.6,25.0,Quotsoft/Beijing-monitoring-archive,False
2019-03-28 06:00:00+08:00,天坛,24.0,53.0,2.0,19.0,0.6,57.0,Quotsoft/Beijing-monitoring-archive,False
2019-03-28 06:00:00+08:00,永定门内,25.0,55.0,7.0,32.0,0.4,59.0,Quotsoft/Beijing-monitoring-archive,False
2019-03-28 07:00:00+08:00,前门,25.0,58.0,3.0,54.0,0.5,21.0,Quotsoft/Beijing-monitoring-archive,False
2019-03-28 07:00:00+08:00,天坛,23.0,58.0,2.0,42.0,0.5,36.0,Quotsoft/Beijing-monitoring-archive,False
2019-03-28 07:00:00+08:00,永定门内,24.0,66.0,7.0,44.0,0.4,46.0,Quotsoft/Beijing-monitoring-archive,False
2019-03-28 08:00:00+08:00,前门,26.0,68.0,5.0,58.0,0.6,18.0,Quotsoft/Beijing-monitoring-archive,False
2019-03-28 08:00:00+08:00,天坛,28.0,69.0,4.0,51.0,0.7,26.0,Quotsoft/Beijing-monitoring-archive,False
2019-03-28 08:00:00+08:00,永定门内,26.0,74.0,8.0,56.0,0.4,31.0,Quotsoft/Beijing-monitoring-archive,False
2019-03-28 09:00:00+08:00,前门,30.0,54.0,6.0,56.0,0.6,24.0,Quotsoft/Beijing-monitoring-archive,False
2019-03-28 09:00:00+08:00,天坛,21.0,59.0,5.0,37.0,0.7,40.0,Quotsoft/Beijing-monitoring-archive,False
2019-03-28 09:00:00+08:00,永定门内,24.0,56.0,10.0,52.0,0.6,39.0,Quotsoft/Beijing-monitoring-archive,False
2019-03-28 10:00:00+08:00,前门,37.0,46.0,8.0,41.0,0.7,35.0,Quotsoft/Beijing-monitoring-archive,False
2019-03-28 10:00:00+08:00,天坛,14.0,44.0,8.0,24.0,0.8,55.0,Quotsoft/Beijing-monitoring-archive,False
2019-03-28 10:00:00+08:00,永定门内,17.0,40.0,15.0,39.0,0.7,54.0,Quotsoft/Beijing-monitoring-archive,False
2019-03-28 11:00:00+08:00,前门,30.0,45.0,11.0,37.0,0.9,40.0,Quotsoft/Beijing-monitoring-archive,False
2019-03-28 11:00:00+08:00,天坛,16.0,40.0,11.0,22.0,1.0,58.0,Quotsoft/Beijing-monitoring-archive,False
2019-03-28 11:00:00+08:00,永定门内,19.0,39.0,16.0,30.0,0.8,63.0,Quotsoft/Beijing-monitoring-archive,False
2019-03-28 12:00:00+08:00,前门,29.0,41.0,10.0,32.0,0.8,44.0,Quotsoft/Beijing-monitoring-archive,False
2019-03-28 12:00:00+08:00,天坛,11.0,47.0,9.0,18.0,0.8,63.0,Quotsoft/Beijing-monitoring-archive,False
2019-03-28 12:00:00+08:00,永定门内,16.0,39.0,16.0,26.0,0.6,68.0,Quotsoft/Beijing-monitoring-archive,False
2019-03-28 13:00:00+08:00,前门,33.0,44.0,11.0,31.0,0.8,44.0,Quotsoft/Beijing-monitoring-archive,False
2019-03-28 13:00:00+08:00,天坛,27.0,50.0,,18.0,,59.0,Quotsoft/Beijing-monitoring-archive,False
2019-03-28 13:00:00+08:00,永定门内,20.0,52.0,19.0,26.0,0.7,66.0,Quotsoft/Beijing-monitoring-archive,False
2019-03-28 14:00:00+08:00,前门,29.0,44.0,11.0,31.0,0.8,44.0,Quotsoft/Beijing-monitoring-archive,False
2019-03-28 14:00:00+08:00,天坛,30.0,58.0,11.0,19.0,0.8,61.0,Quotsoft/Beijing-monitoring-archive,False
2019-03-28 14:00:00+08:00,永定门内,20.0,51.0,18.0,29.0,0.7,64.0,Quotsoft/Beijing-monitoring-archive,False
2019-03-28 15:00:00+08:00,前门,18.0,50.0,8.0,31.0,0.7,43.0,Quotsoft/Beijing-monitoring-archive,False
2019-03-28 15:00:00+08:00,天坛,25.0,41.0,7.0,21.0,0.6,59.0,Quotsoft/Beijing-monitoring-archive,False
2019-03-28 15:00:00+08:00,永定门内,23.0,54.0,13.0,33.0,0.5,61.0,Quotsoft/Beijing-monitoring-archive,False
2019-03-28 16:00:00+08:00,前门,38.0,45.0,7.0,32.0,0.5,43.0,Quotsoft/Beijing-monitoring-archive,False
2019-03-28 16:00:00+08:00,天坛,19.0,58.0,5.0,23.0,0.5,59.0,Quotsoft/Beijing-monitoring-archive,False
2019-03-28 16:00:00+08:00,永定门内,24.0,64.0,11.0,32.0,0.4,65.0,Quotsoft/Beijing-monitoring-archive,False
2019-03-28 17:00:00+08:00,前门,35.0,49.0,7.0,32.0,0.6,48.0,Quotsoft/Beijing-monitoring-archive,False
2019-03-28 17:00:00+08:00,天坛,18.0,55.0,5.0,22.0,0.5,65.0,Quotsoft/Beijing-monitoring-archive,False
2019-03-28 17:00:00+08:00,永定门内,33.0,58.0,12.0,31.0,0.4,71.0,Quotsoft/Beijing-monitoring-archive,False
2019-03-28 18:00:00+08:00,前门,42.0,47.0,6.0,35.0,0.6,46.0,Quotsoft/Beijing-monitoring-archive,False
2019-03-28 18:00:00+08:00,天坛,24.0,56.0,4.0,24.0,0.5,62.0,Quotsoft/Beijing-monitoring-archive,False
2019-03-28 18:00:00+08:00,永定门内,29.0,58.0,11.0,32.0,0.4,69.0,Quotsoft/Beijing-monitoring-archive,False
2019-03-28 19:00:00+08:00,前门,28.0,48.0,5.0,40.0,0.6,41.0,Quotsoft/Beijing-monitoring-archive,False
2019-03-28 19:00:00+08:00,天坛,20.0,56.0,3.0,26.0,0.5,54.0,Quotsoft/Beijing-monitoring-archive,False
2019-03-28 19:00:00+08:00,永定门内,21.0,57.0,10.0,34.0,0.4,64.0,Quotsoft/Beijing-monitoring-archive,False
2019-03-28 20:00:00+08:00,前门,33.0,55.0,5.0,37.0,0.6,43.0,Quotsoft/Beijing-monitoring-archive,False
2019-03-28 20:00:00+08:00,天坛,18.0,47.0,2.0,25.0,0.5,50.0,Quotsoft/Beijing-monitoring-archive,False
2019-03-28 20:00:00+08:00,永定门内,19.0,57.0,9.0,37.0,0.3,62.0,Quotsoft/Beijing-monitoring-archive,False
2019-03-28 21:00:00+08:00,前门,34.0,52.0,4.0,41.0,0.6,39.0,Quotsoft/Beijing-monitoring-archive,False
2019-03-28 21:00:00+08:00,天坛,22.0,42.0,1.0,31.0,0.5,43.0,Quotsoft/Beijing-monitoring-archive,False
2019-03-28 21:00:00+08:00,永定门内,24.0,62.0,9.0,45.0,0.4,48.0,Quotsoft/Beijing-monitoring-archive,False
2019-03-28 22:00:00+08:00,前门,21.0,45.0,4.0,38.0,0.4,35.0,Quotsoft/Beijing-monitoring-archive,False
2019-03-28 22:00:00+08:00,天坛,21.0,56.0,2.0,38.0,0.4,41.0,Quotsoft/Beijing-monitoring-archive,False
2019-03-28 22:00:00+08:00,永定门内,20.0,57.0,9.0,39.0,0.3,48.0,Quotsoft/Beijing-monitoring-archive,False
2019-03-28 23:00:00+08:00,前门,25.0,46.0,4.0,43.0,0.5,28.0,Quotsoft/Beijing-monitoring-archive,False
2019-03-28 23:00:00+08:00,天坛,24.0,55.0,2.0,36.0,0.4,39.0,Quotsoft/Beijing-monitoring-archive,False
2019-03-28 23:00:00+08:00,永定门内,23.0,59.0,8.0,43.0,0.3,42.0,Quotsoft/Beijing-monitoring-archive,False
2019-03-29 00:00:00+08:00,前门,27.0,41.0,4.0,44.0,0.5,27.0,Quotsoft/Beijing-monitoring-archive,False
2019-03-29 00:00:00+08:00,天坛,19.0,48.0,2.0,43.0,0.5,29.0,Quotsoft/Beijing-monitoring-archive,False
2019-03-29 00:00:00+08:00,永定门内,20.0,46.0,9.0,45.0,0.4,38.0,Quotsoft/Beijing-monitoring-archive,False
2019-03-29 01:00:00+08:00,前门,23.0,35.0,4.0,40.0,0.5,29.0,Quotsoft/Beijing-monitoring-archive,False
2019-03-29 01:00:00+08:00,天坛,17.0,40.0,2.0,39.0,0.5,32.0,Quotsoft/Beijing-monitoring-archive,False
2019-03-29 01:00:00+08:00,永定门内,19.0,44.0,10.0,47.0,0.3,33.0,Quotsoft/Beijing-monitoring-archive,False
2019-03-29 02:00:00+08:00,前门,19.0,36.0,4.0,50.0,0.4,23.0,Quotsoft/Beijing-monitoring-archive,False
2019-03-29 02:00:00+08:00,天坛,18.0,35.0,1.0,41.0,0.4,30.0,Quotsoft/Beijing-monitoring-archive,False
2019-03-29 02:00:00+08:00,永定门内,16.0,40.0,9.0,42.0,0.3,38.0,Quotsoft/Beijing-monitoring-archive,False
2019-03-29 03:00:00+08:00,前门,19.0,24.0,5.0,39.0,0.4,31.0,Quotsoft/Beijing-monitoring-archive,False
2019-03-29 03:00:00+08:00,天坛,14.0,32.0,1.0,40.0,0.4,30.0,Quotsoft/Beijing-monitoring-archive,False
2019-03-29 03:00:00+08:00,永定门内,17.0,33.0,9.0,41.0,0.3,39.0,Quotsoft/Beijing-monitoring-archive,False
2019-03-29 04:00:00+08:00,前门,21.0,24.0,5.0,38.0,0.3,33.0,Quotsoft/Beijing-monitoring-archive,False
2019-03-29 04:00:00+08:00,天坛,11.0,24.0,2.0,35.0,0.4,38.0,Quotsoft/Beijing-monitoring-archive,False
2019-03-29 04:00:00+08:00,永定门内,14.0,29.0,11.0,38.0,0.2,45.0,Quotsoft/Beijing-monitoring-archive,False
2019-03-29 05:00:00+08:00,前门,22.0,35.0,6.0,50.0,0.4,19.0,Quotsoft/Beijing-monitoring-archive,False
2019-03-29 05:00:00+08:00,天坛,14.0,34.0,2.0,39.0,0.4,30.0,Quotsoft/Beijing-monitoring-archive,False
2019-03-29 05:00:00+08:00,永定门内,23.0,48.0,13.0,51.0,0.3,26.0,Quotsoft/Beijing-monitoring-archive,False
2019-03-29 06:00:00+08:00,前门,23.0,56.0,9.0,78.0,0.5,3.0,Quotsoft/Beijing-monitoring-archive,False
2019-03-29 06:00:00+08:00,天坛,19.0,50.0,3.0,66.0,0.4,6.0,Quotsoft/Beijing-monitoring-archive,False
2019-03-29 06:00:00+08:00,永定门内,22.0,65.0,12.0,74.0,0.4,5.0,Quotsoft/Beijing-monitoring-archive,False
2019-03-29 07:00:00+08:00,前门,31.0,67.0,9.0,75.0,0.5,2.0,Quotsoft/Beijing-monitoring-archive,False
2019-03-29 07:00:00+08:00,天坛,25.0,72.0,4.0,71.0,0.5,3.0,Quotsoft/Beijing-monitoring-archive,False
2019-03-29 07:00:00+08:00,永定门内,28.0,77.0,12.0,78.0,0.6,3.0,Quotsoft/Beijing-monitoring-archive,False
2019-03-29 08:00:00+08:00,前门,28.0,60.0,9.0,70.0,0.6,4.0,Quotsoft/Beijing-monitoring-archive,False
2019-03-29 08:00:00+08:00,天坛,29.0,70.0,6.0,71.0,0.6,5.0,Quotsoft/Beijing-monitoring-archive,False
2019-03-29 08:00:00+08:00,永定门内,27.0,78.0,13.0,78.0,0.6,6.0,Quotsoft/Beijing-monitoring-archive,False
2019-03-29 09:00:00+08:00,前门,27.0,60.0,9.0,72.0,0.6,6.0,Quotsoft/Beijing-monitoring-archive,False
2019-03-29 09:00:00+08:00,天坛,28.0,70.0,6.0,66.0,0.6,10.0,Quotsoft/Beijing-monitoring-archive,False
2019-03-29 09:00:00+08:00,永定门内,24.0,49.0,13.0,64.0,0.4,18.0,Quotsoft/Beijing-monitoring-archive,False
2019-03-29 10:00:00+08:00,前门,19.0,58.0,9.0,63.0,0.6,20.0,Quotsoft/Beijing-monitoring-archive,False
2019-03-29 10:00:00+08:00,天坛,26.0,60.0,7.0,50.0,0.6,30.0,Quotsoft/Beijing-monitoring-archive,False
2019-03-29 10:00:00+08:00,永定门内,29.0,58.0,14.0,54.0,0.5,32.0,Quotsoft/Beijing-monitoring-archive,False
2019-03-29 11:00:00+08:00,前门,36.0,104.0,8.0,46.0,0.5,33.0,Quotsoft/Beijing-monitoring-archive,False
2019-03-29 11:00:00+08:00,天坛,22.0,57.0,6.0,36.0,0.5,48.0,Quotsoft/Beijing-monitoring-archive,False
2019-03-29 11:00:00+08:00,永定门内,29.0,61.0,13.0,45.0,0.4,47.0,Quotsoft/Beijing-monitoring-archive,False
2019-03-29 12:00:00+08:00,前门,37.0,99.0,8.0,48.0,0.5,34.0,Quotsoft/Beijing-monitoring-archive,False
2019-03-29 12:00:00+08:00,天坛,23.0,50.0,6.0,33.0,0.5,52.0,Quotsoft/Beijing-monitoring-archive,False
2019-03-29 12:00:00+08:00,永定门内,38.0,57.0,12.0,42.0,0.4,55.0,Quotsoft/Beijing-monitoring-archive,False
2019-03-29 13:00:00+08:00,前门,30.0,60.0,8.0,37.0,0.5,46.0,Quotsoft/Beijing-monitoring-archive,False
2019-03-29 13:00:00+08:00,天坛,22.0,65.0,7.0,25.0,0.5,64.0,Quotsoft/Beijing-monitoring-archive,False
2019-03-29 13:00:00+08:00,永定门内,36.0,67.0,13.0,30.0,0.3,70.0,Quotsoft/Beijing-monitoring-archive,False
2019-03-29 14:00:00+08:00,前门,34.0,63.0,9.0,42.0,0.5,50.0,Quotsoft/Beijing-monitoring-archive,False
2019-03-29 14:00:00+08:00,天坛,33.0,65.0,9.0,24.0,0.5,70.0,Quotsoft/Beijing-monitoring-archive,False
2019-03-29 14:00:00+08:00,永定门内,43.0,74.0,14.0,31.0,0.3,78.0,Quotsoft/Beijing-monitoring-archive,False
2019-03-29 15:00:00+08:00,前门,32.0,68.0,8.0,39.0,0.5,56.0,Quotsoft/Beijing-monitoring-archive,False
2019-03-29 15:00:00+08:00,天坛,36.0,69.0,7.0,23.0,0.5,76.0,Quotsoft/Beijing-monitoring-archive,False
2019-03-29 15:00:00+08:00,永定门内,44.0,72.0,14.0,27.0,0.3,85.0,Quotsoft/Beijing-monitoring-archive,False
2019-03-29 16:00:00+08:00,前门,49.0,64.0,5.0,29.0,0.4,60.0,Quotsoft/Beijing-monitoring-archive,False
2019-03-29 16:00:00+08:00,天坛,24.0,57.0,2.0,20.0,0.5,75.0,Quotsoft/Beijing-monitoring-archive,False
2019-03-29 16:00:00+08:00,永定门内,35.0,47.0,10.0,22.0,0.3,88.0,Quotsoft/Beijing-monitoring-archive,False
2019-03-29 17:00:00+08:00,前门,32.0,203.0,2.0,16.0,0.3,66.0,Quotsoft/Beijing-monitoring-archive,False
2019-03-29 17:00:00+08:00,天坛,17.0,218.0,3.0,10.0,0.3,79.0,Quotsoft/Beijing-monitoring-archive,False
2019-03-29 17:00:00+08:00,永定门内,19.0,227.0,6.0,6.0,0.2,98.0,Quotsoft/Beijing-monitoring-archive,False
2019-03-29 18:00:00+08:00,前门,14.0,286.0,2.0,14.0,0.3,63.0,Quotsoft/Beijing-monitoring-archive,False
2019-03-29 18:00:00+08:00,天坛,20.0,329.0,3.0,12.0,0.3,74.0,Quotsoft/Beijing-monitoring-archive,False
2019-03-29 18:00:00+08:00,永定门内,24.0,307.0,5.0,8.0,0.2,91.0,Quotsoft/Beijing-monitoring-archive,False
2019-03-29 19:00:00+08:00,前门,23.0,206.0,2.0,13.0,0.3,62.0,Quotsoft/Beijing-monitoring-archive,False
2019-03-29 19:00:00+08:00,天坛,16.0,288.0,3.0,13.0,0.3,71.0,Quotsoft/Beijing-monitoring-archive,False
2019-03-29 19:00:00+08:00,永定门内,19.0,259.0,6.0,7.0,0.2,92.0,Quotsoft/Beijing-monitoring-archive,False
2019-03-29 20:00:00+08:00,前门,14.0,82.0,2.0,14.0,0.3,58.0,Quotsoft/Beijing-monitoring-archive,False
2019-03-29 20:00:00+08:00,天坛,10.0,133.0,1.0,12.0,0.3,70.0,Quotsoft/Beijing-monitoring-archive,False
2019-03-29 20:00:00+08:00,永定门内,5.0,97.0,6.0,8.0,0.2,88.0,Quotsoft/Beijing-monitoring-archive,False
2019-03-29 21:00:00+08:00,前门,28.0,42.0,2.0,11.0,0.3,59.0,Quotsoft/Beijing-monitoring-archive,False
2019-03-29 21:00:00+08:00,天坛,7.0,61.0,1.0,12.0,0.3,70.0,Quotsoft/Beijing-monitoring-archive,False
2019-03-29 21:00:00+08:00,永定门内,8.0,39.0,6.0,8.0,0.2,84.0,Quotsoft/Beijing-monitoring-archive,False
2019-03-29 22:00:00+08:00,前门,,,,,,,Quotsoft/Beijing-monitoring-archive,False
2019-03-29 22:00:00+08:00,天坛,,,,,,,Quotsoft/Beijing-monitoring-archive,False
2019-03-29 22:00:00+08:00,永定门内,,,,,,,Quotsoft/Beijing-monitoring-archive,False
2019-03-29 23:00:00+08:00,前门,14.0,24.0,1.0,8.0,0.2,63.0,Quotsoft/Beijing-monitoring-archive,False
2019-03-29 23:00:00+08:00,天坛,2.0,27.0,3.0,9.0,0.3,75.0,Quotsoft/Beijing-monitoring-archive,False
2019-03-29 23:00:00+08:00,永定门内,9.0,22.0,4.0,4.0,0.2,93.0,Quotsoft/Beijing-monitoring-archive,False
2019-03-30 00:00:00+08:00,前门,12.0,22.0,2.0,8.0,0.2,63.0,Quotsoft/Beijing-monitoring-archive,False
2019-03-30 00:00:00+08:00,天坛,5.0,32.0,3.0,10.0,0.3,75.0,Quotsoft/Beijing-monitoring-archive,False
2019-03-30 00:00:00+08:00,永定门内,6.0,22.0,6.0,5.0,0.2,91.0,Quotsoft/Beijing-monitoring-archive,False
2019-03-30 01:00:00+08:00,前门,12.0,17.0,2.0,8.0,0.2,58.0,Quotsoft/Beijing-monitoring-archive,False
2019-03-30 01:00:00+08:00,天坛,2.0,60.0,3.0,11.0,0.3,71.0,Quotsoft/Beijing-monitoring-archive,False
2019-03-30 01:00:00+08:00,永定门内,2.0,17.0,6.0,4.0,0.2,85.0,Quotsoft/Beijing-monitoring-archive,False
2019-03-30 02:00:00+08:00,前门,12.0,12.0,2.0,8.0,0.2,54.0,Quotsoft/Beijing-monitoring-archive,False
2019-03-30 02:00:00+08:00,天坛,2.0,40.0,3.0,11.0,0.3,69.0,Quotsoft/Beijing-monitoring-archive,False
2019-03-30 02:00:00+08:00,永定门内,2.0,13.0,5.0,5.0,0.1,78.0,Quotsoft/Beijing-monitoring-archive,False
2019-03-30 03:00:00+08:00,前门,12.0,14.0,2.0,7.0,0.2,55.0,Quotsoft/Beijing-monitoring-archive,False
2019-03-30 03:00:00+08:00,天坛,6.0,38.0,3.0,10.0,0.3,69.0,Quotsoft/Beijing-monitoring-archive,False
2019-03-30 03:00:00+08:00,永定门内,4.0,15.0,6.0,4.0,0.2,80.0,Quotsoft/Beijing-monitoring-archive,False
2019-03-30 04:00:00+08:00,前门,5.0,15.0,3.0,7.0,0.3,,Quotsoft/Beijing-monitoring-archive,False
2019-03-30 04:00:00+08:00,天坛,10.0,74.0,1.0,11.0,0.3,68.0,Quotsoft/Beijing-monitoring-archive,False
2019-03-30 04:00:00+08:00,永定门内,8.0,15.0,5.0,4.0,0.2,,Quotsoft/Beijing-monitoring-archive,False
2019-03-30 05:00:00+08:00,前门,14.0,17.0,3.0,10.0,0.3,52.0,Quotsoft/Beijing-monitoring-archive,False
2019-03-30 05:00:00+08:00,天坛,11.0,33.0,1.0,13.0,0.3,64.0,Quotsoft/Beijing-monitoring-archive,False
2019-03-30 05:00:00+08:00,永定门内,6.0,17.0,6.0,4.0,0.2,83.0,Quotsoft/Beijing-monitoring-archive,False
2019-03-30 06:00:00+08:00,前门,18.0,,2.0,10.0,0.3,53.0,Quotsoft/Beijing-monitoring-archive,False
2019-03-30 06:00:00+08:00,天坛,5.0,35.0,1.0,15.0,0.3,62.0,Quotsoft/Beijing-monitoring-archive,False
2019-03-30 06:00:00+08:00,永定门内,4.0,15.0,5.0,6.0,0.2,81.0,Quotsoft/Beijing-monitoring-archive,False
2019-03-30 07:00:00+08:00,前门,9.0,16.0,2.0,11.0,0.3,51.0,Quotsoft/Beijing-monitoring-archive,False
2019-03-30 07:00:00+08:00,天坛,10.0,28.0,3.0,18.0,0.3,58.0,Quotsoft/Beijing-monitoring-archive,False
2019-03-30 07:00:00+08:00,永定门内,4.0,20.0,5.0,8.0,0.2,78.0,Quotsoft/Beijing-monitoring-archive,False
2019-03-30 08:00:00+08:00,前门,8.0,13.0,2.0,10.0,0.3,52.0,Quotsoft/Beijing-monitoring-archive,False
2019-03-30 08:00:00+08:00,天坛,6.0,27.0,1.0,14.0,0.4,62.0,Quotsoft/Beijing-monitoring-archive,False
2019-03-30 08:00:00+08:00,永定门内,2.0,17.0,6.0,7.0,0.2,79.0,Quotsoft/Beijing-monitoring-archive,False
2019-03-30 09:00:00+08:00,前门,9.0,16.0,2.0,10.0,0.3,52.0,Quotsoft/Beijing-monitoring-archive,False
2019-03-30 09:00:00+08:00,天坛,12.0,27.0,3.0,15.0,0.3,63.0,Quotsoft/Beijing-monitoring-archive,False
2019-03-30 09:00:00+08:00,永定门内,6.0,20.0,5.0,8.0,0.2,81.0,Quotsoft/Beijing-monitoring-archive,False
2019-03-30 10:00:00+08:00,前门,,23.0,1.0,11.0,0.3,55.0,Quotsoft/Beijing-monitoring-archive,False
2019-03-30 10:00:00+08:00,天坛,2.0,32.0,3.0,14.0,0.3,66.0,Quotsoft/Beijing-monitoring-archive,False
2019-03-30 10:00:00+08:00,永定门内,7.0,19.0,5.0,7.0,0.2,82.0,Quotsoft/Beijing-monitoring-archive,False
2019-03-30 11:00:00+08:00,前门,14.0,14.0,1.0,11.0,0.3,54.0,Quotsoft/Beijing-monitoring-archive,False
2019-03-30 11:00:00+08:00,天坛,7.0,23.0,3.0,14.0,0.4,66.0,Quotsoft/Beijing-monitoring-archive,False
2019-03-30 11:00:00+08:00,永定门内,5.0,17.0,4.0,6.0,0.2,85.0,Quotsoft/Beijing-monitoring-archive,False
2019-03-30 12:00:00+08:00,前门,2.0,16.0,1.0,13.0,0.3,56.0,Quotsoft/Beijing-monitoring-archive,False
2019-03-30 12:00:00+08:00,天坛,14.0,22.0,3.0,14.0,0.3,68.0,Quotsoft/Beijing-monitoring-archive,False
2019-03-30 12:00:00+08:00,永定门内,7.0,14.0,4.0,6.0,0.2,88.0,Quotsoft/Beijing-monitoring-archive,False
2019-03-30 13:00:00+08:00,前门,8.0,28.0,1.0,7.0,0.2,63.0,Quotsoft/Beijing-monitoring-archive,False
2019-03-30 13:00:00+08:00,天坛,6.0,35.0,3.0,10.0,0.3,75.0,Quotsoft/Beijing-monitoring-archive,False
2019-03-30 13:00:00+08:00,永定门内,5.0,34.0,4.0,4.0,0.2,94.0,Quotsoft/Beijing-monitoring-archive,False
2019-03-30 14:00:00+08:00,前门,5.0,23.0,1.0,7.0,0.2,64.0,Quotsoft/Beijing-monitoring-archive,False
2019-03-30 14:00:00+08:00,天坛,8.0,35.0,3.0,11.0,0.3,75.0,Quotsoft/Beijing-monitoring-archive,False
2019-03-30 14:00:00+08:00,永定门内,2.0,27.0,4.0,5.0,0.2,94.0,Quotsoft/Beijing-monitoring-archive,False
2019-03-30 15:00:00+08:00,前门,,25.0,1.0,6.0,0.2,65.0,Quotsoft/Beijing-monitoring-archive,False
2019-03-30 15:00:00+08:00,天坛,2.0,39.0,3.0,10.0,0.3,77.0,Quotsoft/Beijing-monitoring-archive,False
2019-03-30 15:00:00+08:00,永定门内,9.0,30.0,5.0,3.0,0.2,97.0,Quotsoft/Beijing-monitoring-archive,False
2019-03-30 16:00:00+08:00,前门,2.0,15.0,1.0,6.0,0.2,65.0,Quotsoft/Beijing-monitoring-archive,False
2019-03-30 16:00:00+08:00,天坛,3.0,33.0,3.0,10.0,0.3,77.0,Quotsoft/Beijing-monitoring-archive,False
2019-03-30 16:00:00+08:00,永定门内,10.0,23.0,4.0,4.0,0.2,96.0,Quotsoft/Beijing-monitoring-archive,False
2019-03-30 17:00:00+08:00,前门,2.0,24.0,1.0,7.0,0.2,64.0,Quotsoft/Beijing-monitoring-archive,False
2019-03-30 17:00:00+08:00,天坛,7.0,27.0,3.0,12.0,0.3,74.0,Quotsoft/Beijing-monitoring-archive,False
2019-03-30 17:00:00+08:00,永定门内,11.0,38.0,3.0,5.0,0.2,94.0,Quotsoft/Beijing-monitoring-archive,False
2019-03-30 18:00:00+08:00,前门,15.0,21.0,1.0,8.0,0.3,61.0,Quotsoft/Beijing-monitoring-archive,False
2019-03-30 18:00:00+08:00,天坛,4.0,32.0,3.0,16.0,0.3,70.0,Quotsoft/Beijing-monitoring-archive,False
2019-03-30 18:00:00+08:00,永定门内,2.0,20.0,3.0,7.0,0.2,89.0,Quotsoft/Beijing-monitoring-archive,False
2019-03-30 19:00:00+08:00,前门,11.0,18.0,1.0,11.0,0.3,58.0,Quotsoft/Beijing-monitoring-archive,False
2019-03-30 19:00:00+08:00,天坛,5.0,25.0,3.0,18.0,0.4,66.0,Quotsoft/Beijing-monitoring-archive,False
2019-03-30 19:00:00+08:00,永定门内,9.0,14.0,3.0,13.0,0.2,80.0,Quotsoft/Beijing-monitoring-archive,False
2019-03-30 20:00:00+08:00,前门,20.0,,1.0,12.0,0.3,54.0,Quotsoft/Beijing-monitoring-archive,False
2019-03-30 20:00:00+08:00,天坛,6.0,24.0,3.0,20.0,0.4,62.0,Quotsoft/Beijing-monitoring-archive,False
2019-03-30 20:00:00+08:00,永定门内,4.0,15.0,4.0,14.0,0.2,77.0,Quotsoft/Beijing-monitoring-archive,False
2019-03-30 21:00:00+08:00,前门,7.0,15.0,1.0,12.0,0.3,52.0,Quotsoft/Beijing-monitoring-archive,False
2019-03-30 21:00:00+08:00,天坛,6.0,23.0,3.0,17.0,0.4,63.0,Quotsoft/Beijing-monitoring-archive,False
2019-03-30 21:00:00+08:00,永定门内,4.0,16.0,4.0,17.0,0.2,73.0,Quotsoft/Beijing-monitoring-archive,False
2019-03-30 22:00:00+08:00,前门,10.0,13.0,1.0,16.0,0.3,48.0,Quotsoft/Beijing-monitoring-archive,False
2019-03-30 22:00:00+08:00,天坛,8.0,20.0,3.0,20.0,0.4,59.0,Quotsoft/Beijing-monitoring-archive,False
2019-03-30 22:00:00+08:00,永定门内,4.0,14.0,4.0,16.0,0.2,70.0,Quotsoft/Beijing-monitoring-archive,False
2019-03-30 23:00:00+08:00,前门,3.0,17.0,1.0,18.0,0.3,43.0,Quotsoft/Beijing-monitoring-archive,False
2019-03-30 23:00:00+08:00,天坛,6.0,21.0,3.0,25.0,0.4,52.0,Quotsoft/Beijing-monitoring-archive,False
2019-03-30 23:00:00+08:00,永定门内,5.0,19.0,4.0,33.0,0.3,49.0,Quotsoft/Beijing-monitoring-archive,False
2019-03-31 00:00:00+08:00,前门,8.0,15.0,1.0,25.0,0.3,36.0,Quotsoft/Beijing-monitoring-archive,False
2019-03-31 00:00:00+08:00,天坛,10.0,24.0,3.0,30.0,0.4,43.0,Quotsoft/Beijing-monitoring-archive,False
2019-03-31 00:00:00+08:00,永定门内,8.0,18.0,3.0,38.0,0.3,37.0,Quotsoft/Beijing-monitoring-archive,False
2019-03-31 01:00:00+08:00,前门,11.0,17.0,1.0,32.0,0.3,28.0,Quotsoft/Beijing-monitoring-archive,False
2019-03-31 01:00:00+08:00,天坛,2.0,24.0,3.0,34.0,0.4,33.0,Quotsoft/Beijing-monitoring-archive,False
2019-03-31 01:00:00+08:00,永定门内,4.0,21.0,4.0,51.0,0.2,21.0,Quotsoft/Beijing-monitoring-archive,False
2019-03-31 02:00:00+08:00,前门,9.0,24.0,1.0,50.0,0.3,11.0,Quotsoft/Beijing-monitoring-archive,False
2019-03-31 02:00:00+08:00,天坛,31.0,,3.0,35.0,0.4,23.0,Quotsoft/Beijing-monitoring-archive,False
2019-03-31 02:00:00+08:00,永定门内,3.0,26.0,4.0,59.0,0.3,8.0,Quotsoft/Beijing-monitoring-archive,False
2019-03-31 03:00:00+08:00,前门,17.0,42.0,2.0,58.0,0.4,2.0,Quotsoft/Beijing-monitoring-archive,False
2019-03-31 03:00:00+08:00,天坛,10.0,23.0,3.0,45.0,0.4,10.0,Quotsoft/Beijing-monitoring-archive,False
2019-03-31 03:00:00+08:00,永定门内,10.0,19.0,4.0,53.0,0.3,9.0,Quotsoft/Beijing-monitoring-archive,False
2019-03-31 04:00:00+08:00,前门,27.0,32.0,2.0,59.0,0.5,1.0,Quotsoft/Beijing-monitoring-archive,False
2019-03-31 04:00:00+08:00,天坛,10.0,21.0,3.0,50.0,0.4,4.0,Quotsoft/Beijing-monitoring-archive,False
2019-03-31 04:00:00+08:00,永定门内,13.0,18.0,4.0,58.0,0.3,9.0,Quotsoft/Beijing-monitoring-archive,False
2019-03-31 05:00:00+08:00,前门,16.0,27.0,2.0,59.0,0.4,5.0,Quotsoft/Beijing-monitoring-archive,False
2019-03-31 05:00:00+08:00,天坛,5.0,22.0,3.0,39.0,0.4,11.0,Quotsoft/Beijing-monitoring-archive,False
2019-03-31 05:00:00+08:00,永定门内,6.0,12.0,4.0,43.0,0.3,32.0,Quotsoft/Beijing-monitoring-archive,False
2019-03-31 06:00:00+08:00,前门,20.0,42.0,5.0,76.0,0.5,2.0,Quotsoft/Beijing-monitoring-archive,False
2019-03-31 06:00:00+08:00,天坛,1.0,16.0,3.0,33.0,0.4,16.0,Quotsoft/Beijing-monitoring-archive,False
2019-03-31 06:00:00+08:00,永定门内,8.0,30.0,4.0,49.0,0.3,22.0,Quotsoft/Beijing-monitoring-archive,False
2019-03-31 07:00:00+08:00,前门,31.0,67.0,7.0,78.0,0.6,2.0,Quotsoft/Beijing-monitoring-archive,False
2019-03-31 07:00:00+08:00,天坛,10.0,19.0,3.0,44.0,0.4,13.0,Quotsoft/Beijing-monitoring-archive,False
2019-03-31 07:00:00+08:00,永定门内,16.0,47.0,6.0,63.0,0.4,7.0,Quotsoft/Beijing-monitoring-archive,False
2019-03-31 08:00:00+08:00,前门,19.0,38.0,3.0,51.0,0.5,17.0,Quotsoft/Beijing-monitoring-archive,False
2019-03-31 08:00:00+08:00,天坛,18.0,32.0,1.0,41.0,0.5,23.0,Quotsoft/Beijing-monitoring-archive,False
2019-03-31 08:00:00+08:00,永定门内,20.0,42.0,7.0,43.0,0.3,34.0,Quotsoft/Beijing-monitoring-archive,False
2019-03-31 09:00:00+08:00,前门,27.0,38.0,4.0,43.0,0.4,31.0,Quotsoft/Beijing-monitoring-archive,False
2019-03-31 09:00:00+08:00,天坛,13.0,36.0,3.0,29.0,0.4,47.0,Quotsoft/Beijing-monitoring-archive,False
2019-03-31 09:00:00+08:00,永定门内,19.0,40.0,8.0,35.0,0.3,49.0,Quotsoft/Beijing-monitoring-archive,False
2019-03-31 10:00:00+08:00,前门,29.0,,3.0,36.0,0.4,43.0,Quotsoft/Beijing-monitoring-archive,False
2019-03-31 10:00:00+08:00,天坛,9.0,29.0,2.0,19.0,0.4,64.0,Quotsoft/Beijing-monitoring-archive,False
2019-03-31 10:00:00+08:00,永定门内,21.0,26.0,6.0,22.0,0.3,73.0,Quotsoft/Beijing-monitoring-archive,False
2019-03-31 11:00:00+08:00,前门,15.0,21.0,2.0,29.0,0.3,54.0,Quotsoft/Beijing-monitoring-archive,False
2019-03-31 11:00:00+08:00,天坛,7.0,16.0,1.0,16.0,0.4,72.0,Quotsoft/Beijing-monitoring-archive,False
2019-03-31 11:00:00+08:00,永定门内,21.0,,5.0,14.0,0.2,86.0,Quotsoft/Beijing-monitoring-archive,False
2019-03-31 12:00:00+08:00,前门,8.0,19.0,2.0,25.0,0.3,58.0,Quotsoft/Beijing-monitoring-archive,False
2019-03-31 12:00:00+08:00,天坛,12.0,27.0,1.0,11.0,0.4,80.0,Quotsoft/Beijing-monitoring-archive,False
2019-03-31 12:00:00+08:00,永定门内,9.0,23.0,5.0,13.0,0.2,91.0,Quotsoft/Beijing-monitoring-archive,False
2019-03-31 13:00:00+08:00,前门,2.0,4.0,2.0,17.0,0.3,64.0,Quotsoft/Beijing-monitoring-archive,False
2019-03-31 13:00:00+08:00,天坛,12.0,,1.0,12.0,0.4,79.0,Quotsoft/Beijing-monitoring-archive,False
2019-03-31 13:00:00+08:00,永定门内,13.0,,5.0,6.0,0.2,97.0,Quotsoft/Beijing-monitoring-archive,False
2019-03-31 14:00:00+08:00,前门,15.0,20.0,2.0,15.0,0.3,66.0,Quotsoft/Beijing-monitoring-archive,False
2019-03-31 14:00:00+08:00,天坛,5.0,16.0,1.0,12.0,0.4,79.0,Quotsoft/Beijing-monitoring-archive,False
2019-03-31 14:00:00+08:00,永定门内,10.0,19.0,6.0,4.0,0.2,100.0,Quotsoft/Beijing-monitoring-archive,False
2019-03-31 15:00:00+08:00,前门,15.0,17.0,3.0,15.0,0.3,66.0,Quotsoft/Beijing-monitoring-archive,False
2019-03-31 15:00:00+08:00,天坛,10.0,21.0,1.0,14.0,0.4,78.0,Quotsoft/Beijing-monitoring-archive,False
2019-03-31 15:00:00+08:00,永定门内,20.0,,6.0,8.0,0.3,99.0,Quotsoft/Beijing-monitoring-archive,False
2019-03-31 16:00:00+08:00,前门,5.0,22.0,3.0,16.0,0.4,64.0,Quotsoft/Beijing-monitoring-archive,False
2019-03-31 16:00:00+08:00,天坛,13.0,30.0,2.0,14.0,0.4,80.0,Quotsoft/Beijing-monitoring-archive,False
2019-03-31 16:00:00+08:00,永定门内,14.0,26.0,6.0,11.0,0.2,101.0,Quotsoft/Beijing-monitoring-archive,False
2019-03-31 17:00:00+08:00,前门,12.0,34.0,2.0,20.0,0.3,62.0,Quotsoft/Beijing-monitoring-archive,False
2019-03-31 17:00:00+08:00,天坛,7.0,29.0,1.0,15.0,0.4,82.0,Quotsoft/Beijing-monitoring-archive,False
2019-03-31 17:00:00+08:00,永定门内,18.0,35.0,6.0,17.0,0.2,95.0,Quotsoft/Beijing-monitoring-archive,False
2019-03-31 18:00:00+08:00,前门,11.0,26.0,2.0,13.0,0.3,63.0,Quotsoft/Beijing-monitoring-archive,False
2019-03-31 18:00:00+08:00,天坛,13.0,44.0,3.0,18.0,0.4,73.0,Quotsoft/Beijing-monitoring-archive,False
2019-03-31 18:00:00+08:00,永定门内,16.0,50.0,5.0,11.0,0.2,89.0,Quotsoft/Beijing-monitoring-archive,False
2019-03-31 19:00:00+08:00,前门,8.0,28.0,2.0,17.0,0.3,56.0,Quotsoft/Beijing-monitoring-archive,False
2019-03-31 19:00:00+08:00,天坛,9.0,42.0,3.0,27.0,0.4,61.0,Quotsoft/Beijing-monitoring-archive,False
2019-03-31 19:00:00+08:00,永定门内,15.0,33.0,6.0,16.0,0.2,81.0,Quotsoft/Beijing-monitoring-archive,False
2019-03-31 20:00:00+08:00,前门,7.0,27.0,2.0,17.0,0.3,56.0,Quotsoft/Beijing-monitoring-archive,False
2019-03-31 20:00:00+08:00,天坛,7.0,41.0,3.0,22.0,0.4,62.0,Quotsoft/Beijing-monitoring-archive,False
2019-03-31 20:00:00+08:00,永定门内,8.0,31.0,6.0,10.0,0.2,87.0,Quotsoft/Beijing-monitoring-archive,False
2019-03-31 21:00:00+08:00,前门,16.0,25.0,2.0,16.0,0.3,56.0,Quotsoft/Beijing-monitoring-archive,False
2019-03-31 21:00:00+08:00,天坛,3.0,37.0,1.0,21.0,0.4,60.0,Quotsoft/Beijing-monitoring-archive,False
2019-03-31 21:00:00+08:00,永定门内,8.0,30.0,6.0,16.0,0.2,76.0,Quotsoft/Beijing-monitoring-archive,False
2019-03-31 22:00:00+08:00,前门,9.0,24.0,2.0,23.0,0.4,46.0,Quotsoft/Beijing-monitoring-archive,False
2019-03-31 22:00:00+08:00,天坛,11.0,36.0,3.0,33.0,0.5,42.0,Quotsoft/Beijing-monitoring-archive,False
2019-03-31 22:00:00+08:00,永定门内,9.0,34.0,5.0,35.0,0.3,51.0,Quotsoft/Beijing-monitoring-archive,False
2019-03-31 23:00:00+08:00,前门,8.0,8.0,1.0,20.0,0.3,50.0,Quotsoft/Beijing-monitoring-archive,False
2019-03-31 23:00:00+08:00,天坛,16.0,23.0,3.0,32.0,0.4,51.0,Quotsoft/Beijing-monitoring-archive,False
2019-03-31 23:00:00+08:00,永定门内,9.0,,4.0,27.0,0.3,65.0,Quotsoft/Beijing-monitoring-archive,False
